time,open,high,low,close
1767364200,6927.75,6932.50,6915.50,6918.25
1767364500,6918.25,6922.75,6913.25,6915.25
1767364800,6915.50,6920.75,6911.50,6919.50
1767365100,6919.75,6934.50,6918.00,6931.00
1767365400,6931.00,6939.25,6929.75,6932.75
1767365700,6932.75,6935.50,6930.25,6932.75
1767366000,6932.75,6939.75,6932.75,6935.25
1767366300,6935.00,6935.50,6927.50,6928.25
1767366600,6928.25,6930.50,6911.25,6913.75
1767366900,6913.50,6914.25,6904.50,6908.25
1767367200,6908.50,6908.75,6889.50,6890.50
1767367500,6890.50,6895.50,6885.00,6894.00
1767367800,6893.75,6905.75,6890.25,6904.75
1767368100,6904.75,6909.25,6899.25,6906.50
1767368400,6906.50,6915.75,6905.00,6911.25
1767368700,6911.25,6914.25,6902.50,6903.00
1767369000,6903.00,6905.00,6889.25,6899.50
1767369300,6899.25,6903.00,6880.25,6883.75
1767369600,6884.00,6885.00,6877.25,6879.75
1767369900,6879.50,6884.50,6876.00,6883.50
1767370200,6883.25,6887.75,6873.25,6887.50
1767370500,6887.50,6892.75,6881.75,6885.25
1767370800,6885.00,6892.50,6881.00,6891.25
1767371100,6891.25,6893.50,6887.00,6887.25
1767371400,6887.25,6895.25,6884.50,6893.25
1767371700,6893.25,6895.75,6887.00,6888.00
1767372000,6888.00,6889.00,6883.00,6883.25
1767372300,6883.25,6885.50,6880.25,6882.25
1767372600,6882.00,6883.75,6871.25,6874.00
1767372900,6874.25,6880.75,6873.00,6880.25
1767373200,6880.00,6882.00,6875.00,6877.25
1767373500,6877.25,6883.50,6877.25,6880.25
1767373800,6880.25,6892.75,6880.00,6892.00
1767374100,6892.25,6894.25,6890.25,6890.75
1767374400,6890.25,6893.75,6889.50,6890.75
1767374700,6890.50,6893.75,6887.75,6893.75
1767375000,6893.75,6897.25,6890.00,6891.25
1767375300,6891.25,6893.00,6886.75,6889.00
1767375600,6888.75,6891.00,6886.00,6889.00
1767375900,6889.00,6892.00,6878.50,6880.25
1767376200,6880.25,6883.75,6878.50,6882.75
1767376500,6882.50,6885.50,6878.75,6880.75
1767376800,6880.50,6884.50,6879.50,6882.25
1767377100,6882.25,6883.00,6876.25,6878.75
1767377400,6878.75,6881.75,6876.25,6877.00
1767377700,6876.75,6884.00,6875.00,6882.75
1767378000,6882.75,6886.75,6879.50,6880.25
1767378300,6880.00,6881.25,6876.75,6878.50
1767378600,6878.50,6879.75,6876.50,6877.75
1767378900,6878.00,6882.50,6876.00,6879.50
1767379200,6879.25,6880.25,6876.00,6879.75
1767379500,6880.00,6882.25,6869.25,6870.50
1767379800,6870.50,6874.50,6866.50,6873.75
1767380100,6874.00,6874.00,6869.25,6873.75
1767380400,6873.75,6879.25,6871.75,6878.75
1767380700,6878.75,6885.50,6878.50,6884.75
1767381000,6884.50,6894.25,6882.50,6892.50
1767381300,6892.50,6894.75,6889.25,6890.25
1767381600,6890.25,6897.75,6887.75,6897.75
1767381900,6897.50,6900.25,6894.50,6898.25
1767382200,6898.25,6906.00,6897.75,6904.75
1767382500,6905.00,6907.50,6901.75,6905.25
1767382800,6905.25,6908.50,6904.00,6904.50
1767383100,6904.50,6906.75,6902.50,6905.75
1767383400,6906.00,6906.25,6901.00,6904.00
1767383700,6904.00,6905.00,6898.00,6900.50
1767384000,6900.50,6905.25,6897.75,6902.75
1767384300,6902.50,6904.50,6900.25,6902.50
1767384600,6902.25,6905.75,6900.75,6901.00
1767384900,6901.00,6905.50,6899.50,6904.75
1767385200,6905.00,6906.00,6901.75,6902.25
1767385500,6902.50,6903.75,6899.00,6901.25
1767385800,6901.25,6903.00,6898.50,6899.50
1767386100,6899.25,6903.25,6899.00,6899.50
1767386400,6899.50,6899.75,6894.50,6895.25
1767386700,6895.00,6896.25,6889.25,6891.50
1767387000,6891.25,6899.25,6890.00,6893.25
1767387300,6893.00,6902.50,6890.75,6900.25
1767387600,6900.50,6905.50,6900.00,6902.00
1767387900,6902.00,6904.25,6901.75,6903.50
1767388200,6903.75,6904.25,6900.25,6903.00
1767623400,6934.25,6945.50,6932.50,6939.50
1767623700,6939.50,6941.50,6934.25,6938.50
1767624000,6938.75,6944.25,6935.25,6942.50
1767624300,6942.75,6947.75,6937.25,6940.25
1767624600,6940.25,6942.00,6933.75,6938.25
1767624900,6938.50,6942.25,6935.50,6939.75
1767625200,6939.75,6947.00,6935.00,6945.25
1767625500,6945.50,6948.75,6940.50,6945.75
1767625800,6945.75,6947.25,6941.25,6944.75
1767626100,6945.00,6948.00,6941.50,6948.00
1767626400,6947.75,6950.25,6945.50,6950.00
1767626700,6949.75,6955.25,6945.75,6954.25
1767627000,6954.00,6957.25,6953.00,6955.50
1767627300,6955.25,6955.75,6948.50,6949.50
1767627600,6949.75,6952.75,6948.50,6949.50
1767627900,6949.50,6954.00,6949.50,6952.75
1767628200,6952.50,6953.50,6949.50,6950.50
1767628500,6950.50,6955.00,6949.25,6952.25
1767628800,6952.25,6953.00,6949.00,6950.75
1767629100,6950.75,6954.50,6949.50,6954.00
1767629400,6954.25,6956.00,6952.25,6952.50
1767629700,6952.50,6954.75,6951.00,6951.50
1767630000,6951.25,6957.25,6951.25,6957.00
1767630300,6956.50,6957.75,6954.00,6955.25
1767630600,6955.00,6957.75,6953.25,6953.50
1767630900,6953.50,6958.50,6953.00,6957.50
1767631200,6957.50,6958.25,6955.25,6957.50
1767631500,6957.50,6961.75,6957.00,6961.25
1767631800,6961.50,6963.50,6959.00,6959.75
1767632100,6959.50,6960.00,6956.50,6957.75
1767632400,6958.00,6960.25,6957.75,6959.50
1767632700,6959.75,6960.00,6957.00,6957.75
1767633000,6957.50,6959.25,6956.50,6958.50
1767633300,6958.50,6959.25,6954.75,6955.75
1767633600,6955.50,6955.75,6952.75,6954.00
1767633900,6954.00,6954.25,6950.75,6952.25
1767634200,6952.25,6954.25,6950.75,6951.50
1767634500,6951.75,6955.00,6951.25,6954.25
1767634800,6954.00,6955.00,6951.75,6952.50
1767635100,6952.25,6956.75,6952.00,6955.50
1767635400,6955.50,6955.75,6951.75,6953.50
1767635700,6953.25,6955.25,6951.75,6954.50
1767636000,6954.50,6956.50,6953.50,6955.25
1767636300,6955.25,6955.50,6949.50,6952.50
1767636600,6952.50,6954.00,6952.00,6953.00
1767636900,6952.75,6952.75,6945.00,6948.75
1767637200,6949.00,6951.25,6946.50,6951.00
1767637500,6951.00,6953.25,6949.50,6952.50
1767637800,6952.50,6954.75,6951.75,6953.75
1767638100,6954.00,6954.50,6951.75,6953.75
1767638400,6953.75,6955.50,6953.50,6954.75
1767638700,6954.75,6956.75,6954.75,6955.00
1767639000,6955.00,6955.75,6953.75,6955.25
1767639300,6955.25,6955.25,6953.50,6954.25
1767639600,6954.50,6956.25,6954.00,6955.00
1767639900,6955.00,6955.00,6952.25,6953.00
1767640200,6953.00,6953.25,6950.50,6951.50
1767640500,6951.75,6952.75,6950.75,6952.00
1767640800,6952.00,6952.50,6950.50,6950.75
1767641100,6951.00,6952.50,6950.00,6950.75
1767641400,6950.75,6951.75,6950.00,6950.50
1767641700,6950.50,6950.75,6945.50,6947.00
1767642000,6947.00,6947.00,6941.25,6945.25
1767642300,6945.00,6948.75,6945.00,6946.75
1767642600,6946.50,6946.75,6944.00,6944.75
1767642900,6944.75,6947.25,6943.75,6944.50
1767643200,6944.75,6946.00,6943.50,6944.50
1767643500,6944.50,6948.75,6944.50,6948.50
1767643800,6948.50,6951.00,6948.00,6950.00
1767644100,6950.00,6951.00,6947.25,6948.25
1767644400,6948.25,6948.75,6946.25,6948.00
1767644700,6948.00,6948.75,6947.00,6948.25
1767645000,6948.00,6949.75,6946.50,6947.75
1767645300,6947.75,6949.50,6947.50,6948.50
1767645600,6948.25,6948.50,6946.00,6946.25
1767645900,6946.25,6948.75,6945.75,6946.50
1767646200,6946.75,6948.75,6941.00,6941.50
1767646500,6941.25,6946.50,6940.00,6946.00
1767646800,6946.25,6946.50,6942.50,6946.00
1767647100,6946.00,6946.25,6945.00,6945.25
1767647400,6945.25,6945.25,6943.25,6944.25
1767709800,6946.75,6954.25,6946.25,6951.25
1767710100,6951.50,6952.25,6947.50,6949.00
1767710400,6949.50,6953.00,6945.25,6952.75
1767710700,6952.75,6962.50,6952.50,6960.50
1767711000,6960.50,6967.00,6960.00,6965.50
1767711300,6965.50,6970.00,6964.50,6969.00
1767711600,6969.25,6972.25,6968.00,6969.75
1767711900,6969.75,6974.50,6969.25,6970.25
1767712200,6970.50,6975.25,6969.50,6974.75
1767712500,6974.75,6975.50,6971.00,6973.50
1767712800,6973.50,6975.25,6969.50,6973.75
1767713100,6973.75,6977.25,6973.25,6975.00
1767713400,6975.00,6975.00,6968.75,6969.50
1767713700,6969.25,6970.50,6966.00,6967.00
1767714000,6966.75,6969.50,6965.00,6965.75
1767714300,6965.75,6968.25,6963.75,6966.50
1767714600,6966.50,6967.75,6957.50,6960.00
1767714900,6960.00,6960.00,6954.50,6959.00
1767715200,6959.00,6959.00,6953.25,6954.25
1767715500,6954.00,6956.75,6950.25,6956.25
1767715800,6956.25,6958.75,6955.00,6956.00
1767716100,6956.25,6958.75,6954.75,6958.00
1767716400,6958.00,6962.75,6955.75,6961.75
1767716700,6961.50,6962.00,6956.50,6958.25
1767717000,6958.25,6961.25,6957.50,6961.25
1767717300,6961.25,6961.25,6955.50,6959.75
1767717600,6959.75,6960.00,6953.50,6955.25
1767717900,6955.00,6961.50,6954.75,6961.25
1767718200,6961.00,6963.00,6960.00,6961.00
1767718500,6960.75,6962.25,6957.25,6961.75
1767718800,6961.75,6962.25,6959.00,6961.25
1767719100,6961.50,6966.50,6961.25,6966.00
1767719400,6966.00,6967.50,6965.00,6966.00
1767719700,6966.25,6969.25,6966.00,6968.00
1767720000,6968.00,6973.00,6968.00,6971.50
1767720300,6971.75,6974.00,6971.00,6971.50
1767720600,6971.75,6975.50,6971.25,6975.50
1767720900,6975.25,6979.00,6974.75,6976.00
1767721200,6976.25,6976.75,6974.00,6975.75
1767721500,6976.00,6977.50,6974.00,6976.00
1767721800,6975.75,6978.00,6975.25,6977.00
1767722100,6977.00,6978.50,6976.25,6977.50
1767722400,6977.75,6978.00,6974.75,6975.75
1767722700,6975.75,6976.50,6973.50,6976.25
1767723000,6976.00,6977.75,6975.75,6977.50
1767723300,6977.50,6980.25,6977.25,6979.25
1767723600,6979.50,6979.75,6977.25,6978.75
1767723900,6978.50,6979.00,6976.25,6977.00
1767724200,6977.00,6978.50,6974.50,6975.50
1767724500,6975.50,6978.75,6975.50,6978.25
1767724800,6978.25,6982.75,6978.25,6981.75
1767725100,6981.75,6985.00,6981.75,6984.00
1767725400,6984.00,6985.00,6983.25,6983.75
1767725700,6983.75,6985.75,6983.25,6985.50
1767726000,6985.50,6987.00,6984.75,6985.25
1767726300,6985.50,6986.75,6985.00,6986.25
1767726600,6986.00,6989.50,6986.00,6988.75
1767726900,6989.00,6989.25,6987.50,6988.50
1767727200,6988.50,6990.00,6987.75,6989.00
1767727500,6989.25,6989.50,6987.25,6987.50
1767727800,6987.50,6989.00,6987.25,6988.50
1767728100,6988.50,6989.00,6987.00,6987.50
1767728400,6987.50,6990.00,6987.50,6989.00
1767728700,6989.00,6989.75,6988.00,6988.50
1767729000,6988.25,6988.50,6986.25,6986.50
1767729300,6986.50,6987.50,6986.25,6986.75
1767729600,6986.75,6990.25,6986.25,6989.25
1767729900,6989.25,6990.00,6987.75,6988.25
1767730200,6988.25,6989.50,6987.25,6989.00
1767730500,6988.75,6990.75,6987.75,6988.50
1767730800,6988.25,6989.00,6987.75,6988.00
1767731100,6987.75,6988.50,6987.50,6988.00
1767731400,6987.75,6988.50,6987.50,6988.25
1767731700,6988.00,6990.50,6987.25,6990.00
1767732000,6990.00,6991.25,6988.50,6989.00
1767732300,6988.75,6989.75,6988.25,6989.00
1767732600,6989.00,6991.25,6987.75,6990.50
1767732900,6990.50,6991.75,6986.25,6986.25
1767733200,6986.25,6989.25,6986.00,6987.75
1767733500,6987.75,6988.25,6986.50,6987.50
1767733800,6987.50,6988.25,6987.00,6987.00
1767796200,6989.00,6991.50,6984.00,6986.00
1767796500,6985.75,6991.50,6985.75,6991.50
1767796800,6991.50,6996.00,6989.75,6994.75
1767797100,6994.50,6998.25,6993.50,6994.00
1767797400,6994.25,6995.75,6991.00,6992.50
1767797700,6992.75,6995.75,6992.00,6992.50
1767798000,6992.50,6994.50,6983.00,6986.00
1767798300,6986.00,6990.25,6984.50,6986.75
1767798600,6986.75,6987.25,6982.00,6983.25
1767798900,6983.25,6983.50,6978.00,6979.50
1767799200,6979.50,6983.75,6977.75,6982.75
1767799500,6982.75,6986.25,6979.25,6983.50
1767799800,6983.75,6988.50,6981.00,6988.25
1767800100,6988.25,6992.25,6976.25,6984.75
1767800400,6985.00,6989.25,6982.00,6984.50
1767800700,6984.00,6991.25,6983.50,6991.00
1767801000,6991.00,6992.00,6989.50,6991.25
1767801300,6991.25,6992.75,6990.25,6992.00
1767801600,6992.00,6995.25,6991.25,6994.00
1767801900,6994.25,6994.50,6992.25,6993.00
1767802200,6993.00,6993.50,6991.00,6992.75
1767802500,6993.00,6994.25,6992.25,6993.25
1767802800,6993.00,6993.00,6990.00,6991.00
1767803100,6991.00,6991.25,6986.00,6989.25
1767803400,6989.50,6992.25,6988.50,6990.25
1767803700,6990.50,6991.75,6989.25,6991.25
1767804000,6991.25,6999.50,6991.00,6999.00
1767804300,6999.00,7001.25,6998.00,6998.75
1767804600,6998.50,7000.25,6997.25,7000.25
1767804900,7000.25,7002.50,7000.00,7002.00
1767805200,7002.00,7004.00,7001.50,7003.50
1767805500,7003.75,7006.75,7003.50,7005.50
1767805800,7005.50,7005.75,7003.25,7004.25
1767806100,7004.00,7005.00,7002.50,7004.75
1767806400,7004.75,7006.75,7004.75,7006.00
1767806700,7006.25,7006.25,7003.00,7003.50
1767807000,7003.75,7004.25,7001.00,7002.00
1767807300,7002.00,7002.75,7000.25,7002.50
1767807600,7002.75,7005.00,7001.50,7004.75
1767807900,7004.75,7005.25,7000.25,7001.00
1767808200,7000.75,7001.00,6994.75,6997.75
1767808500,6997.75,6999.25,6996.00,6997.00
1767808800,6996.75,6997.00,6994.50,6995.75
1767809100,6995.50,6997.00,6995.00,6995.75
1767809400,6995.50,6995.50,6992.75,6994.75
1767809700,6994.50,6994.75,6989.25,6991.00
1767810000,6991.00,6991.75,6988.50,6990.75
1767810300,6990.50,6991.00,6987.00,6988.25
1767810600,6988.25,6993.00,6988.00,6992.50
1767810900,6992.75,6992.75,6990.75,6992.00
1767811200,6992.00,6995.50,6992.00,6994.25
1767811500,6994.25,6996.50,6992.75,6996.50
1767811800,6996.25,6998.25,6995.75,6996.75
1767812100,6997.00,6997.50,6993.00,6995.00
1767812400,6995.25,6995.75,6992.75,6995.75
1767812700,6995.75,6995.75,6989.50,6990.50
1767813000,6990.25,6990.75,6984.00,6986.25
1767813300,6986.75,6987.25,6981.25,6986.50
1767813600,6986.25,6986.75,6983.00,6983.50
1767813900,6983.75,6984.25,6981.75,6983.50
1767814200,6983.75,6987.75,6982.75,6987.00
1767814500,6987.00,6988.50,6986.00,6987.25
1767814800,6987.25,6987.25,6983.75,6986.25
1767815100,6986.50,6987.00,6985.00,6986.00
1767815400,6986.00,6986.75,6984.00,6986.50
1767815700,6986.50,6986.50,6984.00,6984.50
1767816000,6984.25,6985.00,6982.25,6984.00
1767816300,6984.00,6984.25,6980.50,6981.00
1767816600,6981.00,6981.25,6973.75,6974.50
1767816900,6974.50,6977.75,6971.50,6977.25
1767817200,6977.50,6977.75,6972.25,6972.50
1767817500,6972.25,6973.50,6967.50,6970.25
1767817800,6970.25,6970.25,6963.50,6964.25
1767818100,6964.00,6964.00,6960.00,6960.75
1767818400,6960.50,6964.75,6959.25,6962.75
1767818700,6963.00,6964.50,6961.00,6962.75
1767819000,6963.00,6966.25,6962.75,6964.75
1767819300,6964.75,6964.75,6960.00,6962.75
1767819600,6962.75,6963.25,6960.25,6960.25
1767819900,6960.25,6960.50,6959.50,6960.00
1767820200,6959.75,6960.25,6959.00,6959.75
1767882600,6953.50,6958.50,6948.75,6949.50
1767882900,6949.50,6958.50,6949.00,6949.75
1767883200,6949.75,6953.75,6941.25,6943.50
1767883500,6943.75,6955.75,6940.00,6952.00
1767883800,6951.75,6957.50,6947.75,6953.75
1767884100,6953.75,6955.25,6947.75,6948.25
1767884400,6948.25,6952.25,6944.00,6951.00
1767884700,6951.00,6964.50,6949.50,6963.75
1767885000,6963.75,6964.00,6958.50,6962.25
1767885300,6962.50,6966.00,6960.75,6963.50
1767885600,6963.75,6965.50,6960.50,6963.25
1767885900,6963.00,6965.25,6959.75,6962.25
1767886200,6962.25,6964.50,6957.75,6960.00
1767886500,6960.00,6961.50,6952.75,6960.25
1767886800,6960.00,6965.50,6958.25,6962.75
1767887100,6962.75,6965.25,6956.00,6957.50
1767887400,6957.50,6959.25,6951.00,6951.50
1767887700,6951.25,6964.75,6950.75,6964.75
1767888000,6964.50,6966.00,6962.00,6965.25
1767888300,6965.25,6965.25,6956.25,6957.00
1767888600,6957.25,6960.50,6954.25,6955.00
1767888900,6955.00,6958.50,6952.25,6957.00
1767889200,6957.25,6961.75,6956.00,6957.50
1767889500,6957.75,6960.75,6954.75,6957.00
1767889800,6957.00,6961.25,6955.25,6957.75
1767890100,6957.75,6960.00,6950.25,6958.50
1767890400,6958.25,6963.25,6957.75,6962.25
1767890700,6962.50,6967.25,6961.75,6964.50
1767891000,6964.50,6965.25,6957.75,6959.25
1767891300,6959.25,6966.00,6958.25,6965.50
1767891600,6965.25,6966.00,6960.75,6962.25
1767891900,6962.00,6964.50,6960.25,6961.25
1767892200,6961.00,6962.25,6958.75,6961.25
1767892500,6961.25,6966.00,6960.00,6965.75
1767892800,6966.00,6966.50,6961.50,6961.75
1767893100,6961.50,6961.50,6957.50,6959.75
1767893400,6959.50,6966.25,6959.25,6965.25
1767893700,6965.00,6966.75,6964.00,6965.75
1767894000,6965.50,6968.50,6964.50,6967.00
1767894300,6967.00,6968.75,6965.50,6968.00
1767894600,6968.25,6972.50,6968.25,6971.00
1767894900,6971.00,6971.50,6966.75,6967.00
1767895200,6967.00,6968.50,6963.75,6965.00
1767895500,6964.75,6964.75,6961.00,6962.50
1767895800,6962.75,6963.00,6954.50,6955.50
1767896100,6955.25,6962.75,6954.00,6962.75
1767896400,6962.75,6963.75,6958.50,6960.25
1767896700,6960.50,6962.50,6958.75,6961.25
1767897000,6961.25,6961.75,6958.75,6959.50
1767897300,6959.25,6962.25,6958.75,6959.00
1767897600,6959.00,6961.25,6958.50,6960.50
1767897900,6960.50,6964.50,6958.75,6962.75
1767898200,6962.50,6963.25,6956.25,6956.25
1767898500,6956.25,6958.00,6953.75,6955.25
1767898800,6955.00,6959.75,6953.25,6958.25
1767899100,6958.00,6959.75,6957.00,6957.00
1767899400,6957.25,6957.50,6952.50,6953.00
1767899700,6953.50,6956.50,6949.25,6956.00
1767900000,6956.00,6960.00,6954.75,6956.00
1767900300,6956.00,6956.25,6953.75,6955.75
1767900600,6955.50,6960.00,6955.25,6956.50
1767900900,6956.50,6957.00,6953.50,6953.75
1767901200,6954.00,6955.75,6952.25,6953.50
1767901500,6953.25,6955.50,6953.00,6955.25
1767901800,6955.25,6958.00,6954.00,6955.25
1767902100,6955.25,6955.50,6952.25,6955.25
1767902400,6955.00,6957.50,6953.75,6956.25
1767902700,6956.00,6956.50,6953.75,6955.50
1767903000,6955.50,6959.75,6955.25,6959.25
1767903300,6959.25,6959.75,6956.00,6956.50
1767903600,6956.25,6959.50,6955.00,6957.50
1767903900,6957.75,6963.25,6957.75,6962.50
1767904200,6962.50,6965.50,6962.25,6965.25
1767904500,6965.50,6967.25,6961.25,6961.75
1767904800,6962.00,6963.50,6959.00,6961.00
1767905100,6960.75,6963.00,6959.75,6961.75
1767905400,6961.75,6965.50,6959.00,6964.00
1767905700,6964.00,6965.25,6960.25,6960.75
1767906000,6960.75,6965.75,6960.75,6964.00
1767906300,6964.00,6965.00,6963.00,6964.75
1767906600,6964.50,6965.00,6963.25,6964.25
1767969000,6970.50,6976.75,6968.50,6973.50
1767969300,6973.50,6987.50,6973.25,6984.00
1767969600,6983.75,6986.50,6976.25,6978.00
1767969900,6978.00,6983.25,6969.25,6974.00
1767970200,6974.00,6981.75,6970.75,6978.25
1767970500,6978.25,6980.75,6970.75,6979.00
1767970800,6979.50,6984.00,6969.75,6970.25
1767971100,6970.25,6971.25,6955.50,6960.00
1767971400,6960.00,6977.50,6958.75,6977.00
1767971700,6977.00,6980.50,6973.25,6980.00
1767972000,6980.00,6990.25,6976.50,6989.25
1767972300,6989.50,6998.50,6988.50,6996.25
1767972600,6996.25,6999.75,6991.25,6997.00
1767972900,6997.00,6998.00,6992.25,6992.25
1767973200,6992.50,6993.75,6981.00,6981.00
1767973500,6981.25,6985.75,6977.25,6979.00
1767973800,6979.00,6985.75,6978.50,6979.50
1767974100,6979.50,6984.50,6977.25,6983.75
1767974400,6983.75,6991.75,6983.75,6990.50
1767974700,6990.75,6996.50,6989.75,6995.75
1767975000,6995.75,7001.50,6993.00,6999.50
1767975300,6999.50,7000.50,6997.25,6998.75
1767975600,6999.00,7000.50,6996.25,6997.50
1767975900,6997.50,6997.75,6993.00,6993.25
1767976200,6993.25,6996.00,6990.50,6991.25
1767976500,6991.50,6996.00,6990.00,6994.75
1767976800,6994.75,6997.25,6991.50,6996.50
1767977100,6996.25,7002.25,6996.25,7001.50
1767977400,7001.75,7005.50,7001.50,7004.50
1767977700,7004.50,7005.25,7002.75,7004.00
1767978000,7003.75,7007.25,7002.00,7007.25
1767978300,7007.25,7007.75,7005.50,7006.25
1767978600,7006.25,7007.00,7003.75,7006.75
1767978900,7006.75,7007.00,7002.50,7003.00
1767979200,7003.00,7007.50,7002.75,7007.25
1767979500,7007.25,7008.75,7006.50,7007.25
1767979800,7007.25,7010.00,7006.50,7009.25
1767980100,7009.25,7009.50,7007.25,7008.00
1767980400,7008.25,7008.25,7005.00,7006.00
1767980700,7006.00,7008.00,7005.00,7006.50
1767981000,7006.50,7008.75,7004.75,7005.50
1767981300,7005.25,7007.25,7004.25,7004.50
1767981600,7004.50,7004.50,7001.25,7001.75
1767981900,7002.00,7005.00,6999.25,6999.75
1767982200,6999.75,7002.00,6999.50,7001.50
1767982500,7001.50,7003.25,7000.50,7000.75
1767982800,7001.00,7002.25,7000.00,7000.50
1767983100,7000.50,7003.75,6998.00,7003.50
1767983400,7003.50,7007.75,7003.25,7007.00
1767983700,7007.25,7012.25,7007.00,7012.00
1767984000,7012.00,7014.00,7009.75,7010.25
1767984300,7010.25,7011.50,7009.00,7011.00
1767984600,7011.00,7011.25,7009.00,7010.00
1767984900,7010.25,7011.50,7009.25,7010.00
1767985200,7010.25,7010.75,7008.25,7009.75
1767985500,7009.50,7011.75,7008.75,7011.50
1767985800,7011.25,7012.75,7009.75,7010.50
1767986100,7010.50,7013.25,7010.50,7012.25
1767986400,7012.25,7013.25,7011.75,7012.50
1767986700,7012.75,7013.25,7011.25,7012.75
1767987000,7013.00,7013.75,7012.00,7012.25
1767987300,7012.25,7013.25,7012.00,7012.50
1767987600,7012.50,7013.25,7011.75,7012.75
1767987900,7012.75,7015.75,7012.25,7014.75
1767988200,7015.00,7017.00,7014.75,7015.25
1767988500,7015.25,7015.50,7013.50,7013.50
1767988800,7013.50,7016.25,7012.75,7014.50
1767989100,7014.75,7015.50,7013.50,7013.75
1767989400,7014.00,7014.25,7012.25,7012.75
1767989700,7012.75,7014.50,7012.25,7014.00
1767990000,7014.25,7017.75,7014.00,7016.50
1767990300,7016.50,7017.50,7014.50,7014.75
1767990600,7014.75,7015.75,7014.00,7015.50
1767990900,7015.50,7015.75,7012.75,7013.00
1767991200,7013.00,7013.50,7011.00,7012.50
1767991500,7012.50,7013.50,7011.00,7011.50
1767991800,7011.25,7012.50,7008.25,7010.00
1767992100,7009.75,7010.00,7003.25,7004.75
1767992400,7004.50,7006.00,7003.75,7003.75
1767992700,7003.75,7005.50,7003.00,7004.00
1767993000,7004.00,7004.25,7002.75,7004.00
1768228200,6969.50,6985.50,6968.50,6981.75
1768228500,6981.75,6990.50,6979.25,6990.00
1768228800,6990.00,6995.50,6987.00,6990.75
1768229100,6990.75,6995.25,6988.50,6993.50
1768229400,6993.75,7000.75,6992.00,6997.75
1768229700,6997.50,7002.75,6997.25,6999.75
1768230000,7000.00,7001.50,6995.00,6996.75
1768230300,6996.75,6999.00,6995.00,6995.50
1768230600,6995.50,6998.00,6993.75,6996.50
1768230900,6996.75,6998.75,6994.25,6997.75
1768231200,6998.00,7001.75,6995.25,6999.00
1768231500,6999.25,7000.25,6997.00,6999.25
1768231800,6999.00,6999.50,6993.25,6995.00
1768232100,6994.75,6998.00,6992.75,6997.75
1768232400,6997.50,6998.50,6993.50,6997.25
1768232700,6997.50,6998.75,6994.00,6998.25
1768233000,6998.25,7002.00,6996.00,7001.25
1768233300,7001.50,7004.50,7000.25,7003.00
1768233600,7003.00,7003.25,7000.25,7002.50
1768233900,7002.75,7005.25,7002.25,7004.50
1768234200,7004.50,7008.75,7004.25,7008.75
1768234500,7008.50,7010.75,7007.50,7009.75
1768234800,7009.50,7010.75,7006.00,7008.00
1768235100,7008.25,7008.50,7005.25,7006.25
1768235400,7006.50,7008.00,7004.50,7007.50
1768235700,7007.50,7009.25,7007.00,7008.25
1768236000,7008.25,7010.00,7006.50,7007.25
1768236300,7007.25,7011.00,7006.25,7010.75
1768236600,7010.75,7011.50,7009.50,7011.00
1768236900,7011.00,7012.50,7009.25,7009.75
1768237200,7009.50,7012.25,7008.25,7010.75
1768237500,7010.75,7011.25,7007.50,7008.00
1768237800,7008.25,7010.75,7007.75,7010.00
1768238100,7010.00,7010.00,7006.50,7007.25
1768238400,7007.25,7010.25,7006.75,7008.25
1768238700,7008.00,7009.50,7007.00,7009.50
1768239000,7009.25,7009.50,7007.00,7007.50
1768239300,7007.50,7008.50,7005.50,7005.50
1768239600,7005.75,7008.75,7004.50,7008.50
1768239900,7008.25,7010.25,7008.00,7009.50
1768240200,7009.50,7011.50,7008.25,7011.25
1768240500,7011.25,7011.50,7010.25,7010.75
1768240800,7010.75,7013.50,7009.75,7013.25
1768241100,7013.50,7014.50,7012.75,7014.00
1768241400,7014.00,7014.25,7012.75,7013.25
1768241700,7013.50,7014.00,7012.25,7013.50
1768242000,7013.50,7016.00,7013.25,7015.00
1768242300,7015.25,7015.50,7013.75,7015.00
1768242600,7015.25,7015.50,7013.25,7014.25
1768242900,7014.25,7015.25,7013.25,7015.00
1768243200,7015.00,7015.75,7013.75,7015.00
1768243500,7014.75,7017.75,7014.75,7016.50
1768243800,7016.50,7018.00,7015.50,7015.50
1768244100,7015.75,7016.50,7015.25,7016.25
1768244400,7016.25,7016.25,7014.00,7014.25
1768244700,7014.25,7016.50,7013.50,7016.50
1768245000,7016.25,7017.00,7016.00,7016.75
1768245300,7016.75,7018.75,7016.25,7017.75
1768245600,7017.50,7018.75,7017.00,7017.75
1768245900,7017.75,7018.25,7016.75,7017.25
1768246200,7017.25,7022.75,7017.00,7021.00
1768246500,7021.00,7021.00,7019.25,7020.00
1768246800,7020.00,7021.00,7019.25,7020.50
1768247100,7020.50,7022.25,7020.25,7022.25
1768247400,7022.25,7023.50,7021.50,7023.00
1768247700,7022.75,7024.50,7022.25,7023.75
1768248000,7024.00,7025.25,7022.00,7022.50
1768248300,7022.50,7023.75,7022.00,7022.75
1768248600,7022.50,7023.00,7019.50,7020.25
1768248900,7020.25,7020.75,7018.25,7019.25
1768249200,7019.00,7019.50,7016.00,7017.00
1768249500,7016.75,7018.50,7016.50,7017.50
1768249800,7017.50,7018.75,7016.50,7018.25
1768250100,7018.00,7018.00,7016.50,7017.50
1768250400,7017.25,7018.00,7016.00,7017.75
1768250700,7017.50,7020.00,7017.00,7019.50
1768251000,7019.50,7022.00,7015.75,7020.75
1768251300,7020.50,7020.50,7015.75,7016.00
1768251600,7016.00,7017.25,7015.25,7016.00
1768251900,7016.25,7017.50,7015.25,7016.25
1768252200,7016.00,7017.00,7015.00,7016.50
1768314600,7018.50,7022.25,7016.00,7021.75
1768314900,7021.75,7023.75,7016.75,7021.00
1768315200,7021.25,7024.25,7012.00,7014.25
1768315500,7014.25,7015.00,7007.50,7011.00
1768315800,7010.75,7014.00,7005.50,7007.00
1768316100,7007.00,7012.50,7005.00,7005.50
1768316400,7005.25,7008.25,6994.25,7000.50
1768316700,7000.75,7005.00,6997.50,6998.00
1768317000,6998.00,6999.50,6995.25,6997.50
1768317300,6997.50,6997.50,6989.75,6994.00
1768317600,6994.00,6994.50,6985.25,6987.00
1768317900,6987.00,6990.25,6983.25,6990.00
1768318200,6989.75,6997.00,6988.00,6994.25
1768318500,6994.00,7000.50,6992.50,6994.50
1768318800,6994.75,6996.75,6992.25,6993.50
1768319100,6993.50,6996.75,6988.75,6989.75
1768319400,6989.50,6999.25,6989.00,6999.00
1768319700,6999.00,7003.25,6997.50,7000.25
1768320000,7000.25,7002.00,6998.25,6999.50
1768320300,6999.75,7002.50,6997.75,7001.00
1768320600,7000.75,7002.75,6999.50,7001.25
1768320900,7001.25,7005.75,7001.00,7002.75
1768321200,7002.75,7003.75,6999.25,7000.50
1768321500,7000.25,7000.50,6986.50,6997.75
1768321800,6997.50,7004.25,6995.25,7003.50
1768322100,7003.75,7005.25,7000.50,7004.50
1768322400,7004.75,7011.25,7003.25,7008.75
1768322700,7008.75,7010.75,7006.50,7010.50
1768323000,7010.25,7014.25,7010.25,7013.75
1768323300,7013.75,7015.25,7011.75,7012.50
1768323600,7012.25,7014.25,7010.50,7013.75
1768323900,7013.75,7014.50,7009.75,7010.00
1768324200,7010.00,7012.50,7009.00,7012.00
1768324500,7012.25,7012.75,7002.25,7005.50
1768324800,7005.50,7011.50,7004.25,7010.50
1768325100,7010.25,7010.50,7005.25,7008.75
1768325400,7008.75,7010.50,6997.50,7008.25
1768325700,7008.00,7008.75,7004.25,7004.50
1768326000,7004.25,7005.25,6999.00,7000.00
1768326300,7000.00,7003.00,6998.00,7002.50
1768326600,7002.50,7004.00,6994.50,6996.75
1768326900,6997.00,6997.00,6988.25,6992.25
1768327200,6992.00,6992.75,6987.00,6988.50
1768327500,6988.75,6994.75,6988.50,6990.25
1768327800,6990.00,6996.75,6988.00,6996.50
1768328100,6996.50,6997.75,6994.00,6994.50
1768328400,6994.75,6995.00,6989.50,6992.00
1768328700,6992.00,6994.50,6990.25,6992.00
1768329000,6992.00,6997.25,6990.25,6996.25
1768329300,6995.75,6999.50,6995.75,6998.75
1768329600,6998.75,6999.25,6993.50,6994.00
1768329900,6994.25,6996.75,6992.00,6993.25
1768330200,6993.25,6993.25,6988.25,6992.75
1768330500,6992.50,6993.75,6988.50,6990.75
1768330800,6991.00,6993.50,6986.25,6987.25
1768331100,6987.50,6990.25,6985.50,6986.25
1768331400,6986.00,6988.50,6985.00,6986.25
1768331700,6986.50,6993.50,6986.00,6990.50
1768332000,6990.25,6994.00,6988.75,6990.50
1768332300,6990.50,6993.50,6988.00,6993.00
1768332600,6992.75,6994.50,6991.25,6991.50
1768332900,6991.50,6993.00,6990.00,6992.00
1768333200,6992.00,6994.25,6991.25,6991.50
1768333500,6991.75,6992.00,6988.50,6990.50
1768333800,6990.25,6993.75,6990.25,6993.25
1768334100,6993.25,6995.25,6991.00,6992.25
1768334400,6992.25,6992.50,6988.50,6990.00
1768334700,6990.00,6991.75,6988.75,6989.50
1768335000,6989.50,6989.50,6986.25,6986.75
1768335300,6987.00,6989.00,6986.50,6988.25
1768335600,6988.25,6988.50,6984.25,6986.75
1768335900,6986.75,6987.00,6982.50,6983.25
1768336200,6983.25,6984.00,6976.75,6979.25
1768336500,6979.00,6983.25,6977.00,6983.25
1768336800,6983.25,6986.50,6983.25,6986.25
1768337100,6986.25,6988.50,6983.75,6987.25
1768337400,6987.50,6998.00,6985.50,6997.75
1768337700,6998.00,7003.00,6995.75,7000.75
1768338000,7001.00,7004.25,7001.00,7001.75
1768338300,7001.75,7002.75,7000.75,7000.75
1768338600,7001.00,7001.75,7000.00,7000.75
1768401000,6972.25,6979.25,6960.50,6978.00
1768401300,6978.00,6979.50,6965.25,6968.00
1768401600,6968.25,6972.50,6956.00,6957.50
1768401900,6957.25,6967.00,6952.75,6963.50
1768402200,6963.25,6963.75,6954.75,6959.25
1768402500,6959.00,6959.25,6945.50,6948.75
1768402800,6949.00,6949.25,6938.00,6945.00
1768403100,6944.75,6951.50,6942.25,6951.00
1768403400,6951.25,6968.50,6946.25,6968.25
1768403700,6968.00,6970.75,6962.00,6964.00
1768404000,6964.00,6966.50,6958.00,6960.75
1768404300,6961.00,6962.25,6949.25,6949.50
1768404600,6949.50,6949.75,6941.25,6943.25
1768404900,6943.25,6949.75,6941.00,6949.25
1768405200,6949.50,6952.50,6938.50,6940.25
1768405500,6940.00,6942.25,6927.50,6928.25
1768405800,6928.25,6932.50,6926.75,6932.50
1768406100,6932.25,6937.00,6931.75,6933.25
1768406400,6933.50,6938.00,6932.50,6937.75
1768406700,6937.75,6938.50,6931.75,6933.75
1768407000,6933.75,6937.75,6931.25,6936.00
1768407300,6936.00,6939.25,6934.50,6939.00
1768407600,6938.75,6951.00,6938.75,6950.25
1768407900,6950.50,6955.75,6948.50,6953.75
1768408200,6954.00,6957.00,6948.25,6950.25
1768408500,6950.25,6950.25,6942.25,6946.25
1768408800,6946.00,6946.00,6937.00,6937.25
1768409100,6937.25,6937.25,6929.50,6931.00
1768409400,6930.75,6930.75,6924.00,6926.50
1768409700,6926.25,6928.75,6923.00,6928.00
1768410000,6927.75,6933.25,6925.25,6928.00
1768410300,6927.75,6935.25,6927.25,6935.00
1768410600,6934.75,6935.50,6931.50,6934.25
1768410900,6934.25,6934.25,6923.75,6927.50
1768411200,6927.75,6930.75,6924.25,6930.50
1768411500,6930.50,6935.25,6929.25,6933.25
1768411800,6933.25,6933.25,6924.25,6925.00
1768412100,6925.25,6930.00,6924.75,6927.75
1768412400,6927.75,6931.50,6927.25,6931.25
1768412700,6931.00,6936.75,6930.75,6934.00
1768413000,6934.00,6934.00,6923.75,6927.25
1768413300,6927.25,6929.25,6924.75,6928.25
1768413600,6928.00,6934.25,6927.00,6933.25
1768413900,6933.50,6934.50,6930.75,6933.50
1768414200,6933.25,6936.75,6930.50,6935.50
1768414500,6935.25,6936.25,6930.75,6933.00
1768414800,6933.00,6936.25,6932.50,6933.75
1768415100,6933.75,6938.50,6931.25,6938.00
1768415400,6938.00,6940.50,6928.25,6930.00
1768415700,6930.00,6931.50,6924.50,6926.50
1768416000,6926.50,6931.25,6926.25,6931.00
1768416300,6931.00,6935.75,6929.75,6933.00
1768416600,6933.00,6942.25,6932.75,6940.25
1768416900,6940.25,6944.75,6938.00,6943.00
1768417200,6943.25,6944.50,6940.25,6941.50
1768417500,6941.50,6942.25,6938.50,6940.50
1768417800,6940.50,6943.00,6938.25,6942.50
1768418100,6942.00,6944.00,6939.75,6943.50
1768418400,6943.75,6945.50,6941.00,6943.50
1768418700,6943.25,6944.75,6940.75,6943.50
1768419000,6943.75,6946.00,6941.50,6942.25
1768419300,6942.25,6945.00,6939.75,6944.50
1768419600,6944.50,6946.25,6942.50,6943.75
1768419900,6943.75,6946.50,6942.25,6945.25
1768420200,6945.00,6948.50,6944.00,6944.50
1768420500,6944.75,6945.75,6941.75,6943.25
1768420800,6943.00,6949.75,6935.50,6946.25
1768421100,6946.50,6959.75,6945.75,6954.50
1768421400,6954.75,6957.75,6949.75,6950.25
1768421700,6950.25,6951.50,6944.50,6949.00
1768422000,6949.00,6952.50,6946.00,6952.00
1768422300,6952.00,6954.75,6949.25,6954.25
1768422600,6954.50,6965.00,6954.00,6962.25
1768422900,6962.25,6967.75,6961.50,6965.00
1768423200,6965.00,6967.00,6954.00,6954.50
1768423500,6954.50,6955.75,6949.50,6950.00
1768423800,6950.00,6960.75,6949.25,6960.00
1768424100,6960.00,6970.00,6959.50,6968.00
1768424400,6968.25,6970.75,6966.00,6968.25
1768424700,6968.00,6968.50,6961.50,6961.75
1768425000,6961.50,6964.75,6960.75,6964.50
1768487400,7009.00,7009.75,7002.50,7005.75
1768487700,7006.00,7007.25,7000.00,7003.50
1768488000,7003.25,7007.75,6998.00,7003.50
1768488300,7003.50,7008.50,7000.75,7005.25
1768488600,7005.25,7005.50,6994.50,7002.75
1768488900,7003.00,7005.50,6998.75,6998.75
1768489200,6999.00,7003.25,6997.75,6999.25
1768489500,6999.25,7001.75,6995.25,7001.75
1768489800,7001.75,7004.75,6997.75,7002.50
1768490100,7002.75,7006.00,6999.25,7003.00
1768490400,7003.25,7010.00,7001.00,7007.25
1768490700,7007.25,7008.00,6998.75,7002.25
1768491000,7002.25,7009.00,7001.50,7008.50
1768491300,7008.75,7012.00,7006.50,7009.25
1768491600,7009.25,7011.00,7001.25,7001.75
1768491900,7001.50,7003.25,6994.75,6995.00
1768492200,6995.25,6998.75,6992.25,6996.50
1768492500,6996.50,7008.50,6993.00,7007.25
1768492800,7007.25,7011.75,7006.00,7011.00
1768493100,7011.00,7011.25,7007.00,7009.50
1768493400,7009.50,7009.50,7006.00,7007.50
1768493700,7007.75,7012.50,7006.25,7011.50
1768494000,7011.50,7014.75,7009.00,7013.50
1768494300,7013.50,7013.50,7008.25,7011.00
1768494600,7010.75,7013.00,7008.25,7008.50
1768494900,7008.75,7012.25,7007.50,7011.50
1768495200,7011.75,7013.25,7010.00,7012.50
1768495500,7012.50,7014.75,7010.00,7014.00
1768495800,7014.00,7016.25,7012.00,7013.75
1768496100,7013.50,7014.25,7011.50,7013.00
1768496400,7012.75,7017.25,7011.50,7016.50
1768496700,7016.50,7017.25,7014.75,7016.25
1768497000,7016.25,7016.25,7012.25,7012.75
1768497300,7012.75,7013.50,7009.50,7013.25
1768497600,7013.25,7013.75,7010.50,7011.00
1768497900,7011.00,7011.75,7006.50,7007.25
1768498200,7007.00,7009.25,7004.50,7006.50
1768498500,7006.50,7008.50,7004.25,7007.25
1768498800,7007.50,7010.00,7006.50,7010.00
1768499100,7010.00,7012.75,7008.00,7008.75
1768499400,7008.75,7010.50,7006.25,7006.75
1768499700,7006.75,7007.50,7001.50,7002.50
1768500000,7002.25,7008.00,7001.25,7008.00
1768500300,7008.00,7010.50,7006.25,7009.75
1768500600,7009.75,7010.75,7006.50,7008.25
1768500900,7008.50,7008.75,7006.25,7008.25
1768501200,7008.50,7010.75,7008.00,7010.00
1768501500,7010.00,7011.75,7008.25,7011.50
1768501800,7011.25,7014.25,7011.00,7013.50
1768502100,7013.25,7015.25,7010.50,7011.75
1768502400,7012.00,7013.25,7010.75,7012.50
1768502700,7012.50,7013.25,7010.75,7011.00
1768503000,7010.75,7011.75,7008.75,7010.25
1768503300,7010.25,7011.00,7009.00,7009.50
1768503600,7009.50,7009.50,7003.00,7004.25
1768503900,7004.25,7007.50,7000.25,7007.00
1768504200,7007.25,7009.00,7004.50,7006.25
1768504500,7006.00,7007.50,7003.75,7005.00
1768504800,7005.00,7006.25,7002.25,7004.00
1768505100,7004.00,7004.25,6997.25,6998.50
1768505400,6998.25,6998.50,6988.50,6994.50
1768505700,6994.50,6997.00,6992.00,6996.50
1768506000,6996.25,6999.75,6994.75,6996.00
1768506300,6996.00,6997.25,6993.50,6996.50
1768506600,6996.50,6998.50,6993.50,6994.00
1768506900,6994.00,6994.00,6988.00,6989.75
1768507200,6989.75,6992.25,6985.75,6990.50
1768507500,6990.75,6992.75,6988.25,6989.25
1768507800,6989.00,6991.00,6986.25,6986.50
1768508100,6986.50,6987.25,6978.75,6979.00
1768508400,6978.75,6982.25,6974.75,6978.75
1768508700,6978.75,6981.00,6976.00,6980.25
1768509000,6980.25,6981.75,6976.75,6980.75
1768509300,6980.75,6984.75,6976.00,6979.25
1768509600,6979.00,6982.50,6977.50,6978.75
1768509900,6978.75,6980.50,6975.75,6976.75
1768510200,6976.75,6981.75,6975.00,6981.75
1768510500,6981.75,6985.00,6977.75,6984.75
1768510800,6984.75,6986.50,6983.25,6984.75
1768511100,6984.75,6985.50,6983.75,6984.25
1768511400,6984.50,6985.00,6981.00,6981.50
1768573800,6996.50,7002.00,6992.25,6998.75
1768574100,6999.00,7001.75,6995.75,6997.00
1768574400,6997.00,6997.75,6990.25,6990.50
1768574700,6990.75,6998.00,6990.75,6993.25
1768575000,6993.50,6994.50,6986.50,6988.00
1768575300,6988.25,6988.25,6978.75,6979.00
1768575600,6979.00,6983.50,6975.25,6980.50
1768575900,6980.50,6987.75,6980.50,6986.50
1768576200,6986.75,6987.75,6981.00,6982.50
1768576500,6982.25,6984.50,6974.50,6975.75
1768576800,6975.75,6985.50,6975.50,6985.25
1768577100,6985.25,6985.25,6975.50,6976.25
1768577400,6976.00,6977.00,6969.25,6970.50
1768577700,6970.25,6971.00,6965.50,6966.75
1768578000,6966.75,6966.75,6960.50,6966.25
1768578300,6966.50,6971.50,6963.75,6971.25
1768578600,6971.00,6973.50,6967.50,6973.25
1768578900,6973.00,6978.50,6971.50,6978.25
1768579200,6978.25,6981.00,6975.00,6976.75
1768579500,6976.75,6984.50,6976.00,6984.00
1768579800,6984.25,6986.75,6980.50,6982.50
1768580100,6983.00,6984.75,6981.25,6984.25
1768580400,6984.25,6988.50,6984.00,6984.75
1768580700,6985.00,6988.25,6982.50,6987.25
1768581000,6987.50,6991.00,6986.75,6987.25
1768581300,6987.25,6991.00,6987.00,6989.50
1768581600,6989.50,6992.50,6988.50,6991.75
1768581900,6992.00,6995.00,6989.75,6991.00
1768582200,6991.25,6994.50,6988.75,6988.75
1768582500,6989.00,6989.00,6981.50,6987.00
1768582800,6986.75,6987.50,6984.75,6986.75
1768583100,6986.50,6989.75,6985.00,6986.00
1768583400,6986.00,6988.50,6985.50,6987.50
1768583700,6987.50,6989.50,6986.00,6987.50
1768584000,6987.25,6990.00,6986.75,6987.25
1768584300,6987.00,6987.75,6984.25,6985.50
1768584600,6985.00,6987.25,6982.50,6986.75
1768584900,6986.75,6989.25,6985.50,6986.25
1768585200,6986.00,6987.50,6984.50,6987.00
1768585500,6987.00,6987.00,6981.75,6983.00
1768585800,6982.75,6984.25,6980.75,6983.00
1768586100,6983.25,6985.00,6979.00,6979.25
1768586400,6979.25,6984.25,6978.00,6983.25
1768586700,6983.50,6987.25,6982.75,6987.00
1768587000,6987.00,6987.50,6984.50,6985.50
1768587300,6985.75,6990.25,6985.75,6990.00
1768587600,6990.00,6991.50,6988.75,6991.25
1768587900,6991.25,6992.00,6989.25,6990.25
1768588200,6990.00,6992.75,6989.75,6992.25
1768588500,6992.00,6992.25,6989.50,6989.75
1768588800,6989.75,6990.75,6987.75,6988.75
1768589100,6989.00,6990.25,6987.25,6988.25
1768589400,6988.25,6989.00,6986.25,6987.75
1768589700,6987.75,6988.25,6986.00,6986.75
1768590000,6986.75,6995.00,6986.50,6994.50
1768590300,6994.75,6997.50,6992.75,6993.50
1768590600,6993.75,6993.75,6985.00,6985.75
1768590900,6985.75,6987.25,6980.75,6981.75
1768591200,6981.75,6984.75,6980.75,6983.50
1768591500,6983.50,6983.50,6980.00,6980.75
1768591800,6981.00,6986.25,6980.50,6984.75
1768592100,6984.75,6989.75,6983.50,6987.25
1768592400,6987.50,6990.50,6986.75,6987.50
1768592700,6987.75,6989.50,6987.50,6988.50
1768593000,6988.25,6990.25,6987.25,6989.50
1768593300,6989.50,6989.75,6986.25,6987.00
1768593600,6987.00,6988.25,6985.25,6987.00
1768593900,6986.75,6988.00,6985.25,6987.25
1768594200,6987.25,6989.00,6986.50,6988.25
1768594500,6988.25,6988.50,6985.25,6986.25
1768594800,6986.25,6987.50,6985.25,6985.75
1768595100,6985.50,6986.00,6982.00,6982.00
1768595400,6982.00,6982.75,6978.25,6980.75
1768595700,6980.75,6985.00,6979.75,6983.50
1768596000,6983.50,6983.75,6980.75,6981.00
1768596300,6980.75,6981.25,6976.75,6980.25
1768596600,6980.25,6985.50,6978.50,6984.00
1768596900,6984.00,6984.00,6975.00,6976.50
1768597200,6976.50,6980.25,6976.00,6977.25
1768597500,6977.25,6978.50,6975.00,6975.50
1768597800,6975.50,6976.50,6973.50,6976.00
1768833000,6896.50,6897.25,6892.25,6894.00
1768833300,6893.75,6894.00,6889.25,6890.75
1768833600,6890.50,6892.25,6888.25,6889.25
1768833900,6889.00,6893.00,6887.25,6892.50
1768834200,6892.50,6896.25,6891.75,6895.50
1768834500,6895.75,6900.00,6895.00,6900.00
1768834800,6899.75,6903.25,6899.00,6902.75
1768835100,6902.75,6904.50,6900.00,6900.75
1768835400,6900.75,6902.25,6900.00,6901.50
1768835700,6901.50,6902.00,6897.50,6898.75
1768836000,6898.50,6900.00,6895.25,6897.25
1768836300,6897.25,6901.75,6897.00,6899.50
1768836600,6899.50,6902.00,6898.00,6901.75
1768836900,6902.00,6902.25,6896.00,6899.25
1768837200,6899.00,6901.75,6898.50,6901.00
1768837500,6901.00,6902.75,6900.75,6902.00
1768837800,6902.25,6903.25,6899.00,6901.00
1768838100,6901.00,6902.25,6896.75,6902.00
1768838400,6902.25,6905.25,6900.75,6904.50
1768838700,6904.75,6908.00,6904.50,6907.75
1768839000,6907.50,6912.00,6907.50,6911.75
1768839300,6912.00,6912.50,6909.25,6909.50
1768839600,6909.75,6910.75,6904.50,6904.75
1768839900,6904.75,6904.75,6900.00,6902.00
1768840200,6902.00,6905.50,6901.75,6905.25
1768840500,6905.00,6909.50,6903.50,6908.50
1768840800,6908.25,6908.50,6906.25,6908.00
1768841100,6908.00,6910.75,6908.00,6909.00
1768841400,6908.75,6911.00,6908.50,6910.00
1768841700,6910.00,6911.00,6909.25,6910.25
1768842000,6910.00,6911.25,6908.25,6911.25
1768842300,6911.00,6914.75,6911.00,6913.00
1768842600,6913.25,6913.75,6911.25,6911.75
1768842900,6911.75,6912.25,6910.50,6911.00
1768843200,6910.75,6915.00,6910.75,6915.00
1768843500,6914.75,6916.25,6914.50,6916.25
1768843800,6916.25,6917.00,6915.25,6915.25
1768844100,6915.50,6915.75,6913.00,6913.75
1768844400,6914.00,6915.75,6913.00,6915.50
1768844700,6915.50,6916.50,6912.25,6913.00
1768845000,6913.00,6914.25,6912.50,6913.50
1768845300,6914.00,6915.75,6912.50,6913.25
1768919400,6871.75,6884.25,6869.00,6883.50
1768919700,6883.75,6886.50,6875.75,6881.75
1768920000,6882.00,6889.75,6873.00,6888.75
1768920300,6889.00,6889.00,6875.00,6880.25
1768920600,6879.75,6890.50,6877.50,6880.50
1768920900,6880.25,6886.25,6876.00,6878.50
1768921200,6878.25,6879.75,6866.75,6875.75
1768921500,6875.50,6880.00,6866.25,6867.75
1768921800,6868.00,6874.00,6865.50,6873.25
1768922100,6873.50,6877.50,6868.50,6869.50
1768922400,6869.25,6890.75,6868.50,6887.50
1768922700,6887.25,6897.00,6887.25,6895.50
1768923000,6895.50,6903.25,6893.50,6902.25
1768923300,6902.00,6903.25,6895.50,6898.00
1768923600,6897.75,6905.00,6896.50,6899.75
1768923900,6899.75,6900.75,6893.00,6894.00
1768924200,6894.00,6894.00,6888.25,6889.75
1768924500,6889.75,6896.00,6886.25,6895.00
1768924800,6895.25,6899.25,6890.50,6891.75
1768925100,6891.50,6895.25,6886.25,6894.75
1768925400,6894.75,6903.00,6894.50,6896.50
1768925700,6896.25,6897.25,6891.75,6894.00
1768926000,6894.00,6896.75,6886.75,6887.00
1768926300,6886.75,6896.25,6882.50,6895.50
1768926600,6895.50,6896.00,6889.75,6895.50
1768926900,6895.50,6900.00,6893.75,6900.00
1768927200,6900.00,6901.00,6886.00,6886.75
1768927500,6886.75,6890.25,6883.50,6890.00
1768927800,6890.00,6895.00,6880.25,6882.00
1768928100,6882.00,6896.00,6880.75,6894.00
1768928400,6894.00,6896.50,6890.50,6891.00
1768928700,6891.00,6893.75,6886.00,6886.25
1768929000,6886.25,6890.25,6882.75,6887.25
1768929300,6887.00,6889.25,6883.00,6884.25
1768929600,6884.25,6884.75,6879.00,6879.50
1768929900,6879.75,6883.00,6878.00,6881.00
1768930200,6880.75,6880.75,6871.75,6872.75
1768930500,6872.75,6877.25,6870.25,6873.75
1768930800,6874.00,6879.00,6869.75,6870.25
1768931100,6870.00,6870.25,6862.75,6863.75
1768931400,6863.75,6868.50,6861.00,6866.50
1768931700,6866.25,6869.25,6864.25,6867.25
1768932000,6867.25,6871.75,6865.75,6866.50
1768932300,6866.50,6869.50,6865.25,6865.50
1768932600,6865.50,6871.75,6865.00,6868.00
1768932900,6868.00,6868.25,6863.25,6865.25
1768933200,6865.25,6865.25,6860.25,6860.75
1768933500,6860.50,6862.75,6858.75,6859.50
1768933800,6859.25,6861.00,6854.00,6854.75
1768934100,6854.75,6857.25,6850.00,6850.75
1768934400,6850.75,6852.50,6847.00,6847.75
1768934700,6847.50,6849.25,6845.00,6845.00
1768935000,6845.25,6845.50,6836.50,6837.50
1768935300,6837.50,6848.75,6837.50,6843.75
1768935600,6843.50,6849.25,6843.00,6843.75
1768935900,6843.75,6846.75,6841.50,6842.50
1768936200,6842.25,6844.00,6837.50,6841.00
1768936500,6841.00,6841.00,6835.25,6837.75
1768936800,6837.50,6839.50,6834.00,6837.50
1768937100,6837.25,6837.50,6833.25,6837.00
1768937400,6836.50,6837.00,6828.75,6831.25
1768937700,6831.25,6838.50,6829.75,6837.00
1768938000,6837.25,6841.25,6833.50,6834.75
1768938300,6834.50,6836.25,6832.50,6834.75
1768938600,6834.75,6837.75,6831.75,6837.25
1768938900,6837.25,6838.50,6831.75,6834.75
1768939200,6834.75,6834.75,6830.50,6832.50
1768939500,6832.25,6834.75,6830.00,6830.75
1768939800,6830.75,6835.00,6825.75,6826.50
1768940100,6826.75,6838.25,6826.00,6832.25
1768940400,6832.00,6832.00,6825.25,6828.00
1768940700,6828.25,6834.25,6827.00,6830.25
1768941000,6830.50,6833.75,6827.50,6830.75
1768941300,6830.75,6832.75,6825.25,6826.75
1768941600,6826.50,6828.75,6822.75,6826.25
1768941900,6826.50,6829.75,6825.25,6827.75
1768942200,6827.75,6831.00,6822.50,6825.00
1768942500,6824.75,6834.25,6822.50,6833.50
1768942800,6833.50,6834.75,6829.25,6834.75
1768943100,6834.75,6835.25,6832.75,6834.75
1768943400,6835.00,6840.50,6834.75,6839.50
1769005800,6853.00,6861.00,6847.25,6851.50
1769006100,6851.75,6863.50,6848.75,6857.25
1769006400,6857.50,6858.75,6845.50,6856.00
1769006700,6856.25,6869.00,6856.25,6867.75
1769007000,6867.75,6873.75,6865.00,6872.50
1769007300,6872.25,6883.25,6871.25,6881.25
1769007600,6881.00,6884.50,6878.75,6879.00
1769007900,6879.25,6884.75,6877.25,6877.75
1769008200,6878.00,6880.75,6872.75,6879.50
1769008500,6879.50,6891.00,6879.50,6884.25
1769008800,6884.00,6886.00,6876.75,6884.00
1769009100,6884.25,6888.00,6879.00,6887.00
1769009400,6887.00,6896.75,6886.25,6894.50
1769009700,6894.75,6902.00,6894.25,6897.75
1769010000,6898.00,6903.00,6897.25,6901.75
1769010300,6902.00,6908.00,6901.75,6904.25
1769010600,6904.50,6908.25,6903.50,6908.00
1769010900,6908.00,6908.75,6903.75,6904.75
1769011200,6904.75,6905.50,6901.25,6901.50
1769011500,6901.25,6903.75,6897.75,6898.75
1769011800,6899.00,6905.75,6897.75,6899.00
1769012100,6899.25,6903.50,6897.50,6898.25
1769012400,6898.50,6900.00,6895.50,6898.50
1769012700,6898.50,6902.75,6895.25,6899.75
1769013000,6899.75,6900.50,6891.25,6892.75
1769013300,6893.00,6893.25,6874.50,6875.50
1769013600,6875.25,6878.25,6868.25,6869.00
1769013900,6869.00,6876.00,6866.00,6873.00
1769014200,6873.00,6874.75,6863.25,6865.25
1769014500,6865.00,6866.00,6855.50,6857.00
1769014800,6857.00,6864.00,6855.25,6856.00
1769015100,6856.00,6857.75,6849.00,6851.50
1769015400,6851.50,6855.00,6837.75,6840.00
1769015700,6840.00,6853.50,6837.25,6849.50
1769016000,6849.25,6858.75,6846.25,6857.00
1769016300,6857.00,6859.75,6850.25,6855.00
1769016600,6854.75,6855.25,6846.50,6850.50
1769016900,6850.25,6855.50,6846.25,6853.00
1769017200,6852.75,6856.75,6849.25,6849.25
1769017500,6849.00,6853.75,6846.25,6852.75
1769017800,6852.50,6863.50,6849.75,6862.25
1769018100,6862.25,6866.25,6858.00,6862.75
1769018400,6862.50,6864.50,6842.50,6844.75
1769018700,6844.75,6852.75,6844.75,6851.25
1769019000,6851.25,6864.25,6850.75,6858.50
1769019300,6858.75,6861.00,6855.50,6856.25
1769019600,6856.00,6859.00,6851.50,6853.00
1769019900,6853.25,6864.25,6851.75,6862.25
1769020200,6862.25,6865.00,6860.00,6863.25
1769020500,6863.25,6865.25,6854.00,6859.50
1769020800,6859.75,6861.00,6855.50,6857.00
1769021100,6857.00,6868.50,6853.50,6867.75
1769021400,6867.75,6871.75,6866.25,6867.50
1769021700,6867.25,6868.00,6861.25,6866.25
1769022000,6866.25,6869.00,6860.75,6861.75
1769022300,6861.50,6862.75,6855.75,6859.00
1769022600,6859.00,6863.75,6857.00,6857.25
1769022900,6857.25,6862.00,6855.00,6860.25
1769023200,6860.25,6866.00,6857.00,6865.00
1769023500,6865.00,6907.50,6860.25,6901.50
1769023800,6901.25,6912.25,6900.75,6911.75
1769024100,6911.75,6924.75,6910.25,6921.75
1769024400,6921.50,6933.00,6917.00,6930.00
1769024700,6930.00,6940.50,6930.00,6940.00
1769025000,6940.00,6945.00,6929.00,6934.75
1769025300,6934.50,6942.75,6932.75,6942.25
1769025600,6942.25,6945.25,6934.00,6934.75
1769025900,6935.00,6936.75,6926.75,6931.25
1769026200,6931.00,6933.50,6927.25,6928.50
1769026500,6928.50,6930.00,6918.75,6920.25
1769026800,6920.50,6924.25,6917.00,6919.25
1769027100,6919.25,6919.50,6910.00,6910.75
1769027400,6910.50,6916.50,6904.25,6914.75
1769027700,6914.50,6918.75,6914.25,6915.00
1769028000,6915.00,6918.00,6910.25,6911.50
1769028300,6911.25,6913.50,6908.50,6912.25
1769028600,6912.25,6912.50,6903.25,6910.50
1769028900,6910.50,6913.00,6905.50,6910.75
1769029200,6910.75,6915.00,6910.00,6914.25
1769029500,6914.25,6916.25,6912.50,6914.50
1769029800,6914.25,6919.50,6912.50,6918.25
1769092200,6956.00,6960.75,6951.75,6956.50
1769092500,6956.50,6962.50,6952.00,6960.75
1769092800,6960.75,6963.75,6946.25,6951.00
1769093100,6951.00,6952.50,6933.00,6935.50
1769093400,6935.50,6944.25,6933.25,6941.50
1769093700,6941.50,6943.00,6930.25,6935.50
1769094000,6935.75,6941.00,6926.25,6930.00
1769094300,6929.75,6932.00,6925.50,6929.75
1769094600,6930.00,6935.00,6927.25,6930.00
1769094900,6930.00,6936.25,6927.50,6933.25
1769095200,6933.25,6942.00,6930.25,6930.75
1769095500,6930.50,6942.75,6929.00,6940.75
1769095800,6941.00,6946.00,6936.75,6945.25
1769096100,6945.00,6948.00,6943.25,6946.50
1769096400,6946.75,6949.25,6942.75,6949.00
1769096700,6949.00,6951.75,6947.75,6948.50
1769097000,6948.50,6948.75,6944.00,6945.25
1769097300,6945.25,6947.00,6941.75,6943.00
1769097600,6943.00,6948.75,6942.50,6948.25
1769097900,6948.00,6951.50,6946.75,6950.75
1769098200,6950.75,6954.50,6949.00,6953.75
1769098500,6953.75,6955.50,6949.00,6952.75
1769098800,6952.75,6955.50,6952.50,6955.00
1769099100,6955.25,6957.75,6954.00,6955.00
1769099400,6955.00,6956.75,6953.00,6955.50
1769099700,6955.50,6957.00,6953.50,6956.00
1769100000,6955.75,6959.25,6955.00,6957.75
1769100300,6958.00,6960.75,6957.75,6959.25
1769100600,6959.50,6962.25,6958.00,6959.25
1769100900,6959.25,6959.25,6953.50,6954.25
1769101200,6954.00,6958.00,6951.00,6957.50
1769101500,6957.50,6961.50,6954.75,6960.75
1769101800,6960.75,6962.75,6958.50,6960.75
1769102100,6961.00,6961.75,6956.50,6958.75
1769102400,6959.00,6959.00,6954.75,6959.00
1769102700,6959.00,6959.75,6956.25,6959.50
1769103000,6960.00,6966.25,6959.75,6965.50
1769103300,6965.75,6965.75,6962.50,6963.25
1769103600,6963.50,6966.50,6963.25,6964.75
1769103900,6964.75,6966.50,6963.75,6965.25
1769104200,6965.50,6968.00,6965.00,6966.50
1769104500,6966.50,6968.25,6964.25,6966.75
1769104800,6967.00,6968.75,6962.25,6966.75
1769105100,6966.75,6968.50,6964.50,6965.75
1769105400,6965.75,6966.25,6960.75,6962.00
1769105700,6961.75,6963.75,6959.50,6962.00
1769106000,6962.25,6964.75,6961.50,6963.50
1769106300,6963.75,6963.75,6961.25,6961.75
1769106600,6961.50,6965.75,6961.00,6964.00
1769106900,6964.50,6965.25,6963.00,6965.00
1769107200,6964.75,6965.00,6959.75,6960.50
1769107500,6960.75,6963.50,6960.75,6961.75
1769107800,6962.00,6962.50,6958.50,6959.25
1769108100,6959.25,6959.25,6955.25,6957.25
1769108400,6957.25,6963.25,6957.00,6962.75
1769108700,6963.00,6965.50,6962.00,6963.75
1769109000,6964.00,6966.50,6962.25,6964.00
1769109300,6964.00,6964.75,6962.00,6963.50
1769109600,6963.50,6965.75,6962.75,6965.00
1769109900,6965.25,6965.75,6963.00,6963.50
1769110200,6963.50,6964.50,6960.50,6960.50
1769110500,6960.50,6961.50,6955.50,6956.50
1769110800,6956.25,6958.50,6954.00,6954.50
1769111100,6954.50,6955.50,6952.50,6953.00
1769111400,6953.25,6955.50,6950.50,6951.50
1769111700,6951.25,6952.25,6944.25,6944.75
1769112000,6944.50,6948.75,6943.00,6947.25
1769112300,6947.00,6949.00,6945.00,6946.00
1769112600,6945.75,6949.25,6945.75,6949.00
1769112900,6949.00,6952.25,6947.50,6949.25
1769113200,6949.00,6950.00,6945.00,6945.25
1769113500,6945.25,6945.25,6938.00,6938.25
1769113800,6938.25,6939.50,6933.75,6936.00
1769114100,6935.75,6937.25,6932.50,6935.25
1769114400,6935.25,6939.50,6933.25,6938.50
1769114700,6938.50,6943.00,6938.25,6942.50
1769115000,6942.50,6946.25,6941.75,6945.00
1769115300,6945.00,6947.50,6943.25,6945.75
1769115600,6946.00,6948.50,6941.50,6942.75
1769115900,6942.50,6947.00,6942.25,6945.25
1769116200,6945.00,6945.50,6942.75,6944.50
1769178600,6935.00,6940.50,6929.75,6930.50
1769178900,6931.00,6935.00,6925.50,6927.75
1769179200,6927.75,6935.50,6925.00,6933.25
1769179500,6933.25,6938.25,6926.50,6927.00
1769179800,6927.00,6934.75,6926.25,6933.00
1769180100,6933.00,6942.50,6932.25,6942.25
1769180400,6942.25,6948.25,6941.25,6946.50
1769180700,6946.75,6947.25,6942.75,6945.00
1769181000,6944.75,6946.00,6938.25,6940.00
1769181300,6939.75,6943.75,6936.00,6937.75
1769181600,6937.75,6951.50,6936.50,6949.25
1769181900,6949.00,6952.50,6945.00,6946.75
1769182200,6947.00,6949.75,6945.50,6949.00
1769182500,6949.00,6952.00,6948.75,6951.50
1769182800,6951.50,6952.75,6950.00,6950.50
1769183100,6950.50,6958.00,6949.00,6957.00
1769183400,6957.00,6959.00,6954.75,6958.50
1769183700,6958.75,6961.25,6957.50,6958.75
1769184000,6958.75,6964.00,6958.75,6962.25
1769184300,6962.25,6962.75,6956.25,6960.50
1769184600,6960.25,6961.75,6958.75,6960.00
1769184900,6960.25,6962.50,6957.75,6960.75
1769185200,6960.75,6961.00,6956.25,6958.50
1769185500,6958.25,6959.75,6953.25,6954.75
1769185800,6954.75,6957.50,6948.25,6950.50
1769186100,6950.75,6960.00,6949.00,6958.75
1769186400,6958.50,6960.50,6955.25,6958.50
1769186700,6958.75,6960.75,6954.25,6958.75
1769187000,6958.75,6959.75,6952.75,6954.75
1769187300,6955.00,6955.25,6950.50,6951.75
1769187600,6951.75,6955.75,6947.50,6954.75
1769187900,6954.50,6955.50,6951.50,6953.00
1769188200,6953.25,6956.75,6952.25,6956.75
1769188500,6956.75,6957.25,6952.00,6954.50
1769188800,6954.50,6955.50,6952.00,6952.25
1769189100,6952.00,6958.00,6952.00,6956.25
1769189400,6956.50,6957.25,6950.50,6951.50
1769189700,6951.75,6954.75,6951.25,6952.75
1769190000,6952.75,6953.00,6941.25,6942.00
1769190300,6942.25,6945.25,6938.50,6942.50
1769190600,6942.75,6943.50,6933.25,6935.25
1769190900,6935.25,6939.00,6931.00,6933.50
1769191200,6933.50,6938.50,6932.25,6937.25
1769191500,6937.00,6942.00,6932.75,6941.75
1769191800,6942.00,6944.25,6937.75,6938.75
1769192100,6938.50,6944.25,6937.75,6941.50
1769192400,6941.50,6943.75,6937.75,6942.00
1769192700,6941.75,6945.25,6941.50,6943.00
1769193000,6943.25,6945.25,6938.00,6939.25
1769193300,6939.50,6946.50,6939.25,6945.00
1769193600,6945.25,6945.25,6940.75,6941.25
1769193900,6941.50,6943.50,6937.25,6942.25
1769194200,6942.00,6944.25,6939.50,6942.00
1769194500,6941.75,6945.50,6941.25,6943.50
1769194800,6943.50,6950.00,6943.25,6949.00
1769195100,6949.00,6952.75,6948.00,6951.25
1769195400,6951.50,6952.50,6948.00,6949.25
1769195700,6949.25,6952.50,6948.50,6951.25
1769196000,6951.25,6956.25,6950.50,6954.50
1769196300,6954.25,6955.75,6949.50,6949.50
1769196600,6949.50,6953.00,6948.50,6950.00
1769196900,6950.00,6952.00,6945.50,6946.75
1769197200,6946.75,6950.25,6943.25,6948.75
1769197500,6949.00,6950.00,6945.75,6946.00
1769197800,6946.00,6949.75,6945.50,6947.75
1769198100,6948.00,6951.00,6947.50,6949.50
1769198400,6949.50,6950.25,6946.25,6946.25
1769198700,6946.50,6948.00,6942.50,6942.50
1769199000,6942.50,6947.00,6939.00,6945.50
1769199300,6945.50,6949.75,6945.50,6947.50
1769199600,6947.75,6948.00,6944.25,6945.00
1769199900,6945.00,6945.75,6942.25,6942.50
1769200200,6942.50,6943.25,6939.50,6942.75
1769200500,6942.50,6943.75,6939.50,6943.25
1769200800,6943.25,6947.50,6943.25,6946.25
1769201100,6946.00,6948.50,6945.25,6948.25
1769201400,6948.00,6948.75,6942.25,6944.75
1769201700,6944.50,6950.25,6942.25,6945.50
1769202000,6945.50,6946.00,6940.25,6941.00
1769202300,6941.00,6941.00,6939.00,6939.25
1769202600,6939.00,6940.25,6937.50,6938.50
1769437800,6958.00,6966.75,6952.00,6966.25
1769438100,6966.00,6973.25,6966.00,6970.50
1769438400,6970.50,6976.50,6968.00,6975.50
1769438700,6975.75,6979.25,6975.00,6975.50
1769439000,6975.75,6980.00,6974.00,6977.25
1769439300,6977.50,6980.00,6975.75,6976.25
1769439600,6976.25,6977.75,6973.50,6975.75
1769439900,6975.75,6977.50,6972.75,6973.25
1769440200,6973.50,6982.00,6971.00,6979.50
1769440500,6979.75,6985.25,6978.50,6984.75
1769440800,6984.50,6988.00,6984.50,6987.50
1769441100,6987.50,6987.50,6978.75,6979.00
1769441400,6979.00,6984.50,6977.25,6982.25
1769441700,6982.00,6984.00,6980.00,6981.50
1769442000,6981.50,6981.75,6976.00,6976.75
1769442300,6976.75,6984.75,6976.75,6983.25
1769442600,6983.25,6987.25,6982.50,6985.50
1769442900,6985.25,6987.00,6982.50,6983.75
1769443200,6983.50,6984.50,6981.00,6983.00
1769443500,6983.00,6983.75,6980.00,6982.25
1769443800,6982.00,6983.25,6980.00,6982.00
1769444100,6981.75,6982.75,6977.50,6978.75
1769444400,6978.25,6984.00,6975.75,6983.25
1769444700,6983.00,6986.50,6982.25,6985.00
1769445000,6985.00,6987.50,6983.25,6983.50
1769445300,6983.50,6986.50,6982.50,6983.75
1769445600,6983.75,6985.00,6982.25,6983.00
1769445900,6982.75,6985.00,6981.50,6983.25
1769446200,6983.25,6985.75,6982.75,6984.75
1769446500,6985.00,6986.25,6983.75,6984.75
1769446800,6984.75,6990.50,6984.00,6989.50
1769447100,6989.50,6991.00,6988.25,6988.25
1769447400,6988.50,6989.50,6986.75,6988.75
1769447700,6989.00,6990.50,6988.25,6988.75
1769448000,6988.75,6990.50,6988.25,6989.25
1769448300,6989.00,6990.25,6988.75,6988.75
1769448600,6988.75,6989.75,6986.25,6987.75
1769448900,6987.75,6989.25,6986.75,6988.00
1769449200,6988.00,6989.75,6987.00,6989.25
1769449500,6989.50,6989.75,6984.50,6985.50
1769449800,6985.75,6987.75,6984.00,6986.50
1769450100,6986.50,6987.50,6984.50,6986.00
1769450400,6986.00,6987.50,6984.25,6985.75
1769450700,6985.50,6986.00,6982.75,6983.75
1769451000,6983.75,6985.25,6983.25,6984.25
1769451300,6984.00,6988.50,6983.00,6987.75
1769451600,6988.00,6991.00,6987.50,6990.25
1769451900,6990.50,6992.75,6988.75,6991.75
1769452200,6991.50,6995.25,6991.25,6994.25
1769452500,6994.25,6994.50,6990.50,6990.75
1769452800,6990.75,6991.25,6988.50,6989.00
1769453100,6989.00,6989.25,6987.00,6989.00
1769453400,6989.00,6990.75,6988.25,6990.50
1769453700,6990.50,6990.75,6988.25,6989.50
1769454000,6989.50,6991.00,6988.25,6989.75
1769454300,6989.50,6992.25,6988.50,6991.50
1769454600,6991.50,6993.50,6991.25,6991.75
1769454900,6991.75,6992.75,6990.75,6992.00
1769455200,6992.00,6992.00,6988.25,6989.25
1769455500,6989.25,6992.50,6988.50,6992.00
1769455800,6992.25,6993.25,6990.25,6991.25
1769456100,6991.25,6992.00,6989.50,6991.50
1769456400,6991.50,6993.75,6990.75,6992.50
1769456700,6992.50,6993.25,6990.25,6991.25
1769457000,6991.00,6992.25,6989.75,6990.00
1769457300,6989.75,6992.00,6989.00,6989.50
1769457600,6989.75,6991.00,6987.75,6991.00
1769457900,6990.75,6991.25,6989.75,6990.25
1769458200,6990.25,6991.00,6989.00,6990.00
1769458500,6990.00,6990.25,6987.75,6988.75
1769458800,6988.50,6990.75,6988.00,6990.00
1769459100,6989.75,6990.00,6988.75,6989.00
1769459400,6989.00,6991.75,6988.75,6990.50
1769459700,6990.50,6992.00,6989.75,6990.00
1769460000,6990.00,6990.50,6987.25,6989.00
1769460300,6989.00,6991.00,6988.25,6989.75
1769460600,6989.75,6989.75,6982.00,6983.50
1769460900,6983.50,6984.00,6979.50,6980.50
1769461200,6980.50,6981.75,6978.75,6979.75
1769461500,6979.50,6980.50,6978.25,6979.00
1769461800,6979.00,6980.25,6977.50,6979.75
1769524200,6994.25,6996.00,6991.00,6995.00
1769524500,6995.00,6996.50,6988.25,6988.25
1769524800,6988.50,6996.75,6988.25,6993.50
1769525100,6993.75,6998.50,6993.75,6997.50
1769525400,6997.50,7006.50,6997.50,7005.75
1769525700,7005.50,7007.75,7003.50,7005.25
1769526000,7005.00,7007.75,7002.00,7004.00
1769526300,7004.25,7005.50,6998.00,7005.25
1769526600,7005.50,7006.75,7002.50,7004.25
1769526900,7004.00,7006.00,7002.25,7005.25
1769527200,7005.00,7007.25,7002.50,7004.25
1769527500,7004.25,7004.25,7000.50,7000.50
1769527800,7000.75,7006.00,6999.75,7006.00
1769528100,7006.00,7010.00,7005.50,7008.25
1769528400,7008.25,7012.50,7008.00,7011.50
1769528700,7011.50,7014.75,7011.00,7013.50
1769529000,7013.25,7013.50,7011.50,7012.50
1769529300,7012.50,7013.25,7010.50,7013.25
1769529600,7013.25,7015.00,7013.00,7014.00
1769529900,7014.25,7015.75,7013.25,7014.00
1769530200,7014.00,7016.25,7013.75,7015.25
1769530500,7015.25,7018.25,7014.00,7017.50
1769530800,7017.75,7018.00,7015.75,7017.00
1769531100,7017.25,7017.50,7015.00,7015.00
1769531400,7015.25,7017.50,7014.50,7015.75
1769531700,7015.75,7018.75,7015.25,7017.25
1769532000,7017.50,7018.75,7016.50,7016.75
1769532300,7016.50,7017.50,7015.25,7016.75
1769532600,7016.75,7016.75,7013.75,7014.50
1769532900,7014.50,7015.75,7013.00,7013.00
1769533200,7013.00,7014.75,7012.50,7013.50
1769533500,7013.50,7014.25,7011.75,7012.75
1769533800,7012.50,7012.75,7010.50,7010.75
1769534100,7010.50,7010.75,7006.50,7008.25
1769534400,7008.25,7010.75,7007.75,7009.50
1769534700,7009.50,7014.25,7009.00,7012.75
1769535000,7012.50,7013.75,7010.00,7010.25
1769535300,7010.00,7011.00,7008.50,7010.00
1769535600,7010.00,7012.50,7008.75,7009.50
1769535900,7009.75,7011.00,7008.50,7009.75
1769536200,7010.00,7010.75,7008.00,7008.50
1769536500,7008.25,7009.00,7006.75,7007.00
1769536800,7007.25,7007.50,7002.00,7003.50
1769537100,7003.75,7004.75,7002.00,7003.75
1769537400,7003.50,7007.50,7002.50,7007.00
1769537700,7007.00,7010.00,7006.75,7010.00
1769538000,7010.00,7012.75,7009.50,7012.25
1769538300,7012.50,7012.75,7009.50,7011.00
1769538600,7010.75,7014.50,7010.75,7013.00
1769538900,7013.25,7013.25,7011.00,7012.00
1769539200,7011.50,7012.25,7010.00,7010.75
1769539500,7010.50,7012.75,7010.25,7012.00
1769539800,7012.25,7013.75,7012.00,7013.25
1769540100,7013.00,7015.25,7012.50,7013.25
1769540400,7013.25,7013.25,7011.00,7012.00
1769540700,7012.25,7013.00,7010.50,7011.75
1769541000,7011.50,7013.75,7010.75,7012.75
1769541300,7012.75,7013.75,7012.25,7013.00
1769541600,7012.75,7014.25,7012.75,7013.75
1769541900,7014.00,7015.25,7013.25,7014.75
1769542200,7015.00,7017.00,7014.75,7015.25
1769542500,7015.50,7015.50,7014.25,7015.00
1769542800,7015.00,7015.25,7013.50,7015.00
1769543100,7015.00,7015.00,7013.25,7014.75
1769543400,7014.50,7015.25,7013.50,7014.75
1769543700,7014.50,7014.75,7013.50,7013.75
1769544000,7013.75,7015.25,7013.25,7014.50
1769544300,7014.50,7015.00,7013.25,7014.50
1769544600,7014.50,7017.25,7014.50,7017.00
1769544900,7017.00,7017.25,7015.00,7016.00
1769545200,7016.00,7016.75,7014.75,7015.00
1769545500,7014.75,7014.75,7012.50,7013.00
1769545800,7013.00,7014.00,7011.25,7013.75
1769546100,7013.75,7013.75,7012.25,7013.00
1769546400,7013.00,7013.50,7011.25,7013.00
1769546700,7012.75,7014.50,7011.00,7014.25
1769547000,7014.25,7015.00,7009.25,7010.00
1769547300,7009.50,7010.75,7007.50,7008.75
1769547600,7008.75,7009.50,7006.25,7007.25
1769547900,7007.50,7009.00,7006.50,7007.00
1769548200,7006.75,7007.75,7005.50,7006.75
1769610600,7022.75,7029.50,7022.00,7025.75
1769610900,7025.75,7027.75,7021.50,7023.50
1769611200,7023.50,7029.50,7022.75,7028.75
1769611500,7029.00,7031.25,7020.25,7023.75
1769611800,7024.00,7029.75,7023.25,7029.50
1769612100,7029.50,7029.50,7023.00,7023.50
1769612400,7023.50,7025.75,7020.00,7022.50
1769612700,7022.75,7023.00,7016.50,7018.25
1769613000,7018.25,7018.75,7013.25,7013.25
1769613300,7013.50,7020.25,7012.50,7017.25
1769613600,7017.50,7023.25,7017.00,7021.25
1769613900,7021.00,7021.50,7017.00,7017.25
1769614200,7017.25,7020.25,7013.50,7013.50
1769614500,7013.75,7019.50,7013.25,7018.00
1769614800,7018.25,7018.50,7009.50,7010.00
1769615100,7010.25,7012.75,7009.00,7010.50
1769615400,7010.25,7011.00,7008.00,7010.00
1769615700,7010.25,7011.75,7007.25,7007.50
1769616000,7007.50,7013.25,7007.50,7012.75
1769616300,7012.75,7015.50,7011.00,7013.25
1769616600,7013.50,7015.25,7010.50,7012.25
1769616900,7012.25,7013.25,7009.25,7009.25
1769617200,7009.50,7011.00,7006.50,7010.00
1769617500,7009.75,7013.75,7008.25,7013.50
1769617800,7013.50,7013.50,7005.25,7005.75
1769618100,7006.00,7007.50,7004.00,7005.75
1769618400,7005.75,7005.75,6999.75,7001.00
1769618700,7000.75,7004.00,7000.25,7002.75
1769619000,7003.00,7003.25,6997.00,6998.25
1769619300,6998.25,7001.75,6997.75,6999.25
1769619600,6999.25,7004.25,6999.00,7002.50
1769619900,7002.75,7004.25,6999.50,7002.50
1769620200,7002.75,7007.75,7002.25,7006.50
1769620500,7006.75,7008.25,7004.00,7007.75
1769620800,7007.75,7009.00,7000.50,7000.50
1769621100,7000.50,7001.25,6998.50,7000.75
1769621400,7000.50,7000.75,6997.00,6997.50
1769621700,6997.75,7000.50,6997.75,6998.75
1769622000,6999.00,7002.25,6997.75,7000.25
1769622300,7000.25,7003.00,6999.00,7001.50
1769622600,7001.50,7006.25,7001.25,7006.25
1769622900,7006.25,7006.50,7000.25,7000.50
1769623200,7000.25,7002.75,6997.25,7002.50
1769623500,7002.50,7004.75,7001.75,7003.00
1769623800,7002.75,7004.00,7000.00,7004.00
1769624100,7004.00,7005.75,7003.25,7005.25
1769624400,7005.00,7006.50,7003.50,7004.50
1769624700,7004.50,7005.25,7002.50,7003.75
1769625000,7003.75,7004.75,7002.00,7002.25
1769625300,7002.50,7005.25,7000.75,7000.75
1769625600,7001.00,7003.75,7000.75,7002.00
1769625900,7002.25,7002.50,6999.50,7001.25
1769626200,7001.00,7004.00,7000.50,7001.75
1769626500,7001.50,7004.75,7000.75,7004.00
1769626800,7002.00,7009.00,6989.50,7001.50
1769627100,7001.75,7005.00,6998.25,7002.75
1769627400,7002.50,7005.25,7000.00,7001.25
1769627700,7001.00,7002.50,6997.50,7001.50
1769628000,7001.75,7005.00,6997.25,7004.00
1769628300,7004.25,7005.50,6993.00,6993.75
1769628600,6993.50,7012.75,6991.25,7003.00
1769628900,7003.00,7007.25,6998.50,6999.25
1769629200,6999.00,7001.50,6993.50,6999.00
1769629500,6999.00,7009.50,6997.50,7006.25
1769629800,7006.25,7010.75,7003.75,7008.75
1769630100,7008.75,7009.00,7000.50,7001.00
1769630400,7001.00,7009.00,6999.00,7007.25
1769630700,7007.25,7012.25,7006.75,7011.50
1769631000,7011.50,7014.00,7009.50,7009.75
1769631300,7009.75,7011.75,7007.25,7011.25
1769631600,7011.25,7015.00,7009.25,7013.00
1769631900,7013.00,7013.00,7005.75,7006.50
1769632200,7006.25,7007.75,7002.75,7003.00
1769632500,7003.00,7008.50,7002.25,7007.25
1769632800,7007.25,7007.50,7002.50,7003.25
1769633100,7003.00,7006.75,7001.25,7002.00
1769633400,7002.00,7011.75,6999.00,7009.75
1769633700,7010.00,7014.00,7003.00,7006.50
1769634000,7006.50,7012.00,6977.25,6988.25
1769634300,6988.25,7005.00,6984.50,7005.00
1769634600,7004.75,7011.00,7002.50,7010.25
1769697000,7015.00,7021.75,7007.75,7010.00
1769697300,7010.25,7010.75,7000.00,7004.75
1769697600,7005.00,7006.75,6982.50,6983.00
1769697900,6982.75,6991.25,6973.00,6987.75
1769698200,6987.75,6987.75,6972.00,6980.75
1769698500,6980.50,6984.00,6965.50,6966.50
1769698800,6966.75,6967.25,6947.00,6954.50
1769699100,6954.50,6959.50,6949.50,6951.50
1769699400,6951.50,6959.50,6940.00,6942.00
1769699700,6942.25,6952.25,6941.75,6945.50
1769700000,6945.50,6958.25,6942.75,6951.75
1769700300,6951.75,6958.50,6938.50,6940.00
1769700600,6940.00,6943.50,6929.00,6930.75
1769700900,6931.00,6931.75,6923.50,6926.00
1769701200,6926.25,6926.25,6913.00,6915.75
1769701500,6916.00,6923.25,6913.50,6915.50
1769701800,6915.25,6915.50,6902.50,6904.00
1769702100,6903.75,6919.50,6902.25,6910.75
1769702400,6911.00,6913.75,6901.50,6902.50
1769702700,6902.50,6908.75,6898.00,6907.50
1769703000,6907.75,6926.75,6902.75,6926.25
1769703300,6926.50,6932.25,6924.00,6930.75
1769703600,6930.50,6937.00,6923.00,6928.50
1769703900,6928.50,6934.00,6924.50,6929.50
1769704200,6929.25,6937.25,6928.75,6931.75
1769704500,6931.75,6937.50,6929.00,6934.25
1769704800,6934.00,6940.75,6932.00,6935.25
1769705100,6935.25,6940.75,6931.75,6937.75
1769705400,6937.50,6940.25,6932.25,6935.25
1769705700,6935.50,6939.25,6932.50,6937.50
1769706000,6937.50,6948.75,6936.50,6945.50
1769706300,6945.25,6949.50,6944.00,6946.50
1769706600,6946.25,6959.00,6946.00,6956.25
1769706900,6956.50,6959.50,6953.50,6958.50
1769707200,6958.75,6964.25,6957.50,6962.00
1769707500,6962.00,6964.00,6957.50,6960.75
1769707800,6960.75,6964.25,6958.75,6961.75
1769708100,6961.75,6967.75,6961.00,6962.50
1769708400,6962.50,6962.50,6952.25,6957.75
1769708700,6957.75,6958.00,6947.75,6952.00
1769709000,6952.00,6952.75,6937.75,6938.75
1769709300,6939.00,6945.00,6937.25,6939.50
1769709600,6939.25,6950.75,6937.50,6948.25
1769709900,6948.25,6958.00,6947.75,6953.50
1769710200,6953.50,6962.25,6953.25,6959.50
1769710500,6959.25,6960.00,6954.00,6955.75
1769710800,6956.00,6959.50,6952.50,6958.00
1769711100,6957.75,6960.75,6953.50,6960.00
1769711400,6959.75,6960.25,6952.25,6957.75
1769711700,6957.75,6964.00,6956.25,6963.75
1769712000,6963.75,6968.75,6962.00,6963.75
1769712300,6964.00,6964.75,6959.50,6963.75
1769712600,6963.75,6966.00,6960.75,6962.00
1769712900,6962.00,6965.00,6956.25,6956.25
1769713200,6956.25,6962.75,6952.75,6960.75
1769713500,6960.75,6968.75,6960.25,6966.00
1769713800,6966.00,6969.50,6964.25,6966.50
1769714100,6966.50,6972.75,6964.50,6969.25
1769714400,6969.25,6971.00,6967.75,6970.75
1769714700,6971.00,6972.00,6969.00,6971.50
1769715000,6971.25,6973.00,6962.75,6964.00
1769715300,6964.25,6970.00,6964.00,6966.00
1769715600,6966.25,6969.00,6966.00,6968.00
1769715900,6968.25,6970.00,6962.75,6964.00
1769716200,6964.00,6968.25,6963.50,6967.75
1769716500,6967.75,6969.50,6961.25,6961.75
1769716800,6962.00,6967.25,6961.00,6965.00
1769717100,6965.00,6970.50,6964.25,6969.25
1769717400,6969.50,6970.00,6966.25,6966.50
1769717700,6966.50,6968.25,6965.00,6968.25
1769718000,6968.00,6969.50,6966.25,6969.00
1769718300,6969.25,6971.00,6965.75,6966.50
1769718600,6966.50,6970.25,6964.50,6970.25
1769718900,6970.25,6979.75,6969.00,6977.25
1769719200,6977.25,6979.25,6974.75,6977.25
1769719500,6977.25,6979.75,6975.50,6979.50
1769719800,6979.50,6988.50,6979.50,6987.75
1769720100,6987.75,6999.00,6986.50,6989.75
1769720400,6989.75,6995.75,6989.00,6992.50
1769720700,6992.25,6993.25,6988.50,6990.75
1769721000,6990.75,6991.25,6987.75,6989.50
1769783400,6966.25,6981.75,6961.50,6979.00
1769783700,6979.00,6984.00,6971.75,6983.75
1769784000,6983.75,6985.50,6974.00,6974.75
1769784300,6974.50,6978.00,6966.50,6974.50
1769784600,6974.75,6981.50,6967.50,6971.50
1769784900,6971.75,6978.00,6960.25,6965.25
1769785200,6965.00,6974.75,6964.50,6965.50
1769785500,6965.75,6983.50,6965.25,6981.75
1769785800,6982.00,6989.00,6976.00,6983.00
1769786100,6983.00,6986.50,6979.25,6980.75
1769786400,6980.75,6984.50,6974.00,6975.75
1769786700,6975.75,6976.25,6960.50,6962.00
1769787000,6962.00,6966.75,6957.00,6965.75
1769787300,6965.75,6981.25,6965.25,6978.50
1769787600,6978.75,6986.25,6977.75,6983.25
1769787900,6983.25,6990.75,6982.00,6983.75
1769788200,6983.75,6985.50,6971.25,6975.25
1769788500,6975.50,6976.50,6967.50,6969.50
1769788800,6969.25,6972.00,6966.00,6968.25
1769789100,6968.50,6975.50,6965.00,6967.00
1769789400,6967.25,6970.75,6964.00,6967.75
1769789700,6967.75,6968.00,6957.25,6959.00
1769790000,6958.75,6959.75,6951.00,6953.00
1769790300,6953.25,6963.75,6950.50,6958.50
1769790600,6958.75,6966.50,6956.50,6957.50
1769790900,6957.50,6967.50,6956.50,6960.50
1769791200,6960.50,6972.50,6960.00,6967.00
1769791500,6967.00,6967.50,6960.00,6962.25
1769791800,6962.25,6963.25,6955.00,6961.50
1769792100,6961.50,6962.00,6951.50,6954.50
1769792400,6954.75,6955.75,6943.50,6944.25
1769792700,6944.25,6945.00,6935.00,6939.25
1769793000,6939.25,6945.00,6938.25,6939.00
1769793300,6939.00,6943.50,6936.75,6942.50
1769793600,6942.25,6955.50,6940.75,6951.25
1769793900,6951.25,6960.00,6949.50,6959.00
1769794200,6958.75,6963.50,6950.50,6951.50
1769794500,6951.50,6956.50,6943.50,6949.50
1769794800,6949.25,6953.50,6945.25,6953.00
1769795100,6953.25,6959.50,6947.50,6952.25
1769795400,6951.75,6955.50,6945.25,6946.25
1769795700,6946.25,6952.75,6939.00,6939.50
1769796000,6939.25,6945.75,6936.50,6944.50
1769796300,6944.00,6950.50,6942.25,6944.00
1769796600,6944.00,6944.50,6938.75,6940.00
1769796900,6940.00,6941.75,6928.25,6929.00
1769797200,6928.75,6932.00,6918.75,6930.25
1769797500,6930.25,6943.25,6930.00,6942.50
1769797800,6942.50,6944.75,6926.00,6927.00
1769798100,6927.00,6937.25,6926.50,6933.75
1769798400,6934.00,6939.25,6933.00,6936.50
1769798700,6936.25,6948.25,6935.50,6948.00
1769799000,6947.75,6959.00,6947.50,6958.25
1769799300,6958.25,6969.00,6956.75,6962.00
1769799600,6962.00,6970.00,6961.50,6967.00
1769799900,6967.00,6975.25,6966.00,6969.00
1769800200,6969.25,6971.75,6962.75,6967.75
1769800500,6967.75,6969.75,6963.75,6966.50
1769800800,6966.25,6972.25,6966.00,6969.25
1769801100,6969.25,6975.00,6960.75,6961.25
1769801400,6961.25,6968.50,6953.50,6965.75
1769801700,6965.50,6968.00,6961.75,6964.00
1769802000,6964.00,6967.25,6960.25,6960.75
1769802300,6960.50,6962.00,6955.25,6956.25
1769802600,6956.25,6968.00,6956.25,6967.75
1769802900,6967.75,6971.00,6952.25,6953.50
1769803200,6953.50,6960.25,6952.50,6956.00
1769803500,6956.00,6956.75,6947.25,6952.50
1769803800,6953.00,6954.75,6947.50,6948.00
1769804100,6948.00,6948.25,6943.50,6945.50
1769804400,6945.25,6948.00,6940.75,6948.00
1769804700,6947.75,6952.75,6943.50,6948.00
1769805000,6948.50,6956.00,6947.25,6953.50
1769805300,6953.50,6957.75,6948.75,6953.50
1769805600,6953.50,6961.25,6952.25,6959.75
1769805900,6959.75,6974.25,6959.00,6974.00
1769806200,6974.00,6976.75,6957.75,6961.75
1769806500,6961.75,6970.00,6956.25,6968.00
1769806800,6967.75,6973.50,6961.00,6962.75
1769807100,6962.75,6963.75,6957.50,6959.25
1769807400,6959.50,6964.75,6959.50,6963.50
1770042600,6943.50,6960.25,6941.50,6960.00
1770042900,6960.25,6970.25,6957.00,6967.00
1770043200,6967.75,6975.50,6963.00,6973.50
1770043500,6973.75,6978.00,6971.00,6976.50
1770043800,6976.75,6986.50,6976.75,6981.75
1770044100,6981.50,6983.75,6969.75,6974.00
1770044400,6974.00,6985.50,6970.75,6985.50
1770044700,6985.75,6993.50,6984.50,6993.00
1770045000,6993.00,7000.50,6990.50,6999.00
1770045300,6999.00,7004.00,6995.50,7002.75
1770045600,7002.75,7005.00,6999.00,7000.25
1770045900,7000.25,7002.00,6993.50,6994.75
1770046200,6995.00,7000.00,6992.25,6999.25
1770046500,6999.25,7005.50,6998.25,7005.00
1770046800,7005.00,7005.50,6996.50,6999.25
1770047100,6998.75,6999.25,6994.25,6994.25
1770047400,6994.25,7000.00,6992.50,6997.75
1770047700,6997.75,6998.25,6991.25,6995.25
1770048000,6995.00,6996.00,6989.25,6990.25
1770048300,6990.50,6997.00,6986.75,6996.00
1770048600,6996.00,6999.25,6994.25,6998.50
1770048900,6998.25,7002.50,6996.75,7000.25
1770049200,7000.25,7004.75,6999.25,7002.00
1770049500,7001.75,7004.00,6998.75,7003.25
1770049800,7003.25,7003.50,6998.00,7002.50
1770050100,7002.25,7003.25,6999.75,7000.25
1770050400,7000.25,7000.75,6996.50,6999.00
1770050700,6999.25,6999.50,6992.50,6996.75
1770051000,6996.75,7001.25,6994.75,7000.50
1770051300,7000.50,7006.50,7000.25,7005.25
1770051600,7005.25,7011.25,7004.25,7011.00
1770051900,7010.75,7011.50,7008.00,7011.25
1770052200,7011.25,7013.25,7009.25,7009.75
1770052500,7009.50,7012.00,7008.00,7011.25
1770052800,7011.25,7011.50,7007.00,7009.00
1770053100,7009.00,7010.50,7007.75,7010.25
1770053400,7010.00,7013.50,7009.25,7012.25
1770053700,7012.25,7014.00,7009.75,7011.75
1770054000,7011.75,7011.75,7008.25,7010.50
1770054300,7010.50,7012.00,7010.25,7011.75
1770054600,7011.75,7015.00,7010.25,7014.75
1770054900,7014.50,7017.50,7011.25,7012.00
1770055200,7012.00,7016.25,7012.00,7014.00
1770055500,7013.75,7014.25,7011.50,7012.75
1770055800,7012.75,7013.25,7010.00,7010.25
1770056100,7010.25,7011.00,7007.50,7008.25
1770056400,7008.50,7009.25,7004.00,7008.50
1770056700,7008.75,7010.25,7007.00,7008.25
1770057000,7008.25,7010.00,7008.00,7008.75
1770057300,7009.00,7011.50,7008.25,7009.00
1770057600,7009.00,7013.25,7008.25,7012.00
1770057900,7012.25,7015.50,7012.00,7014.50
1770058200,7014.75,7014.75,7012.75,7013.25
1770058500,7013.00,7014.75,7012.00,7013.00
1770058800,7012.75,7015.00,7011.50,7014.75
1770059100,7014.50,7015.75,7014.00,7015.00
1770059400,7015.25,7016.75,7015.00,7015.00
1770059700,7015.00,7016.50,7014.25,7015.00
1770060000,7015.00,7016.25,7014.00,7015.75
1770060300,7015.75,7016.25,7014.25,7016.00
1770060600,7015.75,7016.00,7011.00,7013.50
1770060900,7013.25,7013.50,7010.25,7010.75
1770061200,7010.50,7013.75,7009.50,7013.50
1770061500,7013.50,7015.25,7011.25,7011.50
1770061800,7011.50,7012.25,7009.50,7010.50
1770062100,7010.50,7016.00,7001.25,7003.00
1770062400,7003.00,7010.50,6998.00,7007.75
1770062700,7007.75,7012.75,7007.50,7010.75
1770063000,7010.75,7012.50,7005.50,7005.50
1770063300,7005.50,7008.50,7002.25,7006.25
1770063600,7006.50,7010.25,7006.00,7010.00
1770063900,7009.75,7010.00,7004.25,7005.75
1770064200,7005.50,7007.00,7004.00,7004.00
1770064500,7004.00,7004.75,7001.00,7002.00
1770064800,7002.25,7003.25,7000.00,7000.50
1770065100,7000.50,7005.75,6999.50,7004.00
1770065400,7004.00,7006.00,6998.50,7001.75
1770065700,7002.00,7005.75,7000.75,7003.00
1770066000,7003.00,7004.00,6997.50,7001.00
1770066300,7001.25,7007.25,6999.25,7006.75
1770066600,7006.75,7007.00,7004.25,7004.50
1770129000,7009.50,7017.00,7003.50,7008.00
1770129300,7008.00,7012.50,7001.00,7004.25
1770129600,7004.25,7010.50,6995.75,6998.75
1770129900,6998.75,7008.75,6997.25,7007.75
1770130200,7007.50,7008.00,6996.00,6996.00
1770130500,6996.00,6997.50,6980.00,6982.00
1770130800,6982.00,6984.00,6968.00,6975.50
1770131100,6975.25,6980.50,6967.00,6976.00
1770131400,6976.25,6976.75,6962.50,6965.75
1770131700,6965.75,6975.00,6964.25,6971.25
1770132000,6971.00,6975.75,6955.50,6956.00
1770132300,6955.75,6971.50,6954.25,6968.25
1770132600,6968.25,6972.50,6962.00,6962.75
1770132900,6962.50,6967.75,6957.00,6967.00
1770133200,6967.00,6969.00,6959.50,6960.00
1770133500,6960.00,6974.50,6955.50,6973.75
1770133800,6974.00,6979.25,6966.50,6975.00
1770134100,6974.75,6981.00,6974.00,6978.00
1770134400,6978.00,6978.75,6969.25,6969.50
1770134700,6969.75,6973.50,6967.50,6968.25
1770135000,6968.00,6973.25,6965.25,6966.75
1770135300,6966.75,6970.50,6963.25,6965.00
1770135600,6965.00,6967.25,6953.75,6955.50
1770135900,6955.50,6963.00,6952.75,6954.25
1770136200,6954.50,6958.25,6950.25,6957.00
1770136500,6957.25,6960.75,6952.00,6955.50
1770136800,6955.25,6958.00,6953.25,6956.25
1770137100,6956.00,6961.00,6952.75,6957.75
1770137400,6957.75,6957.75,6949.00,6954.25
1770137700,6954.25,6957.00,6952.25,6952.75
1770138000,6952.75,6954.00,6949.50,6951.25
1770138300,6951.50,6952.25,6946.25,6951.75
1770138600,6951.75,6953.50,6932.25,6937.50
1770138900,6937.25,6945.75,6935.50,6939.00
1770139200,6938.75,6945.75,6936.25,6944.75
1770139500,6944.75,6947.75,6934.25,6934.50
1770139800,6934.50,6935.75,6927.50,6928.00
1770140100,6927.75,6930.50,6925.00,6927.25
1770140400,6927.50,6927.50,6920.00,6922.50
1770140700,6922.50,6929.50,6920.75,6927.00
1770141000,6927.00,6933.75,6920.75,6925.50
1770141300,6925.50,6927.25,6922.25,6923.25
1770141600,6923.00,6927.00,6920.75,6921.25
1770141900,6921.50,6931.50,6920.25,6925.75
1770142200,6925.75,6926.00,6910.00,6913.25
1770142500,6913.00,6918.75,6911.50,6918.50
1770142800,6918.50,6919.75,6912.50,6913.00
1770143100,6913.00,6914.25,6908.50,6909.75
1770143400,6909.50,6910.25,6903.00,6906.25
1770143700,6906.25,6910.25,6903.50,6910.25
1770144000,6910.25,6910.25,6902.50,6903.75
1770144300,6903.50,6905.00,6900.00,6903.50
1770144600,6903.25,6903.25,6899.50,6900.25
1770144900,6900.50,6906.00,6894.25,6894.50
1770145200,6894.50,6898.25,6889.25,6891.50
1770145500,6891.50,6894.25,6886.25,6888.50
1770145800,6888.25,6910.75,6887.50,6910.00
1770146100,6910.00,6916.25,6907.75,6913.75
1770146400,6913.75,6918.50,6912.00,6912.75
1770146700,6912.75,6915.00,6903.00,6908.25
1770147000,6908.00,6915.00,6904.00,6905.25
1770147300,6905.25,6911.50,6904.25,6909.50
1770147600,6909.25,6913.50,6905.75,6907.50
1770147900,6907.50,6908.75,6901.50,6901.75
1770148200,6901.50,6908.50,6897.25,6906.25
1770148500,6906.25,6917.00,6905.75,6914.50
1770148800,6914.25,6916.75,6909.00,6909.75
1770149100,6909.50,6913.75,6908.75,6913.25
1770149400,6913.25,6917.00,6909.75,6916.75
1770149700,6916.50,6922.50,6912.00,6918.75
1770150000,6918.25,6921.25,6913.50,6921.00
1770150300,6921.00,6924.50,6920.75,6921.50
1770150600,6921.75,6935.00,6921.25,6934.50
1770150900,6934.50,6938.50,6932.00,6937.25
1770151200,6937.25,6937.25,6928.50,6932.25
1770151500,6932.25,6935.50,6930.50,6935.25
1770151800,6935.25,6941.25,6934.25,6940.00
1770152100,6940.25,6944.00,6938.75,6941.00
1770152400,6940.75,6945.00,6938.00,6944.25
1770152700,6944.25,6945.00,6940.25,6942.25
1770153000,6942.25,6943.75,6939.75,6941.50
1770215400,6949.25,6950.25,6935.50,6941.50
1770215700,6941.75,6956.50,6937.00,6951.75
1770216000,6951.75,6958.50,6943.50,6952.25
1770216300,6952.00,6960.50,6946.25,6956.00
1770216600,6956.00,6957.25,6935.25,6947.75
1770216900,6947.75,6949.50,6923.75,6927.25
1770217200,6927.25,6927.50,6910.50,6918.25
1770217500,6918.50,6938.00,6918.00,6935.25
1770217800,6935.25,6942.00,6930.25,6934.50
1770218100,6934.75,6939.25,6929.00,6932.75
1770218400,6932.75,6949.00,6931.50,6945.50
1770218700,6945.50,6954.25,6939.75,6944.75
1770219000,6944.75,6946.75,6927.25,6928.75
1770219300,6928.50,6946.75,6918.75,6934.25
1770219600,6934.50,6948.50,6931.50,6941.50
1770219900,6941.50,6943.50,6930.25,6932.25
1770220200,6932.25,6937.75,6928.25,6933.50
1770220500,6933.50,6939.25,6927.50,6931.50
1770220800,6931.50,6934.50,6915.75,6916.25
1770221100,6916.25,6922.50,6911.25,6913.75
1770221400,6913.50,6929.25,6911.00,6924.00
1770221700,6924.00,6928.25,6910.50,6913.00
1770222000,6913.00,6924.25,6909.25,6923.25
1770222300,6923.25,6930.25,6919.75,6929.00
1770222600,6929.00,6930.50,6916.75,6917.25
1770222900,6917.50,6921.25,6912.75,6913.00
1770223200,6913.25,6914.50,6899.00,6899.75
1770223500,6899.50,6900.75,6890.00,6893.50
1770223800,6893.25,6899.50,6888.50,6899.50
1770224100,6899.50,6913.25,6898.75,6911.25
1770224400,6911.00,6916.50,6908.25,6913.25
1770224700,6913.50,6915.75,6907.50,6909.75
1770225000,6910.00,6914.50,6903.75,6913.50
1770225300,6913.00,6915.00,6902.25,6902.50
1770225600,6902.25,6906.00,6899.25,6900.50
1770225900,6900.50,6902.00,6877.25,6882.00
1770226200,6882.00,6893.25,6877.00,6881.25
1770226500,6881.25,6881.75,6869.50,6869.50
1770226800,6869.25,6877.00,6865.00,6876.00
1770227100,6876.25,6878.00,6866.00,6868.75
1770227400,6868.50,6877.75,6862.50,6876.50
1770227700,6876.50,6884.00,6876.50,6881.75
1770228000,6881.75,6884.25,6871.25,6878.25
1770228300,6878.25,6885.75,6868.75,6869.00
1770228600,6868.75,6877.00,6868.25,6873.75
1770228900,6873.75,6876.75,6868.75,6870.00
1770229200,6870.25,6880.75,6868.75,6880.75
1770229500,6880.75,6895.50,6880.75,6893.50
1770229800,6893.50,6894.00,6876.25,6880.75
1770230100,6881.00,6887.25,6879.50,6885.50
1770230400,6885.25,6896.00,6883.00,6886.00
1770230700,6886.00,6889.75,6882.25,6883.25
1770231000,6883.25,6891.25,6876.75,6889.75
1770231300,6890.00,6900.50,6889.25,6891.75
1770231600,6891.75,6894.25,6885.25,6886.00
1770231900,6886.00,6890.25,6878.75,6888.50
1770232200,6888.50,6891.75,6886.25,6888.00
1770232500,6887.75,6898.50,6887.25,6893.00
1770232800,6893.00,6897.00,6886.50,6892.50
1770233100,6892.25,6899.25,6889.75,6898.50
1770233400,6898.50,6909.00,6898.00,6907.25
1770233700,6907.50,6910.00,6903.25,6905.50
1770234000,6905.75,6915.25,6905.00,6911.25
1770234300,6911.00,6929.00,6908.50,6918.25
1770234600,6918.00,6930.25,6915.75,6922.25
1770234900,6922.50,6928.50,6920.50,6928.25
1770235200,6928.00,6930.25,6919.25,6923.50
1770235500,6923.25,6926.00,6922.25,6924.75
1770235800,6925.00,6926.50,6912.75,6920.25
1770236100,6920.50,6922.50,6916.25,6919.50
1770236400,6919.50,6925.00,6916.25,6923.25
1770236700,6923.50,6927.00,6919.50,6920.75
1770237000,6920.75,6926.25,6918.25,6924.25
1770237300,6924.00,6928.25,6921.25,6927.25
1770237600,6927.50,6928.75,6922.75,6923.25
1770237900,6923.50,6928.50,6920.25,6928.25
1770238200,6928.25,6933.25,6909.00,6910.50
1770238500,6910.25,6911.00,6901.75,6906.25
1770238800,6906.75,6922.00,6890.75,6898.50
1770239100,6898.25,6918.00,6897.75,6914.25
1770239400,6914.25,6925.50,6910.25,6923.25
1770301800,6853.50,6853.50,6831.25,6852.25
1770302100,6852.50,6871.25,6844.50,6869.00
1770302400,6869.25,6878.00,6856.75,6873.75
1770302700,6873.75,6876.75,6865.25,6873.75
1770303000,6873.50,6881.50,6858.25,6862.50
1770303300,6862.50,6866.00,6846.75,6850.00
1770303600,6850.00,6858.00,6833.25,6837.50
1770303900,6837.75,6839.25,6827.00,6832.50
1770304200,6832.50,6836.00,6811.50,6812.00
1770304500,6812.00,6829.50,6810.50,6825.25
1770304800,6824.75,6827.50,6812.25,6816.00
1770305100,6816.00,6826.00,6805.00,6810.00
1770305400,6810.00,6818.25,6802.75,6804.50
1770305700,6804.75,6823.25,6803.50,6821.25
1770306000,6821.25,6828.75,6814.25,6822.75
1770306300,6822.50,6826.25,6804.75,6807.75
1770306600,6807.50,6821.75,6807.25,6811.00
1770306900,6811.00,6817.25,6804.00,6817.00
1770307200,6817.25,6820.25,6808.50,6808.75
1770307500,6808.75,6812.00,6801.75,6803.50
1770307800,6803.25,6814.50,6801.25,6802.25
1770308100,6802.50,6827.25,6802.00,6825.25
1770308400,6825.00,6836.50,6824.00,6834.75
1770308700,6835.00,6842.00,6831.00,6840.50
1770309000,6840.75,6849.00,6838.25,6847.50
1770309300,6847.50,6851.25,6843.00,6844.50
1770309600,6844.75,6850.25,6839.75,6843.25
1770309900,6843.50,6844.50,6833.25,6844.00
1770310200,6844.25,6856.25,6844.00,6854.00
1770310500,6854.25,6859.25,6847.50,6856.25
1770310800,6856.00,6857.50,6839.25,6843.50
1770311100,6843.25,6849.00,6841.00,6843.00
1770311400,6843.00,6846.50,6836.25,6844.00
1770311700,6844.00,6845.75,6839.50,6841.50
1770312000,6841.00,6854.75,6833.50,6854.75
1770312300,6855.00,6863.50,6854.75,6859.00
1770312600,6859.25,6863.00,6851.75,6852.75
1770312900,6852.50,6861.00,6851.00,6858.25
1770313200,6858.25,6866.75,6856.50,6861.25
1770313500,6861.25,6870.25,6853.00,6854.75
1770313800,6854.75,6861.00,6849.25,6852.75
1770314100,6852.50,6853.75,6845.25,6848.25
1770314400,6848.50,6857.25,6847.50,6850.50
1770314700,6850.25,6850.25,6844.50,6846.75
1770315000,6846.25,6850.00,6841.25,6845.50
1770315300,6845.25,6847.75,6840.00,6841.50
1770315600,6841.50,6843.25,6832.50,6835.50
1770315900,6835.75,6839.75,6833.00,6835.50
1770316200,6835.25,6844.00,6834.50,6838.00
1770316500,6838.00,6838.50,6830.75,6833.50
1770316800,6833.25,6837.00,6828.75,6834.00
1770317100,6833.75,6836.25,6827.25,6829.00
1770317400,6829.00,6829.00,6821.25,6823.75
1770317700,6824.00,6830.00,6820.50,6826.50
1770318000,6827.00,6837.50,6824.00,6833.25
1770318300,6833.25,6841.00,6832.50,6839.75
1770318600,6840.00,6852.50,6839.00,6849.75
1770318900,6850.00,6855.75,6848.00,6855.75
1770319200,6855.25,6859.00,6853.50,6856.25
1770319500,6856.50,6856.50,6844.75,6846.50
1770319800,6846.00,6846.50,6829.25,6838.25
1770320100,6838.25,6841.00,6833.00,6834.00
1770320400,6834.25,6836.25,6830.00,6832.50
1770320700,6832.50,6836.50,6829.50,6831.75
1770321000,6832.00,6835.50,6827.25,6831.75
1770321300,6831.75,6835.50,6830.25,6834.50
1770321600,6834.50,6839.50,6830.25,6838.25
1770321900,6838.50,6851.75,6835.75,6850.25
1770322200,6850.00,6853.00,6840.75,6842.25
1770322500,6842.25,6842.75,6830.25,6831.00
1770322800,6831.00,6832.50,6821.00,6823.25
1770323100,6823.25,6824.50,6820.00,6821.50
1770323400,6821.50,6825.50,6815.75,6816.50
1770323700,6816.75,6821.00,6814.25,6820.75
1770324000,6821.00,6827.50,6812.50,6814.75
1770324300,6814.75,6816.75,6808.75,6813.25
1770324600,6813.25,6818.25,6805.25,6814.75
1770324900,6814.75,6824.50,6813.00,6818.00
1770325200,6818.00,6828.50,6804.50,6805.75
1770325500,6806.25,6811.00,6798.50,6810.00
1770325800,6810.00,6820.25,6809.75,6816.00
1770388200,6856.25,6886.75,6850.00,6879.75
1770388500,6879.75,6892.25,6876.75,6889.00
1770388800,6889.00,6897.50,6881.25,6897.25
1770389100,6897.50,6900.75,6891.25,6897.25
1770389400,6897.25,6907.25,6895.00,6895.25
1770389700,6895.75,6896.00,6887.50,6889.75
1770390000,6890.00,6893.25,6878.75,6882.75
1770390300,6882.75,6891.50,6875.50,6881.50
1770390600,6881.75,6897.00,6878.25,6879.25
1770390900,6879.00,6892.50,6872.75,6889.75
1770391200,6890.00,6899.75,6880.75,6885.50
1770391500,6885.75,6900.00,6882.75,6898.50
1770391800,6898.50,6905.75,6890.75,6903.25
1770392100,6903.50,6905.25,6899.50,6903.00
1770392400,6903.00,6909.75,6901.25,6905.50
1770392700,6905.75,6912.75,6900.00,6901.50
1770393000,6901.25,6901.75,6885.50,6887.25
1770393300,6887.00,6901.75,6885.25,6900.00
1770393600,6899.75,6911.25,6896.00,6911.25
1770393900,6911.25,6915.25,6907.25,6913.25
1770394200,6913.25,6916.75,6911.00,6915.75
1770394500,6915.50,6917.50,6910.00,6912.75
1770394800,6913.00,6919.00,6911.75,6914.50
1770395100,6914.50,6915.25,6907.75,6913.25
1770395400,6913.00,6919.00,6912.50,6919.00
1770395700,6919.00,6922.25,6917.25,6919.50
1770396000,6919.50,6922.25,6916.25,6919.00
1770396300,6919.00,6921.25,6917.50,6920.50
1770396600,6920.25,6922.25,6918.75,6919.75
1770396900,6919.75,6920.00,6911.50,6916.50
1770397200,6916.75,6920.25,6913.50,6920.25
1770397500,6920.25,6925.75,6920.00,6923.25
1770397800,6923.75,6926.25,6919.00,6921.00
1770398100,6921.50,6924.75,6918.00,6922.50
1770398400,6922.50,6922.75,6919.50,6921.75
1770398700,6921.75,6927.00,6921.75,6926.75
1770399000,6927.00,6931.25,6926.50,6928.75
1770399300,6928.75,6928.75,6920.50,6922.00
1770399600,6922.00,6927.25,6921.75,6927.25
1770399900,6927.25,6931.75,6927.00,6930.75
1770400200,6931.25,6937.75,6929.50,6932.75
1770400500,6932.75,6934.25,6931.50,6931.50
1770400800,6931.75,6937.50,6931.50,6936.75
1770401100,6936.75,6937.25,6931.25,6933.00
1770401400,6933.25,6935.50,6931.75,6932.75
1770401700,6932.50,6934.00,6928.25,6933.75
1770402000,6933.75,6936.75,6930.75,6931.00
1770402300,6931.00,6932.00,6928.00,6931.75
1770402600,6931.75,6934.50,6930.75,6931.25
1770402900,6931.50,6936.50,6931.50,6935.25
1770403200,6935.25,6936.75,6934.00,6935.25
1770403500,6935.25,6938.25,6935.00,6937.75
1770403800,6937.50,6938.75,6935.50,6935.75
1770404100,6935.75,6936.50,6931.50,6932.50
1770404400,6932.50,6936.25,6931.50,6935.75
1770404700,6935.75,6936.50,6933.25,6934.25
1770405000,6934.25,6935.75,6931.00,6931.25
1770405300,6931.25,6933.00,6929.50,6931.00
1770405600,6931.00,6937.50,6930.75,6936.25
1770405900,6936.50,6937.25,6934.75,6937.25
1770406200,6937.25,6938.00,6934.25,6934.50
1770406500,6934.50,6936.00,6933.50,6934.25
1770406800,6934.00,6934.50,6931.25,6932.00
1770407100,6932.00,6940.00,6931.75,6938.50
1770407400,6938.50,6939.75,6936.25,6938.00
1770407700,6937.75,6938.25,6934.75,6935.75
1770408000,6935.50,6938.75,6933.25,6937.25
1770408300,6937.25,6940.50,6936.50,6938.25
1770408600,6938.00,6938.25,6936.25,6936.75
1770408900,6936.75,6940.25,6936.50,6939.50
1770409200,6939.75,6943.50,6939.25,6942.00
1770409500,6942.00,6943.00,6939.00,6939.75
1770409800,6939.50,6942.75,6937.75,6940.75
1770410100,6940.75,6942.50,6939.25,6942.25
1770410400,6942.25,6949.75,6942.00,6949.75
1770410700,6949.75,6953.75,6949.00,6952.50
1770411000,6952.50,6965.50,6951.25,6962.50
1770411300,6962.50,6962.75,6947.50,6948.75
1770411600,6948.75,6952.25,6943.75,6948.25
1770411900,6948.00,6950.00,6945.75,6946.25
1770412200,6946.00,6947.75,6944.00,6946.50
1770647400,6935.25,6942.75,6924.25,6939.50
1770647700,6939.75,6952.75,6935.00,6952.75
1770648000,6952.50,6957.00,6949.25,6953.00
1770648300,6953.00,6957.75,6945.75,6953.50
1770648600,6953.50,6954.00,6938.50,6946.00
1770648900,6946.00,6950.00,6943.50,6945.00
1770649200,6945.00,6954.00,6943.00,6954.00
1770649500,6954.00,6960.75,6953.00,6957.50
1770649800,6957.25,6959.50,6952.50,6959.25
1770650100,6959.25,6968.25,6959.00,6968.00
1770650400,6968.00,6970.75,6963.25,6964.50
1770650700,6964.75,6965.25,6958.00,6960.75
1770651000,6960.75,6974.25,6960.50,6974.00
1770651300,6973.50,6979.00,6973.25,6975.25
1770651600,6975.00,6977.50,6974.25,6976.75
1770651900,6976.75,6979.50,6973.50,6979.50
1770652200,6979.25,6981.50,6977.00,6979.50
1770652500,6979.75,6986.00,6979.25,6983.75
1770652800,6983.50,6987.75,6983.50,6987.00
1770653100,6987.00,6987.25,6982.25,6983.00
1770653400,6983.25,6986.00,6982.00,6984.50
1770653700,6984.50,6986.50,6982.00,6982.25
1770654000,6982.25,6986.50,6982.00,6986.50
1770654300,6986.50,6989.25,6984.50,6988.25
1770654600,6988.25,6989.25,6986.00,6987.25
1770654900,6987.25,6987.25,6984.00,6987.00
1770655200,6987.00,6991.50,6986.75,6991.25
1770655500,6991.25,6994.75,6991.00,6993.25
1770655800,6993.50,6996.75,6992.50,6995.00
1770656100,6995.25,6997.50,6995.00,6995.50
1770656400,6995.50,6997.75,6993.50,6996.25
1770656700,6996.50,6997.00,6994.25,6995.00
1770657000,6995.00,6998.00,6994.75,6996.25
1770657300,6996.00,6997.50,6995.50,6996.75
1770657600,6996.50,6996.50,6993.50,6994.50
1770657900,6994.75,6995.25,6992.50,6993.00
1770658200,6992.75,6994.50,6991.25,6993.00
1770658500,6992.75,6996.50,6991.50,6992.00
1770658800,6992.00,6992.50,6989.50,6990.75
1770659100,6990.75,6991.50,6988.50,6990.75
1770659400,6991.00,6991.25,6989.00,6990.25
1770659700,6990.25,6990.25,6986.00,6987.25
1770660000,6987.00,6991.00,6984.75,6988.50
1770660300,6988.50,6991.00,6986.75,6990.00
1770660600,6990.00,6991.00,6988.00,6990.25
1770660900,6990.25,6991.00,6988.25,6990.00
1770661200,6990.00,6991.75,6977.00,6987.00
1770661500,6987.25,6987.75,6982.50,6984.00
1770661800,6983.75,6989.75,6981.25,6988.00
1770662100,6988.25,6990.25,6987.00,6989.75
1770662400,6990.00,6993.50,6988.50,6991.75
1770662700,6991.50,6993.75,6989.25,6989.75
1770663000,6989.75,6991.25,6988.25,6989.00
1770663300,6989.00,6990.25,6986.50,6988.25
1770663600,6988.25,6992.50,6986.50,6992.25
1770663900,6992.25,6992.50,6988.00,6989.25
1770664200,6989.25,6995.00,6989.25,6994.25
1770664500,6994.00,6995.75,6993.25,6995.00
1770664800,6995.25,6999.50,6994.75,6998.50
1770665100,6998.25,7000.50,6997.75,6999.00
1770665400,6999.25,7000.25,6997.00,6997.75
1770665700,6997.75,6999.25,6997.00,6998.25
1770666000,6998.50,6998.50,6996.25,6997.25
1770666300,6997.25,6998.25,6996.25,6997.75
1770666600,6997.75,6998.75,6995.75,6996.75
1770666900,6996.75,6997.50,6994.75,6995.50
1770667200,6995.75,6998.25,6994.50,6996.50
1770667500,6996.25,6998.75,6995.75,6996.25
1770667800,6996.50,6997.50,6995.50,6995.50
1770668100,6995.50,6995.75,6991.50,6992.25
1770668400,6992.50,6993.00,6989.00,6990.50
1770668700,6990.50,6991.00,6984.50,6987.00
1770669000,6987.00,6987.25,6982.25,6982.25
1770669300,6982.25,6987.25,6980.00,6987.00
1770669600,6987.00,6990.00,6984.00,6987.75
1770669900,6987.50,6990.00,6987.50,6989.50
1770670200,6989.50,6992.00,6982.00,6984.50
1770670500,6984.50,6989.75,6980.25,6980.25
1770670800,6980.50,6984.25,6980.00,6982.50
1770671100,6982.50,6984.50,6981.00,6984.00
1770671400,6984.00,6986.75,6983.25,6986.00
1770733800,6990.00,6996.50,6988.50,6991.00
1770734100,6991.00,6992.00,6978.00,6984.00
1770734400,6984.25,6985.00,6975.00,6980.50
1770734700,6980.50,6983.00,6976.75,6980.00
1770735000,6979.75,6994.50,6979.50,6994.25
1770735300,6994.25,7003.50,6992.75,6998.25
1770735600,6998.25,6999.00,6995.50,6998.75
1770735900,6998.75,7005.00,6996.00,7002.75
1770736200,7002.50,7004.25,6987.25,6994.75
1770736500,6994.75,7001.25,6990.00,7001.00
1770736800,7001.00,7004.50,6994.75,6995.25
1770737100,6995.25,7001.25,6993.75,6999.75
1770737400,6999.75,7006.25,6997.00,7000.00
1770737700,6999.75,7000.25,6994.25,6996.75
1770738000,6996.75,7002.50,6996.25,7001.50
1770738300,7001.50,7002.75,6995.25,6998.25
1770738600,6997.75,6999.25,6993.25,6997.50
1770738900,6997.25,6998.25,6989.50,6994.50
1770739200,6994.75,6997.25,6991.75,6994.25
1770739500,6994.50,6995.00,6986.50,6986.50
1770739800,6986.75,6992.50,6986.75,6989.75
1770740100,6989.50,6994.00,6983.50,6990.25
1770740400,6990.25,6991.50,6981.50,6986.00
1770740700,6986.00,6991.75,6984.50,6988.50
1770741000,6988.25,6989.50,6985.00,6986.25
1770741300,6986.50,6990.00,6986.00,6989.00
1770741600,6988.75,6991.75,6986.50,6987.25
1770741900,6987.00,6994.75,6986.25,6987.00
1770742200,6987.00,6989.75,6984.00,6989.25
1770742500,6989.25,6991.75,6987.00,6988.50
1770742800,6988.50,6989.50,6982.50,6985.50
1770743100,6985.50,6992.25,6985.25,6992.00
1770743400,6992.00,6996.50,6992.00,6995.75
1770743700,6995.50,6997.75,6994.00,6997.00
1770744000,6997.00,6997.25,6990.25,6992.25
1770744300,6992.00,6995.00,6991.50,6993.25
1770744600,6993.25,6994.75,6991.25,6993.00
1770744900,6992.75,6993.50,6989.00,6992.00
1770745200,6992.00,6996.50,6991.75,6995.50
1770745500,6995.50,6998.75,6995.50,6995.75
1770745800,6996.00,6998.25,6994.50,6996.50
1770746100,6996.50,6996.75,6994.00,6995.25
1770746400,6995.25,6995.50,6991.00,6992.75
1770746700,6992.75,6993.25,6988.00,6989.00
1770747000,6989.00,6990.00,6986.00,6986.50
1770747300,6986.75,6987.25,6978.50,6981.75
1770747600,6981.50,6984.75,6977.00,6982.00
1770747900,6982.00,6982.25,6974.25,6974.75
1770748200,6974.75,6977.50,6970.25,6973.25
1770748500,6973.25,6979.25,6972.25,6977.50
1770748800,6977.50,6979.00,6975.75,6976.75
1770749100,6976.75,6977.00,6970.50,6971.75
1770749400,6972.00,6974.00,6968.75,6969.50
1770749700,6969.50,6978.75,6969.00,6977.00
1770750000,6977.00,6979.50,6974.50,6975.25
1770750300,6975.50,6978.00,6972.75,6975.25
1770750600,6974.75,6978.50,6974.00,6977.25
1770750900,6977.00,6977.50,6971.75,6973.50
1770751200,6973.75,6979.00,6973.25,6978.75
1770751500,6978.50,6979.75,6975.75,6979.25
1770751800,6979.50,6982.00,6977.25,6977.75
1770752100,6977.75,6980.50,6977.50,6979.75
1770752400,6979.75,6980.75,6974.25,6975.75
1770752700,6975.75,6978.75,6975.25,6978.25
1770753000,6978.25,6978.25,6974.25,6975.50
1770753300,6975.50,6979.75,6975.25,6978.50
1770753600,6978.25,6980.75,6974.50,6975.25
1770753900,6975.25,6977.00,6973.00,6975.75
1770754200,6975.50,6976.25,6971.25,6972.75
1770754500,6972.75,6978.00,6972.50,6977.00
1770754800,6977.00,6979.25,6974.25,6974.50
1770755100,6974.25,6976.00,6971.50,6973.75
1770755400,6973.50,6976.00,6970.50,6972.00
1770755700,6972.00,6973.00,6969.25,6969.75
1770756000,6970.00,6972.75,6969.25,6971.00
1770756300,6971.00,6974.75,6970.25,6974.50
1770756600,6974.50,6974.50,6962.50,6964.00
1770756900,6963.75,6965.00,6957.00,6961.25
1770757200,6961.25,6966.00,6959.25,6965.50
1770757500,6965.50,6966.50,6964.50,6966.00
1770757800,6966.00,6967.25,6965.00,6966.50
1770820200,7004.00,7011.50,6999.75,7001.00
1770820500,7001.00,7003.00,6992.00,6993.00
1770820800,6993.00,6998.50,6991.25,6994.00
1770821100,6994.00,7004.00,6993.00,6996.25
1770821400,6996.50,6997.75,6988.75,6991.25
1770821700,6991.25,6994.75,6977.50,6981.00
1770822000,6981.25,6987.50,6973.75,6976.75
1770822300,6976.75,6977.75,6966.00,6966.25
1770822600,6966.25,6967.25,6947.50,6956.75
1770822900,6956.75,6959.00,6946.00,6947.00
1770823200,6947.25,6948.25,6932.75,6935.25
1770823500,6935.00,6944.00,6931.00,6936.25
1770823800,6936.50,6947.25,6934.75,6946.50
1770824100,6946.50,6953.25,6941.50,6952.00
1770824400,6952.25,6956.75,6946.50,6951.25
1770824700,6951.25,6956.50,6943.00,6944.00
1770825000,6944.00,6965.00,6941.75,6964.00
1770825300,6964.00,6965.50,6960.75,6963.25
1770825600,6963.25,6966.25,6955.50,6957.50
1770825900,6957.50,6959.25,6953.00,6954.25
1770826200,6954.25,6968.75,6953.50,6967.50
1770826500,6967.75,6969.00,6963.00,6968.00
1770826800,6968.00,6974.25,6966.50,6972.50
1770827100,6972.50,6973.75,6957.75,6957.75
1770827400,6957.75,6966.50,6954.50,6963.75
1770827700,6963.75,6967.50,6959.00,6967.50
1770828000,6967.50,6973.25,6967.00,6969.50
1770828300,6969.75,6972.75,6964.25,6966.25
1770828600,6966.25,6969.75,6963.75,6967.00
1770828900,6967.00,6967.75,6959.50,6960.25
1770829200,6960.00,6961.00,6953.25,6954.25
1770829500,6954.25,6963.50,6954.00,6963.00
1770829800,6963.25,6965.50,6959.00,6963.00
1770830100,6963.25,6970.00,6960.25,6965.50
1770830400,6965.50,6971.50,6961.25,6971.00
1770830700,6970.75,6978.25,6970.75,6975.75
1770831000,6975.50,6976.50,6970.50,6972.00
1770831300,6972.00,6974.00,6969.50,6971.75
1770831600,6972.00,6978.50,6971.75,6977.00
1770831900,6977.00,6978.00,6972.50,6976.50
1770832200,6976.50,6979.50,6973.00,6975.00
1770832500,6975.00,6975.25,6964.75,6967.00
1770832800,6967.25,6969.25,6962.25,6965.50
1770833100,6965.50,6966.00,6959.75,6960.00
1770833400,6959.75,6959.75,6954.75,6956.00
1770833700,6955.50,6964.75,6953.50,6960.50
1770834000,6960.50,6963.50,6958.00,6961.50
1770834300,6961.50,6968.50,6959.50,6967.50
1770834600,6967.50,6969.75,6962.25,6962.50
1770834900,6962.50,6967.75,6961.75,6967.00
1770835200,6967.25,6967.25,6961.00,6963.75
1770835500,6963.75,6968.75,6963.25,6968.50
1770835800,6968.50,6969.50,6959.50,6968.00
1770836100,6968.50,6969.50,6965.75,6966.75
1770836400,6966.75,6968.00,6963.75,6968.00
1770836700,6968.00,6969.00,6960.50,6966.00
1770837000,6966.00,6974.00,6964.50,6972.25
1770837300,6972.25,6974.50,6971.50,6972.50
1770837600,6972.50,6977.00,6972.25,6976.50
1770837900,6976.50,6979.25,6975.00,6977.00
1770838200,6977.00,6977.25,6972.25,6976.00
1770838500,6976.25,6978.00,6975.00,6975.00
1770838800,6974.75,6977.00,6973.50,6976.75
1770839100,6976.75,6977.00,6963.50,6971.50
1770839400,6971.50,6972.00,6968.00,6970.00
1770839700,6970.00,6971.50,6967.50,6968.50
1770840000,6968.50,6970.50,6967.25,6969.50
1770840300,6969.50,6970.25,6966.25,6967.25
1770840600,6967.00,6968.50,6966.00,6967.25
1770840900,6967.25,6970.25,6965.50,6966.75
1770841200,6966.50,6967.25,6962.75,6966.00
1770841500,6966.25,6967.00,6961.75,6962.00
1770841800,6961.75,6963.00,6958.00,6959.25
1770842100,6959.25,6966.00,6958.50,6965.75
1770842400,6965.75,6968.75,6963.50,6964.25
1770842700,6964.25,6969.50,6964.00,6969.00
1770843000,6968.75,6969.75,6961.50,6966.75
1770843300,6966.75,6966.75,6957.50,6959.00
1770843600,6958.75,6962.25,6958.50,6961.00
1770843900,6961.25,6966.75,6961.25,6965.75
1770844200,6966.00,6966.25,6962.25,6962.50
1770906600,6981.50,6989.25,6979.75,6988.75
1770906900,6988.75,6990.00,6982.50,6987.00
1770907200,6987.00,6992.75,6978.75,6979.50
1770907500,6979.25,6982.75,6970.00,6972.00
1770907800,6972.25,6979.00,6969.50,6976.50
1770908100,6976.25,6976.50,6962.00,6966.75
1770908400,6967.00,6975.25,6962.50,6965.25
1770908700,6965.50,6971.50,6960.25,6963.00
1770909000,6962.75,6972.75,6961.00,6972.50
1770909300,6972.50,6975.00,6966.75,6967.00
1770909600,6966.75,6976.25,6963.75,6969.00
1770909900,6969.25,6972.50,6965.50,6969.50
1770910200,6969.50,6973.75,6958.00,6958.25
1770910500,6958.25,6960.25,6948.25,6950.25
1770910800,6950.25,6952.00,6941.75,6942.25
1770911100,6942.25,6947.75,6940.50,6943.50
1770911400,6943.75,6947.00,6933.50,6933.75
1770911700,6933.75,6935.00,6924.25,6925.00
1770912000,6925.00,6926.50,6917.75,6919.75
1770912300,6919.50,6921.00,6906.50,6908.50
1770912600,6908.25,6909.75,6898.25,6901.25
1770912900,6901.25,6903.00,6889.25,6893.50
1770913200,6893.50,6895.00,6882.25,6888.50
1770913500,6888.25,6889.00,6873.50,6873.75
1770913800,6874.00,6888.75,6873.25,6883.50
1770914100,6883.75,6896.25,6882.00,6894.00
1770914400,6894.00,6896.75,6885.25,6887.25
1770914700,6887.25,6891.75,6878.50,6883.00
1770915000,6883.00,6887.25,6876.75,6880.00
1770915300,6880.75,6885.50,6879.75,6884.75
1770915600,6884.25,6884.75,6871.50,6882.25
1770915900,6882.25,6889.25,6874.00,6886.50
1770916200,6886.25,6886.75,6874.25,6876.50
1770916500,6876.50,6879.50,6872.75,6873.25
1770916800,6873.25,6888.50,6873.25,6887.00
1770917100,6886.75,6890.75,6876.75,6879.25
1770917400,6878.75,6886.50,6876.75,6885.00
1770917700,6885.25,6894.00,6885.00,6886.25
1770918000,6886.50,6891.75,6883.25,6889.25
1770918300,6889.50,6892.25,6879.00,6882.50
1770918600,6882.50,6887.25,6873.00,6875.50
1770918900,6875.25,6878.25,6867.25,6867.75
1770919200,6867.75,6874.50,6862.50,6869.25
1770919500,6869.75,6879.25,6868.75,6871.50
1770919800,6872.00,6873.75,6868.50,6871.00
1770920100,6870.75,6871.50,6862.25,6864.00
1770920400,6864.00,6875.50,6864.00,6873.50
1770920700,6873.50,6875.50,6859.75,6869.50
1770921000,6869.75,6873.75,6866.00,6871.50
1770921300,6871.75,6880.50,6870.25,6880.50
1770921600,6880.50,6887.50,6876.75,6886.50
1770921900,6886.50,6888.75,6883.00,6884.00
1770922200,6883.75,6891.50,6881.50,6888.50
1770922500,6888.50,6890.75,6881.00,6885.25
1770922800,6885.50,6889.75,6881.25,6882.75
1770923100,6883.00,6887.50,6882.50,6882.75
1770923400,6882.75,6884.75,6874.00,6879.75
1770923700,6879.50,6889.75,6879.25,6888.75
1770924000,6888.75,6892.50,6887.00,6890.00
1770924300,6890.00,6891.25,6878.25,6879.75
1770924600,6879.50,6889.00,6879.25,6886.50
1770924900,6886.25,6891.75,6885.25,6891.25
1770925200,6891.25,6893.75,6885.75,6888.50
1770925500,6888.50,6895.75,6888.50,6895.25
1770925800,6895.25,6898.00,6891.00,6891.50
1770926100,6892.00,6896.50,6886.25,6889.75
1770926400,6890.00,6893.00,6887.75,6892.25
1770926700,6892.50,6893.75,6884.50,6885.25
1770927000,6885.50,6887.25,6880.00,6886.50
1770927300,6886.75,6887.00,6878.75,6879.25
1770927600,6879.25,6879.75,6873.50,6875.50
1770927900,6875.50,6876.00,6869.00,6870.00
1770928200,6870.25,6872.00,6863.00,6867.25
1770928500,6867.50,6869.75,6865.25,6867.25
1770928800,6867.25,6872.00,6862.25,6864.75
1770929100,6864.75,6865.75,6854.00,6856.75
1770929400,6856.50,6856.50,6841.75,6855.50
1770929700,6855.50,6856.50,6847.50,6850.50
1770930000,6850.75,6852.00,6846.75,6851.00
1770930300,6850.75,6856.00,6848.75,6854.50
1770930600,6854.50,6856.75,6853.50,6855.75
1770993000,6851.50,6859.75,6843.00,6846.50
1770993300,6846.50,6847.00,6832.00,6832.75
1770993600,6833.00,6840.00,6809.25,6839.00
1770993900,6839.00,6863.00,6838.25,6848.75
1770994200,6848.50,6849.75,6831.75,6839.25
1770994500,6839.00,6855.00,6830.00,6833.50
1770994800,6833.50,6851.25,6832.50,6844.25
1770995100,6844.00,6859.50,6834.75,6859.00
1770995400,6859.25,6864.25,6847.25,6848.00
1770995700,6848.00,6858.00,6839.50,6844.75
1770996000,6844.75,6856.50,6839.00,6847.00
1770996300,6847.00,6868.50,6846.00,6864.50
1770996600,6864.25,6880.00,6863.25,6876.00
1770996900,6876.00,6881.00,6862.75,6863.50
1770997200,6863.25,6866.75,6850.25,6851.25
1770997500,6851.50,6858.00,6842.50,6846.50
1770997800,6846.75,6863.25,6845.75,6860.50
1770998100,6861.00,6867.00,6857.25,6860.25
1770998400,6860.25,6869.50,6859.50,6869.25
1770998700,6869.00,6877.00,6868.00,6874.50
1770999000,6874.75,6875.00,6861.50,6869.25
1770999300,6869.50,6876.50,6865.50,6865.75
1770999600,6866.25,6869.50,6852.75,6858.50
1770999900,6858.50,6874.50,6856.75,6873.00
1771000200,6872.75,6877.25,6863.50,6873.50
1771000500,6873.50,6879.50,6867.75,6879.50
1771000800,6879.25,6881.25,6874.25,6880.50
1771001100,6880.50,6885.25,6877.50,6879.25
1771001400,6879.25,6885.00,6877.00,6885.00
1771001700,6885.00,6890.25,6882.50,6882.50
1771002000,6882.50,6889.50,6879.50,6888.00
1771002300,6888.00,6891.75,6885.25,6887.00
1771002600,6887.00,6895.50,6886.75,6894.75
1771002900,6894.75,6895.25,6883.00,6885.50
1771003200,6885.50,6895.25,6884.50,6892.50
1771003500,6892.75,6893.25,6887.50,6888.75
1771003800,6889.00,6896.00,6887.75,6893.50
1771004100,6893.50,6895.50,6890.75,6894.75
1771004400,6894.75,6897.75,6892.00,6892.00
1771004700,6891.75,6895.75,6889.25,6894.75
1771005000,6895.00,6895.00,6888.00,6890.00
1771005300,6890.25,6891.25,6883.75,6886.25
1771005600,6886.25,6889.00,6878.50,6879.75
1771005900,6879.75,6884.75,6875.50,6882.00
1771006200,6882.25,6889.75,6882.00,6887.75
1771006500,6887.50,6893.25,6884.50,6888.50
1771006800,6888.50,6897.75,6888.25,6894.25
1771007100,6894.50,6896.75,6884.50,6888.75
1771007400,6889.00,6894.00,6886.25,6893.00
1771007700,6893.25,6896.00,6888.00,6892.75
1771008000,6893.00,6893.50,6883.50,6885.00
1771008300,6885.00,6892.00,6884.75,6886.75
1771008600,6886.75,6887.00,6878.75,6883.75
1771008900,6883.50,6885.25,6878.25,6881.50
1771009200,6881.75,6885.25,6879.00,6879.75
1771009500,6880.00,6886.75,6879.50,6885.50
1771009800,6885.50,6888.50,6881.25,6884.75
1771010100,6884.75,6886.00,6880.25,6885.00
1771010400,6885.00,6888.50,6882.75,6887.25
1771010700,6887.50,6888.25,6875.75,6878.25
1771011000,6878.25,6884.25,6877.25,6881.75
1771011300,6881.75,6882.75,6872.75,6875.75
1771011600,6875.50,6877.75,6867.50,6871.25
1771011900,6871.50,6877.50,6869.25,6872.75
1771012200,6873.00,6874.50,6865.75,6867.50
1771012500,6867.50,6870.50,6857.50,6858.50
1771012800,6858.75,6867.75,6858.50,6866.00
1771013100,6866.00,6867.50,6861.25,6866.00
1771013400,6866.25,6866.25,6855.75,6856.00
1771013700,6856.00,6861.50,6853.25,6860.75
1771014000,6860.50,6861.00,6851.50,6851.50
1771014300,6851.75,6853.25,6838.25,6841.00
1771014600,6841.00,6847.25,6836.50,6837.25
1771014900,6837.00,6841.75,6834.75,6838.50
1771015200,6838.50,6843.25,6832.75,6836.50
1771015500,6836.50,6848.75,6835.75,6846.75
1771015800,6847.00,6851.00,6838.25,6849.00
1771016100,6849.00,6852.75,6842.75,6850.25
1771016400,6850.25,6856.75,6847.50,6848.50
1771016700,6848.50,6849.50,6845.50,6847.25
1771017000,6847.25,6852.75,6846.00,6852.75
1771252200,6859.00,6861.75,6856.00,6858.50
1771252500,6858.25,6860.25,6853.25,6854.00
1771252800,6854.00,6855.00,6848.00,6851.75
1771253100,6851.50,6852.75,6846.25,6852.00
1771253400,6852.00,6857.00,6852.00,6855.75
1771253700,6855.75,6861.75,6855.50,6858.75
1771254000,6859.00,6863.25,6859.00,6862.50
1771254300,6862.25,6863.75,6860.75,6862.00
1771254600,6862.25,6862.50,6857.25,6857.50
1771254900,6857.75,6860.00,6855.50,6856.50
1771255200,6856.50,6857.50,6851.50,6853.00
1771255500,6853.00,6853.25,6849.50,6849.75
1771255800,6849.75,6851.75,6844.25,6846.25
1771256100,6846.25,6848.00,6843.25,6845.00
1771256400,6845.00,6847.00,6843.50,6843.75
1771256700,6844.00,6850.25,6842.25,6850.00
1771257000,6850.00,6853.25,6850.00,6851.25
1771257300,6851.25,6851.50,6843.50,6843.75
1771257600,6843.75,6844.75,6841.00,6843.50
1771257900,6843.50,6851.50,6843.25,6850.75
1771258200,6851.00,6856.75,6850.50,6856.75
1771258500,6857.00,6858.00,6846.75,6847.25
1771258800,6846.75,6848.50,6845.00,6845.75
1771259100,6845.50,6853.75,6844.00,6852.50
1771259400,6852.75,6856.50,6851.00,6851.50
1771259700,6851.50,6851.75,6843.00,6844.00
1771260000,6844.00,6850.25,6843.50,6850.25
1771260300,6850.25,6853.75,6848.50,6853.00
1771260600,6853.00,6854.75,6850.50,6851.75
1771260900,6851.50,6852.75,6850.25,6852.50
1771261200,6852.50,6854.75,6850.50,6854.25
1771261500,6854.25,6855.25,6850.75,6852.75
1771261800,6852.75,6854.25,6851.50,6853.00
1771262100,6853.25,6853.50,6849.25,6851.00
1771262400,6851.00,6852.75,6850.50,6851.25
1771262700,6851.25,6854.75,6850.50,6854.75
1771263000,6854.75,6858.75,6854.75,6857.00
1771263300,6857.00,6858.25,6854.75,6857.25
1771263600,6857.25,6857.50,6855.00,6857.50
1771263900,6857.50,6858.00,6854.50,6857.75
1771264200,6857.75,6859.75,6854.75,6855.50
1771264500,6856.00,6856.75,6850.75,6854.75
1771338600,6835.00,6854.00,6834.00,6851.50
1771338900,6851.25,6861.75,6848.25,6859.00
1771339200,6858.75,6861.75,6838.25,6841.25
1771339500,6841.00,6846.75,6830.50,6836.50
1771339800,6836.50,6840.25,6809.75,6811.75
1771340100,6812.00,6812.75,6798.25,6799.75
1771340400,6799.75,6816.25,6796.25,6814.50
1771340700,6814.50,6819.00,6806.00,6807.00
1771341000,6807.50,6813.50,6800.00,6802.25
1771341300,6802.25,6831.25,6801.50,6829.75
1771341600,6830.00,6830.50,6810.25,6812.25
1771341900,6812.25,6815.75,6801.25,6806.75
1771342200,6806.50,6810.00,6791.25,6794.25
1771342500,6794.50,6803.25,6791.25,6791.75
1771342800,6791.75,6801.25,6791.00,6800.00
1771343100,6800.25,6815.75,6798.50,6810.50
1771343400,6810.00,6816.25,6803.50,6813.00
1771343700,6813.00,6820.25,6809.75,6819.75
1771344000,6819.50,6833.75,6817.75,6829.00
1771344300,6828.75,6845.75,6827.75,6844.50
1771344600,6844.50,6860.00,6844.00,6857.75
1771344900,6857.50,6863.50,6853.50,6861.50
1771345200,6861.75,6866.75,6856.25,6864.50
1771345500,6864.25,6865.50,6849.25,6850.50
1771345800,6850.25,6853.25,6842.25,6851.50
1771346100,6851.75,6862.75,6849.25,6858.50
1771346400,6858.75,6860.25,6851.75,6852.50
1771346700,6852.25,6856.25,6849.25,6850.50
1771347000,6851.25,6858.75,6850.75,6858.25
1771347300,6858.50,6864.75,6853.50,6858.75
1771347600,6858.50,6859.75,6849.50,6854.25
1771347900,6854.00,6858.25,6850.50,6851.00
1771348200,6851.00,6853.25,6842.75,6846.75
1771348500,6846.50,6850.50,6843.75,6847.25
1771348800,6847.50,6849.00,6838.00,6845.25
1771349100,6845.25,6856.25,6843.75,6856.00
1771349400,6856.25,6857.50,6844.00,6851.50
1771349700,6851.50,6855.00,6847.75,6850.25
1771350000,6850.25,6850.50,6833.75,6834.00
1771350300,6834.00,6840.75,6829.25,6836.25
1771350600,6836.50,6840.75,6825.25,6828.25
1771350900,6828.25,6845.75,6826.50,6844.25
1771351200,6844.25,6845.75,6837.25,6841.75
1771351500,6841.75,6843.00,6834.75,6837.25
1771351800,6837.50,6842.50,6832.00,6837.00
1771352100,6837.00,6840.25,6832.75,6837.00
1771352400,6836.50,6859.75,6835.50,6854.50
1771352700,6854.75,6859.75,6848.50,6858.00
1771353000,6858.25,6864.25,6854.25,6861.25
1771353300,6861.00,6868.25,6857.00,6868.00
1771353600,6867.75,6875.25,6867.00,6870.00
1771353900,6870.00,6873.75,6868.50,6872.75
1771354200,6872.75,6878.25,6870.50,6877.75
1771354500,6877.75,6881.50,6873.00,6875.25
1771354800,6875.00,6879.00,6872.25,6877.75
1771355100,6877.75,6879.50,6872.75,6874.25
1771355400,6874.25,6876.75,6870.25,6876.00
1771355700,6876.00,6877.00,6872.25,6873.75
1771356000,6873.75,6880.50,6872.50,6879.25
1771356300,6879.50,6879.75,6873.00,6874.25
1771356600,6874.25,6880.75,6872.25,6880.75
1771356900,6880.50,6883.25,6876.75,6879.75
1771357200,6880.00,6883.75,6878.25,6881.50
1771357500,6881.50,6882.00,6877.25,6878.25
1771357800,6878.50,6878.75,6870.00,6873.75
1771358100,6873.75,6874.75,6868.50,6870.00
1771358400,6870.00,6875.25,6868.75,6872.00
1771358700,6872.00,6873.00,6867.25,6868.25
1771359000,6868.25,6869.50,6865.75,6869.25
1771359300,6869.25,6871.75,6865.00,6865.25
1771359600,6865.25,6868.00,6861.25,6862.75
1771359900,6862.50,6865.75,6861.00,6863.00
1771360200,6863.00,6863.50,6855.00,6857.50
1771360500,6857.75,6860.00,6854.25,6855.75
1771360800,6855.75,6867.50,6855.25,6864.25
1771361100,6864.00,6865.00,6860.00,6861.75
1771361400,6861.75,6866.50,6855.50,6858.50
1771361700,6858.50,6864.00,6853.50,6862.25
1771362000,6862.25,6865.25,6857.75,6860.25
1771362300,6860.25,6862.00,6858.75,6859.75
1771362600,6859.75,6862.25,6858.50,6861.75
1771425000,6873.75,6877.25,6861.25,6868.25
1771425300,6868.50,6880.00,6865.75,6876.00
1771425600,6875.75,6888.25,6872.50,6883.75
1771425900,6883.50,6886.50,6869.00,6870.75
1771426200,6871.00,6887.75,6869.50,6886.00
1771426500,6886.25,6897.75,6885.25,6895.50
1771426800,6895.50,6910.25,6894.75,6910.25
1771427100,6910.00,6915.50,6905.75,6908.00
1771427400,6907.75,6913.00,6904.00,6912.25
1771427700,6912.25,6919.00,6910.50,6913.25
1771428000,6913.25,6916.00,6910.25,6910.50
1771428300,6910.75,6915.00,6908.75,6912.75
1771428600,6912.75,6913.75,6907.25,6907.75
1771428900,6907.75,6915.75,6906.75,6915.00
1771429200,6914.75,6919.50,6913.75,6917.00
1771429500,6917.25,6920.75,6914.50,6917.75
1771429800,6917.75,6919.50,6913.75,6918.75
1771430100,6918.50,6921.50,6917.75,6919.50
1771430400,6919.25,6920.00,6916.25,6919.50
1771430700,6919.75,6923.75,6917.00,6917.50
1771431000,6917.50,6920.25,6916.75,6918.25
1771431300,6918.25,6921.00,6915.50,6916.00
1771431600,6916.00,6918.00,6914.25,6917.50
1771431900,6917.25,6918.50,6914.50,6916.25
1771432200,6916.50,6921.75,6915.50,6918.75
1771432500,6919.00,6919.75,6917.00,6919.25
1771432800,6919.25,6920.75,6916.75,6917.25
1771433100,6917.00,6919.00,6914.25,6914.50
1771433400,6914.75,6916.25,6910.00,6911.25
1771433700,6911.25,6913.50,6908.75,6909.00
1771434000,6909.25,6915.75,6907.50,6915.25
1771434300,6915.50,6923.25,6915.00,6918.75
1771434600,6919.00,6920.50,6913.75,6916.00
1771434900,6916.25,6920.75,6915.00,6920.25
1771435200,6920.00,6920.75,6918.50,6918.75
1771435500,6918.50,6918.50,6915.50,6916.25
1771435800,6916.25,6918.25,6912.75,6913.75
1771436100,6913.50,6917.00,6913.25,6916.00
1771436400,6916.00,6916.25,6912.75,6914.25
1771436700,6914.25,6917.75,6913.25,6915.50
1771437000,6915.75,6921.25,6915.50,6920.75
1771437300,6920.75,6922.25,6917.50,6919.25
1771437600,6919.00,6925.75,6918.75,6921.50
1771437900,6921.50,6922.25,6918.25,6919.50
1771438200,6919.25,6920.75,6917.75,6918.75
1771438500,6918.75,6922.00,6918.50,6918.75
1771438800,6919.00,6919.50,6914.50,6915.00
1771439100,6915.00,6916.50,6908.50,6911.75
1771439400,6911.75,6913.50,6908.00,6911.25
1771439700,6911.25,6914.00,6910.00,6910.00
1771440000,6910.25,6911.00,6900.00,6904.50
1771440300,6904.25,6909.50,6903.25,6905.50
1771440600,6905.50,6905.75,6894.00,6902.75
1771440900,6902.50,6905.00,6900.25,6903.25
1771441200,6903.25,6907.75,6899.25,6907.00
1771441500,6907.00,6907.50,6900.25,6900.25
1771441800,6900.25,6904.50,6897.50,6897.75
1771442100,6898.00,6899.00,6894.25,6895.50
1771442400,6895.50,6902.75,6895.25,6900.25
1771442700,6900.50,6902.50,6895.75,6897.75
1771443000,6897.75,6900.00,6890.50,6892.25
1771443300,6892.25,6892.75,6882.00,6885.50
1771443600,6885.50,6890.50,6883.50,6885.00
1771443900,6885.25,6891.75,6884.00,6886.75
1771444200,6886.50,6887.50,6880.75,6881.75
1771444500,6881.75,6883.00,6873.75,6879.25
1771444800,6879.50,6887.00,6878.25,6883.25
1771445100,6883.25,6884.25,6877.75,6878.75
1771445400,6879.00,6880.50,6874.25,6877.50
1771445700,6877.25,6880.00,6872.25,6876.50
1771446000,6876.75,6877.25,6872.50,6877.00
1771446300,6876.75,6877.75,6873.75,6875.50
1771446600,6875.25,6885.50,6874.50,6884.25
1771446900,6884.25,6889.75,6882.75,6888.75
1771447200,6888.75,6892.50,6886.75,6890.00
1771447500,6890.25,6898.75,6888.00,6897.50
1771447800,6897.50,6905.50,6896.00,6904.00
1771448100,6904.00,6904.75,6892.25,6895.25
1771448400,6895.25,6897.00,6892.50,6894.00
1771448700,6893.75,6894.25,6891.00,6891.50
1771449000,6891.50,6893.75,6891.00,6893.25
1771511400,6870.75,6877.50,6867.75,6871.75
1771511700,6872.00,6872.75,6856.75,6869.00
1771512000,6868.75,6880.00,6861.75,6878.50
1771512300,6878.50,6879.50,6864.75,6873.25
1771512600,6873.00,6885.50,6872.75,6881.25
1771512900,6881.00,6890.75,6879.75,6882.75
1771513200,6882.50,6894.50,6876.00,6887.75
1771513500,6887.75,6889.00,6875.25,6876.75
1771513800,6876.50,6881.50,6872.00,6874.00
1771514100,6874.00,6885.75,6873.50,6880.50
1771514400,6880.75,6886.25,6874.25,6885.50
1771514700,6885.50,6885.75,6870.50,6871.75
1771515000,6871.50,6890.25,6869.75,6889.75
1771515300,6889.75,6891.25,6885.00,6887.50
1771515600,6887.25,6891.50,6885.50,6888.00
1771515900,6888.00,6891.00,6884.00,6887.50
1771516200,6887.75,6888.00,6875.00,6876.25
1771516500,6876.00,6887.75,6876.00,6886.00
1771516800,6886.00,6888.75,6878.00,6879.00
1771517100,6879.25,6880.50,6871.25,6879.75
1771517400,6879.75,6882.75,6875.50,6881.75
1771517700,6881.75,6890.50,6880.75,6888.75
1771518000,6888.75,6891.00,6885.75,6888.00
1771518300,6888.00,6889.50,6873.25,6874.00
1771518600,6874.00,6885.50,6874.00,6884.50
1771518900,6884.75,6884.75,6876.50,6878.50
1771519200,6878.75,6880.00,6867.75,6869.00
1771519500,6868.75,6873.00,6862.50,6865.00
1771519800,6864.75,6873.75,6859.50,6872.50
1771520100,6873.00,6873.75,6866.25,6867.50
1771520400,6867.75,6869.25,6860.25,6862.25
1771520700,6862.25,6868.00,6859.25,6862.50
1771521000,6862.50,6869.00,6861.50,6867.75
1771521300,6867.75,6875.00,6864.75,6873.50
1771521600,6873.50,6880.50,6871.25,6877.25
1771521900,6877.25,6878.00,6869.50,6871.75
1771522200,6871.50,6873.75,6869.75,6871.25
1771522500,6871.00,6873.75,6867.00,6870.50
1771522800,6870.50,6875.00,6869.25,6870.00
1771523100,6870.00,6870.75,6856.00,6859.25
1771523400,6859.25,6865.00,6854.50,6859.00
1771523700,6859.00,6863.50,6853.25,6856.75
1771524000,6856.50,6858.25,6852.50,6852.75
1771524300,6853.00,6859.25,6852.75,6858.25
1771524600,6858.25,6866.75,6856.00,6865.00
1771524900,6864.75,6865.25,6852.25,6852.75
1771525200,6853.00,6857.00,6847.50,6855.75
1771525500,6855.75,6859.75,6852.00,6856.25
1771525800,6856.00,6860.00,6852.25,6853.75
1771526100,6854.00,6857.75,6852.00,6857.25
1771526400,6857.25,6860.25,6854.00,6859.00
1771526700,6859.00,6867.00,6858.75,6865.50
1771527000,6865.75,6867.75,6861.75,6865.25
1771527300,6865.00,6871.25,6863.25,6869.75
1771527600,6869.75,6870.75,6866.25,6868.25
1771527900,6868.00,6872.75,6867.25,6872.25
1771528200,6872.25,6872.50,6867.00,6869.25
1771528500,6869.25,6872.50,6868.00,6872.00
1771528800,6871.75,6873.00,6868.75,6871.75
1771529100,6871.75,6872.50,6862.50,6865.00
1771529400,6865.00,6868.00,6863.75,6865.75
1771529700,6866.00,6866.50,6852.25,6852.75
1771530000,6852.50,6858.00,6851.00,6857.00
1771530300,6856.75,6859.25,6853.00,6856.75
1771530600,6856.75,6861.25,6854.50,6857.00
1771530900,6857.00,6860.25,6856.50,6857.75
1771531200,6857.50,6867.25,6857.50,6865.25
1771531500,6865.50,6865.50,6861.75,6862.75
1771531800,6863.00,6865.50,6861.00,6864.25
1771532100,6864.00,6865.00,6858.75,6865.00
1771532400,6865.00,6866.25,6860.75,6862.00
1771532700,6861.75,6863.00,6860.25,6861.50
1771533000,6861.25,6868.50,6860.50,6865.50
1771533300,6865.50,6867.50,6863.00,6864.50
1771533600,6864.75,6866.75,6861.50,6865.75
1771533900,6866.00,6872.50,6865.00,6871.00
1771534200,6870.75,6873.25,6867.75,6872.25
1771534500,6872.00,6878.50,6869.75,6878.00
1771534800,6878.25,6880.50,6875.75,6879.25
1771535100,6879.50,6880.75,6878.50,6879.00
1771535400,6879.00,6879.50,6877.50,6878.00
1771597800,6852.75,6864.75,6847.25,6863.50
1771598100,6863.25,6875.75,6860.00,6869.25
1771598400,6869.00,6884.00,6865.75,6879.00
1771598700,6879.00,6882.25,6870.50,6871.50
1771599000,6871.75,6874.50,6864.75,6871.50
1771599300,6871.75,6880.75,6868.50,6879.75
1771599600,6879.75,6925.00,6877.50,6900.00
1771599900,6900.00,6902.50,6875.75,6902.00
1771600200,6902.00,6910.75,6884.00,6884.50
1771600500,6885.00,6903.50,6872.25,6896.50
1771600800,6896.75,6910.75,6895.00,6904.75
1771601100,6904.75,6911.50,6893.50,6898.75
1771601400,6899.00,6904.25,6885.50,6891.25
1771601700,6891.25,6905.50,6886.75,6903.00
1771602000,6903.25,6912.75,6890.50,6911.25
1771602300,6911.50,6918.25,6904.25,6912.50
1771602600,6912.50,6921.50,6906.50,6919.50
1771602900,6919.25,6922.75,6915.75,6919.00
1771603200,6919.00,6923.50,6913.75,6919.75
1771603500,6920.00,6920.00,6913.50,6914.25
1771603800,6914.50,6919.25,6910.25,6911.50
1771604100,6911.50,6913.50,6900.50,6907.75
1771604400,6907.50,6907.75,6897.25,6900.00
1771604700,6900.25,6901.00,6891.50,6891.75
1771605000,6891.75,6905.50,6889.25,6903.25
1771605300,6903.50,6911.75,6897.75,6911.75
1771605600,6911.75,6919.75,6908.75,6915.50
1771605900,6915.25,6922.00,6914.75,6920.75
1771606200,6920.75,6922.50,6915.50,6920.00
1771606500,6920.00,6921.75,6914.50,6916.50
1771606800,6916.50,6919.50,6909.25,6909.50
1771607100,6909.75,6910.50,6901.00,6901.50
1771607400,6901.75,6902.00,6891.25,6891.50
1771607700,6891.50,6891.50,6878.75,6881.00
1771608000,6880.75,6883.50,6872.00,6872.50
1771608300,6872.50,6882.75,6871.00,6882.75
1771608600,6882.50,6891.50,6880.75,6887.75
1771608900,6888.25,6891.50,6879.75,6889.75
1771609200,6889.75,6892.50,6883.25,6890.50
1771609500,6890.75,6900.00,6887.75,6898.75
1771609800,6899.00,6907.75,6894.50,6904.50
1771610100,6904.25,6907.75,6891.25,6905.25
1771610400,6905.00,6908.75,6900.50,6901.00
1771610700,6901.25,6909.00,6899.75,6903.25
1771611000,6903.50,6903.75,6897.50,6901.50
1771611300,6901.75,6902.00,6894.25,6897.75
1771611600,6898.00,6902.50,6887.25,6900.00
1771611900,6900.25,6901.50,6891.00,6896.25
1771612200,6896.25,6919.00,6888.00,6909.25
1771612500,6909.25,6915.50,6894.00,6908.50
1771612800,6908.50,6921.00,6908.25,6917.75
1771613100,6917.75,6931.00,6917.75,6922.00
1771613400,6922.00,6926.50,6913.25,6924.75
1771613700,6925.00,6926.75,6921.00,6924.00
1771614000,6924.25,6929.25,6923.25,6925.50
1771614300,6926.00,6926.00,6919.00,6922.00
1771614600,6922.50,6922.75,6915.25,6916.25
1771614900,6916.00,6917.25,6913.25,6915.00
1771615200,6915.25,6921.25,6914.00,6918.00
1771615500,6918.00,6919.00,6913.25,6916.75
1771615800,6917.00,6922.50,6916.75,6918.75
1771616100,6918.75,6919.75,6914.25,6915.25
1771616400,6915.25,6917.75,6910.50,6911.25
1771616700,6911.50,6913.25,6908.75,6911.25
1771617000,6911.25,6917.50,6910.50,6912.00
1771617300,6912.00,6915.00,6909.75,6911.25
1771617600,6911.50,6919.50,6911.00,6917.25
1771617900,6917.00,6924.25,6917.00,6921.50
1771618200,6921.25,6923.00,6918.75,6922.25
1771618500,6922.50,6923.00,6916.50,6916.75
1771618800,6917.00,6918.00,6913.50,6915.50
1771619100,6915.50,6916.50,6912.00,6914.50
1771619400,6914.50,6918.25,6913.75,6915.50
1771619700,6915.50,6918.25,6913.25,6917.75
1771620000,6917.75,6921.75,6916.25,6921.50
1771620300,6921.50,6922.00,6917.75,6918.00
1771620600,6918.00,6920.75,6914.25,6919.00
1771620900,6919.00,6926.25,6917.00,6924.50
1771621200,6924.75,6928.50,6922.25,6927.25
1771621500,6927.00,6929.25,6925.75,6927.00
1771621800,6927.00,6928.25,6925.50,6928.25
1771857000,6908.00,6927.75,6906.50,6923.75
1771857300,6923.75,6930.50,6918.75,6925.50
1771857600,6925.75,6925.75,6904.25,6905.00
1771857900,6905.00,6908.75,6897.25,6898.50
1771858200,6898.50,6911.50,6898.25,6900.50
1771858500,6900.50,6902.50,6892.25,6894.75
1771858800,6894.50,6902.25,6881.75,6882.25
1771859100,6882.25,6886.75,6876.00,6878.50
1771859400,6878.75,6886.50,6874.75,6877.25
1771859700,6877.25,6880.00,6874.50,6879.25
1771860000,6879.00,6885.25,6873.50,6877.50
1771860300,6877.75,6878.00,6872.00,6874.50
1771860600,6874.50,6879.50,6869.00,6869.50
1771860900,6869.75,6874.25,6865.50,6870.25
1771861200,6870.25,6872.00,6863.25,6866.00
1771861500,6866.25,6869.00,6862.50,6865.00
1771861800,6865.00,6868.25,6856.00,6857.25
1771862100,6857.25,6858.50,6851.00,6851.75
1771862400,6852.00,6854.50,6837.50,6842.50
1771862700,6842.50,6843.25,6836.50,6838.50
1771863000,6838.75,6843.50,6834.75,6836.25
1771863300,6836.25,6845.50,6833.00,6845.00
1771863600,6844.75,6850.75,6843.75,6847.00
1771863900,6847.00,6858.75,6846.75,6858.00
1771864200,6858.25,6860.50,6854.25,6856.00
1771864500,6855.75,6859.50,6853.25,6854.00
1771864800,6854.00,6857.00,6851.50,6853.50
1771865100,6853.50,6855.25,6847.00,6850.75
1771865400,6850.50,6855.75,6849.00,6851.25
1771865700,6851.25,6852.75,6847.25,6849.00
1771866000,6849.00,6854.00,6847.25,6850.25
1771866300,6850.00,6854.25,6848.50,6850.00
1771866600,6850.00,6852.00,6845.00,6847.00
1771866900,6847.00,6852.25,6846.50,6847.50
1771867200,6847.50,6852.00,6846.75,6847.75
1771867500,6847.75,6850.25,6846.00,6846.25
1771867800,6846.25,6846.75,6841.75,6843.00
1771868100,6842.75,6843.00,6835.25,6835.25
1771868400,6835.25,6846.25,6835.00,6840.75
1771868700,6840.75,6844.50,6839.00,6840.50
1771869000,6840.25,6851.00,6840.00,6848.75
1771869300,6849.00,6852.75,6847.00,6850.00
1771869600,6849.75,6854.50,6848.75,6853.75
1771869900,6853.75,6858.50,6853.00,6858.25
1771870200,6858.25,6861.50,6855.75,6860.50
1771870500,6860.25,6863.75,6859.25,6861.00
1771870800,6861.00,6867.50,6860.25,6866.75
1771871100,6867.00,6869.25,6865.25,6867.75
1771871400,6867.75,6868.00,6863.50,6866.75
1771871700,6866.75,6868.75,6863.25,6863.50
1771872000,6863.75,6865.25,6857.75,6860.00
1771872300,6859.75,6863.50,6857.75,6861.50
1771872600,6861.50,6862.25,6854.25,6855.00
1771872900,6854.50,6855.75,6848.00,6849.50
1771873200,6849.50,6852.25,6847.00,6847.50
1771873500,6847.50,6850.75,6846.75,6848.75
1771873800,6848.50,6851.00,6846.25,6848.00
1771874100,6848.25,6850.25,6845.50,6847.00
1771874400,6847.00,6848.50,6844.25,6846.75
1771874700,6846.75,6848.50,6841.00,6842.25
1771875000,6842.00,6846.25,6841.50,6842.75
1771875300,6842.50,6842.50,6839.00,6840.75
1771875600,6841.00,6841.25,6834.75,6837.75
1771875900,6838.00,6844.50,6837.00,6843.25
1771876200,6843.00,6844.00,6840.25,6841.25
1771876500,6841.00,6844.75,6839.00,6840.00
1771876800,6840.00,6843.75,6839.25,6841.50
1771877100,6841.50,6842.75,6837.25,6838.25
1771877400,6838.50,6839.50,6835.75,6836.50
1771877700,6836.50,6841.50,6836.50,6839.25
1771878000,6839.00,6840.50,6837.00,6840.50
1771878300,6840.25,6845.00,6839.75,6842.75
1771878600,6843.00,6852.00,6842.50,6850.50
1771878900,6850.50,6850.50,6844.25,6845.75
1771879200,6845.75,6847.50,6840.75,6846.00
1771879500,6846.25,6849.75,6843.00,6849.00
1771879800,6849.00,6852.50,6838.75,6840.00
1771880100,6840.00,6854.25,6838.25,6854.00
1771880400,6854.00,6856.25,6851.00,6854.75
1771880700,6854.75,6857.00,6854.25,6857.00
1771881000,6857.00,6858.50,6856.25,6858.00
1771943400,6847.50,6850.75,6834.25,6836.25
1771943700,6836.50,6854.25,6828.50,6851.50
1771944000,6851.50,6872.75,6850.50,6872.50
1771944300,6872.25,6883.75,6869.25,6877.75
1771944600,6877.75,6878.75,6868.25,6870.50
1771944900,6870.50,6870.50,6856.50,6861.00
1771945200,6860.50,6862.00,6849.25,6855.75
1771945500,6855.50,6869.25,6855.00,6867.75
1771945800,6867.75,6871.25,6858.50,6861.00
1771946100,6861.00,6872.75,6859.25,6870.75
1771946400,6870.50,6881.25,6869.25,6881.00
1771946700,6881.00,6893.25,6878.50,6892.50
1771947000,6892.50,6894.50,6888.50,6890.50
1771947300,6890.75,6891.00,6885.50,6888.50
1771947600,6888.25,6895.00,6887.00,6892.25
1771947900,6892.25,6892.50,6887.25,6889.50
1771948200,6889.50,6889.75,6883.75,6885.25
1771948500,6885.25,6887.50,6880.75,6883.00
1771948800,6882.75,6891.00,6882.00,6890.00
1771949100,6889.75,6892.75,6887.50,6890.75
1771949400,6890.75,6898.25,6888.50,6895.25
1771949700,6895.25,6897.00,6889.25,6891.25
1771950000,6891.25,6891.50,6887.00,6889.25
1771950300,6889.25,6891.50,6888.25,6890.25
1771950600,6890.25,6890.50,6880.75,6881.75
1771950900,6882.00,6887.75,6881.25,6886.75
1771951200,6886.50,6890.75,6883.75,6884.75
1771951500,6884.75,6889.75,6884.00,6888.00
1771951800,6887.75,6894.50,6886.00,6893.50
1771952100,6893.25,6896.50,6891.75,6894.00
1771952400,6894.00,6897.75,6893.00,6895.00
1771952700,6895.25,6899.75,6895.00,6899.50
1771953000,6899.75,6905.00,6899.50,6901.75
1771953300,6901.75,6905.50,6901.00,6902.75
1771953600,6902.50,6905.25,6902.50,6904.00
1771953900,6904.00,6907.50,6903.50,6904.75
1771954200,6905.00,6906.00,6903.00,6904.00
1771954500,6904.00,6904.50,6902.25,6903.50
1771954800,6903.50,6904.50,6900.25,6900.75
1771955100,6900.75,6905.25,6898.75,6904.50
1771955400,6904.50,6906.00,6902.50,6903.00
1771955700,6903.25,6904.50,6901.75,6903.25
1771956000,6902.75,6910.50,6902.50,6909.25
1771956300,6909.00,6909.00,6904.75,6905.00
1771956600,6905.00,6906.00,6903.25,6904.00
1771956900,6904.00,6904.50,6901.75,6902.25
1771957200,6902.25,6903.25,6900.00,6900.25
1771957500,6900.25,6901.50,6898.50,6899.50
1771957800,6899.75,6902.75,6898.25,6901.50
1771958100,6901.25,6907.00,6900.00,6906.00
1771958400,6906.25,6907.75,6904.50,6906.50
1771958700,6906.75,6908.25,6904.00,6906.00
1771959000,6906.00,6907.75,6905.75,6906.75
1771959300,6906.75,6907.50,6903.75,6903.75
1771959600,6903.75,6905.50,6903.00,6903.25
1771959900,6903.50,6904.25,6900.75,6902.00
1771960200,6902.00,6902.75,6899.50,6901.00
1771960500,6901.00,6901.25,6895.50,6898.00
1771960800,6898.00,6899.00,6895.75,6897.25
1771961100,6897.00,6900.00,6896.00,6898.00
1771961400,6898.00,6900.75,6897.25,6897.75
1771961700,6897.75,6899.50,6897.00,6899.00
1771962000,6899.25,6903.00,6898.50,6901.00
1771962300,6901.25,6902.75,6899.25,6901.25
1771962600,6901.25,6906.00,6901.00,6901.50
1771962900,6901.25,6902.75,6900.00,6900.75
1771963200,6900.50,6902.75,6898.75,6899.75
1771963500,6899.75,6900.75,6896.75,6898.00
1771963800,6897.75,6898.25,6894.75,6896.25
1771964100,6896.00,6898.50,6894.00,6898.00
1771964400,6898.00,6900.75,6896.75,6897.50
1771964700,6897.50,6899.25,6894.50,6894.75
1771965000,6894.50,6900.50,6894.25,6899.25
1771965300,6899.25,6900.25,6896.75,6897.25
1771965600,6897.00,6902.00,6896.75,6901.50
1771965900,6901.50,6905.75,6901.00,6904.50
1771966200,6904.25,6912.75,6903.25,6907.75
1771966500,6908.00,6908.00,6901.75,6903.00
1771966800,6903.25,6905.00,6900.75,6901.75
1771967100,6901.50,6901.50,6899.00,6899.75
1771967400,6900.00,6902.25,6899.75,6901.75
1772029800,6930.50,6941.25,6929.75,6937.25
1772030100,6937.25,6943.00,6936.00,6940.25
1772030400,6940.25,6942.25,6935.00,6938.00
1772030700,6938.00,6947.75,6938.00,6945.50
1772031000,6945.75,6949.00,6941.50,6942.50
1772031300,6942.75,6943.75,6937.00,6942.00
1772031600,6942.00,6944.75,6938.00,6938.25
1772031900,6938.50,6939.50,6932.50,6935.00
1772032200,6934.75,6937.50,6932.00,6933.75
1772032500,6933.50,6936.75,6931.00,6935.00
1772032800,6934.75,6938.25,6931.25,6936.00
1772033100,6935.75,6941.00,6934.50,6940.25
1772033400,6940.00,6942.25,6932.00,6932.75
1772033700,6932.75,6934.25,6929.00,6932.25
1772034000,6932.25,6936.25,6932.00,6934.00
1772034300,6934.25,6937.25,6932.75,6933.50
1772034600,6933.75,6936.50,6932.25,6933.50
1772034900,6933.50,6937.50,6930.25,6937.00
1772035200,6937.00,6940.75,6936.50,6938.00
1772035500,6938.00,6941.75,6936.75,6941.75
1772035800,6941.75,6943.00,6939.50,6940.25
1772036100,6940.25,6940.25,6935.50,6937.25
1772036400,6937.00,6940.50,6935.75,6939.75
1772036700,6939.75,6944.75,6939.50,6943.50
1772037000,6943.75,6947.50,6943.50,6943.75
1772037300,6944.00,6946.00,6942.75,6945.25
1772037600,6945.50,6948.75,6945.00,6947.75
1772037900,6948.00,6952.75,6947.75,6951.00
1772038200,6951.25,6952.50,6949.50,6949.75
1772038500,6949.75,6950.50,6948.50,6949.25
1772038800,6949.50,6952.00,6948.50,6950.75
1772039100,6951.00,6952.00,6946.50,6950.00
1772039400,6949.75,6952.50,6949.75,6951.75
1772039700,6952.00,6952.50,6951.00,6952.00
1772040000,6952.00,6952.25,6950.75,6951.50
1772040300,6951.75,6952.00,6948.25,6948.50
1772040600,6948.50,6950.75,6947.50,6949.50
1772040900,6949.50,6952.00,6949.25,6951.25
1772041200,6951.25,6953.50,6951.00,6952.25
1772041500,6952.25,6954.25,6951.25,6951.75
1772041800,6951.75,6954.75,6951.50,6953.75
1772042100,6953.75,6954.50,6953.25,6954.50
1772042400,6954.50,6955.75,6953.50,6953.75
1772042700,6954.00,6954.50,6953.00,6954.00
1772043000,6954.00,6955.25,6953.25,6953.75
1772043300,6953.75,6953.75,6952.00,6952.50
1772043600,6952.50,6953.00,6951.50,6951.50
1772043900,6951.50,6952.50,6950.75,6952.00
1772044200,6951.75,6953.75,6951.75,6951.75
1772044500,6952.00,6952.25,6951.00,6951.75
1772044800,6951.75,6955.25,6951.75,6954.25
1772045100,6954.25,6954.75,6953.50,6954.25
1772045400,6954.50,6956.00,6954.25,6954.75
1772045700,6955.00,6955.00,6953.25,6954.00
1772046000,6953.75,6957.75,6953.75,6956.25
1772046300,6956.50,6958.75,6955.50,6958.25
1772046600,6958.25,6959.00,6957.25,6957.50
1772046900,6957.50,6959.50,6956.50,6959.25
1772047200,6959.00,6959.75,6957.50,6958.00
1772047500,6958.00,6958.50,6957.25,6957.50
1772047800,6957.50,6961.25,6957.50,6961.00
1772048100,6961.00,6962.00,6960.50,6961.00
1772048400,6961.00,6962.00,6959.50,6959.50
1772048700,6959.50,6961.75,6959.25,6960.75
1772049000,6961.00,6961.25,6959.75,6960.25
1772049300,6960.25,6961.25,6959.25,6959.50
1772049600,6959.50,6962.25,6959.50,6960.00
1772049900,6959.75,6961.00,6959.75,6960.25
1772050200,6960.00,6960.25,6958.50,6959.50
1772050500,6959.50,6960.50,6959.00,6959.75
1772050800,6959.75,6960.00,6956.75,6958.50
1772051100,6958.50,6959.50,6957.75,6957.75
1772051400,6957.75,6958.50,6956.00,6957.25
1772051700,6957.00,6960.50,6956.50,6960.25
1772052000,6960.00,6961.50,6959.00,6959.50
1772052300,6959.25,6962.75,6959.25,6961.00
1772052600,6961.00,6965.75,6957.75,6963.25
1772052900,6963.50,6963.50,6958.25,6959.50
1772053200,6959.75,6962.00,6958.25,6960.50
1772053500,6961.00,6963.50,6960.75,6962.25
1772053800,6962.25,6963.25,6960.50,6962.00
1772116200,6961.00,6961.00,6948.00,6950.50
1772116500,6950.50,6953.75,6944.50,6949.75
1772116800,6949.75,6950.25,6936.75,6942.25
1772117100,6942.25,6942.75,6934.50,6938.50
1772117400,6938.25,6943.75,6933.50,6937.50
1772117700,6937.75,6942.00,6931.75,6934.25
1772118000,6934.50,6938.25,6923.25,6931.00
1772118300,6931.00,6934.00,6926.25,6927.25
1772118600,6927.25,6933.25,6913.00,6913.25
1772118900,6913.25,6913.50,6890.50,6892.25
1772119200,6892.25,6897.00,6876.25,6880.50
1772119500,6880.50,6891.00,6874.50,6884.00
1772119800,6884.00,6885.00,6870.75,6873.00
1772120100,6873.25,6893.75,6873.00,6893.00
1772120400,6893.00,6898.50,6890.00,6896.50
1772120700,6896.50,6905.50,6893.75,6903.50
1772121000,6903.25,6907.25,6897.00,6904.50
1772121300,6904.25,6909.25,6900.00,6904.75
1772121600,6904.75,6909.75,6903.00,6907.75
1772121900,6907.75,6910.50,6902.00,6908.50
1772122200,6908.75,6913.50,6905.75,6913.50
1772122500,6913.50,6917.75,6909.75,6910.50
1772122800,6910.25,6915.25,6909.00,6912.00
1772123100,6912.25,6918.75,6912.00,6915.00
1772123400,6915.00,6917.00,6911.50,6912.75
1772123700,6913.00,6913.50,6901.25,6902.50
1772124000,6902.50,6904.50,6895.75,6896.00
1772124300,6896.00,6901.50,6890.25,6900.50
1772124600,6900.75,6902.75,6891.25,6891.50
1772124900,6891.75,6893.25,6887.75,6890.00
1772125200,6889.75,6893.50,6888.00,6892.75
1772125500,6892.75,6896.25,6891.75,6893.00
1772125800,6893.00,6898.00,6889.75,6890.00
1772126100,6890.00,6892.75,6887.75,6890.25
1772126400,6890.50,6892.00,6888.25,6891.00
1772126700,6891.00,6893.00,6888.75,6890.25
1772127000,6890.00,6898.50,6889.00,6895.50
1772127300,6895.75,6895.75,6884.50,6886.75
1772127600,6886.75,6888.50,6883.50,6884.00
1772127900,6883.75,6885.75,6878.75,6879.50
1772128200,6879.75,6886.00,6877.25,6885.50
1772128500,6885.25,6885.25,6880.00,6882.00
1772128800,6882.00,6883.00,6877.00,6878.50
1772129100,6878.50,6881.25,6874.50,6878.25
1772129400,6878.00,6883.00,6877.50,6880.50
1772129700,6880.50,6885.50,6876.50,6885.00
1772130000,6885.00,6886.00,6880.25,6885.25
1772130300,6885.00,6887.00,6883.25,6884.25
1772130600,6884.00,6897.50,6881.50,6897.25
1772130900,6897.50,6904.50,6893.00,6902.00
1772131200,6902.25,6905.50,6900.00,6902.75
1772131500,6903.00,6909.50,6899.00,6902.75
1772131800,6902.75,6902.75,6898.25,6900.75
1772132100,6900.75,6904.25,6899.00,6901.75
1772132400,6901.75,6907.50,6899.25,6906.25
1772132700,6906.50,6912.75,6905.75,6912.00
1772133000,6912.25,6915.75,6910.75,6912.75
1772133300,6913.00,6920.00,6913.00,6917.25
1772133600,6917.50,6921.00,6916.50,6919.75
1772133900,6919.75,6920.25,6912.25,6914.00
1772134200,6914.25,6920.75,6912.50,6920.25
1772134500,6920.25,6921.25,6917.50,6918.75
1772134800,6919.00,6920.50,6917.25,6919.25
1772135100,6919.50,6924.75,6919.25,6923.75
1772135400,6923.75,6924.00,6920.75,6922.75
1772135700,6922.75,6924.75,6918.00,6918.00
1772136000,6918.25,6924.00,6916.25,6923.50
1772136300,6923.75,6926.25,6919.00,6919.25
1772136600,6919.50,6920.50,6917.00,6917.25
1772136900,6917.00,6920.50,6914.75,6919.00
1772137200,6919.25,6919.75,6914.75,6916.25
1772137500,6916.25,6918.50,6914.00,6914.50
1772137800,6914.75,6922.25,6914.25,6922.00
1772138100,6922.00,6923.25,6919.25,6922.00
1772138400,6922.00,6922.25,6918.00,6921.25
1772138700,6921.25,6921.75,6917.25,6919.50
1772139000,6919.25,6921.25,6914.50,6918.00
1772139300,6918.00,6921.75,6916.50,6921.50
1772139600,6921.25,6922.75,6919.75,6921.00
1772139900,6921.00,6922.25,6916.00,6916.75
1772140200,6916.50,6919.25,6916.50,6918.25
1772202600,6855.75,6866.75,6853.25,6863.25
1772202900,6863.50,6867.75,6853.75,6866.00
1772203200,6865.75,6866.25,6841.50,6851.00
1772203500,6851.25,6864.00,6847.00,6860.50
1772203800,6860.50,6862.25,6852.00,6855.75
1772204100,6855.75,6859.00,6851.00,6853.75
1772204400,6853.50,6869.25,6851.50,6864.00
1772204700,6864.25,6879.25,6863.25,6872.25
1772205000,6872.25,6880.00,6870.00,6871.00
1772205300,6870.75,6874.00,6860.75,6866.25
1772205600,6866.25,6875.00,6864.75,6872.00
1772205900,6872.25,6873.50,6865.75,6870.25
1772206200,6870.50,6872.00,6862.25,6869.50
1772206500,6869.50,6880.00,6869.25,6875.75
1772206800,6875.75,6882.75,6872.50,6882.00
1772207100,6882.00,6885.75,6875.25,6876.25
1772207400,6876.25,6876.75,6868.00,6870.50
1772207700,6870.25,6878.75,6867.25,6877.50
1772208000,6877.50,6884.50,6875.75,6882.25
1772208300,6882.25,6883.00,6871.75,6873.25
1772208600,6873.25,6881.75,6873.00,6880.25
1772208900,6880.25,6886.00,6877.50,6881.50
1772209200,6881.25,6884.00,6876.50,6883.50
1772209500,6883.25,6885.50,6878.25,6879.00
1772209800,6879.25,6888.00,6878.75,6887.25
1772210100,6887.50,6888.25,6879.75,6880.25
1772210400,6880.25,6880.25,6871.75,6872.25
1772210700,6872.50,6876.00,6870.75,6871.25
1772211000,6871.25,6882.00,6871.25,6881.00
1772211300,6881.00,6884.50,6873.00,6874.00
1772211600,6873.75,6883.25,6873.50,6881.25
1772211900,6881.25,6888.25,6880.00,6886.50
1772212200,6886.75,6887.00,6873.25,6874.00
1772212500,6874.00,6874.50,6866.75,6867.50
1772212800,6867.75,6868.50,6858.00,6865.50
1772213100,6865.50,6870.50,6864.00,6866.50
1772213400,6866.50,6875.25,6862.50,6874.25
1772213700,6874.00,6876.75,6867.75,6868.00
1772214000,6868.25,6869.50,6861.50,6864.50
1772214300,6864.50,6865.25,6859.75,6863.50
1772214600,6863.75,6868.00,6861.00,6865.50
1772214900,6865.50,6870.25,6865.50,6869.00
1772215200,6869.00,6872.25,6865.75,6866.75
1772215500,6866.75,6870.00,6864.75,6865.00
1772215800,6865.00,6868.00,6863.50,6863.75
1772216100,6863.75,6865.25,6860.00,6861.25
1772216400,6861.00,6862.50,6857.00,6860.25
1772216700,6860.25,6864.50,6855.75,6863.25
1772217000,6863.25,6865.00,6860.00,6861.50
1772217300,6861.25,6863.25,6858.00,6862.25
1772217600,6862.00,6867.75,6861.75,6863.75
1772217900,6863.50,6865.75,6860.50,6862.25
1772218200,6862.25,6865.75,6860.00,6863.75
1772218500,6863.75,6866.00,6860.75,6865.00
1772218800,6864.75,6872.50,6864.00,6872.00
1772219100,6872.00,6875.25,6862.25,6864.25
1772219400,6864.25,6867.50,6861.25,6864.00
1772219700,6864.25,6866.50,6862.75,6864.50
1772220000,6864.50,6865.75,6861.25,6862.25
1772220300,6862.00,6865.50,6860.00,6861.00
1772220600,6861.25,6861.25,6856.75,6859.25
1772220900,6859.50,6865.50,6859.25,6863.50
1772221200,6863.50,6864.50,6855.00,6859.00
1772221500,6859.00,6861.75,6856.75,6857.50
1772221800,6857.50,6860.00,6856.25,6857.50
1772222100,6857.75,6861.50,6857.25,6858.75
1772222400,6858.50,6864.50,6858.25,6861.50
1772222700,6861.75,6866.50,6861.25,6864.75
1772223000,6864.75,6877.50,6864.50,6877.50
1772223300,6877.50,6882.25,6876.50,6881.00
1772223600,6881.25,6886.25,6877.00,6883.75
1772223900,6883.75,6885.25,6880.75,6881.50
1772224200,6881.25,6883.75,6878.25,6879.50
1772224500,6879.25,6879.50,6870.25,6871.75
1772224800,6871.75,6880.25,6871.25,6876.00
1772225100,6875.75,6881.25,6874.75,6880.25
1772225400,6880.00,6887.00,6876.00,6881.25
1772225700,6881.25,6894.00,6878.25,6888.25
1772226000,6888.25,6889.00,6881.00,6886.50
1772226300,6886.75,6887.75,6881.75,6884.00
1772226600,6883.75,6886.50,6883.00,6885.25
1772461800,6811.00,6839.25,6804.25,6836.00
1772462100,6836.25,6849.00,6832.25,6834.00
1772462400,6834.25,6847.75,6834.00,6845.00
1772462700,6845.00,6858.00,6841.50,6856.75
1772463000,6856.75,6857.50,6842.25,6849.75
1772463300,6849.75,6855.50,6843.75,6853.75
1772463600,6853.50,6869.25,6843.50,6867.00
1772463900,6867.00,6874.00,6863.50,6866.25
1772464200,6866.25,6877.50,6866.25,6873.50
1772464500,6873.50,6878.00,6867.50,6870.75
1772464800,6870.75,6872.50,6859.00,6865.50
1772465100,6865.75,6868.75,6854.75,6858.50
1772465400,6858.50,6863.00,6849.25,6854.25
1772465700,6854.00,6864.00,6848.00,6863.50
1772466000,6863.50,6867.75,6858.50,6867.25
1772466300,6867.00,6872.75,6861.50,6865.25
1772466600,6865.50,6869.50,6856.50,6857.75
1772466900,6857.75,6867.25,6855.50,6866.25
1772467200,6866.00,6871.25,6860.50,6871.00
1772467500,6871.00,6879.75,6868.00,6879.50
1772467800,6879.50,6880.75,6875.75,6877.50
1772468100,6877.25,6877.75,6870.75,6871.50
1772468400,6871.25,6873.50,6868.25,6870.75
1772468700,6870.75,6871.75,6853.50,6856.50
1772469000,6856.50,6864.00,6853.00,6862.75
1772469300,6862.75,6876.00,6859.25,6876.00
1772469600,6876.00,6890.00,6875.50,6888.75
1772469900,6889.00,6894.50,6887.50,6889.25
1772470200,6889.50,6890.25,6884.25,6886.00
1772470500,6885.75,6889.75,6883.50,6886.75
1772470800,6887.00,6888.75,6882.75,6887.50
1772471100,6887.50,6890.75,6883.00,6885.50
1772471400,6885.50,6888.75,6881.50,6888.25
1772471700,6888.25,6895.50,6887.75,6895.00
1772472000,6894.75,6896.50,6891.50,6894.75
1772472300,6895.00,6895.00,6889.00,6889.25
1772472600,6889.25,6892.00,6885.25,6885.50
1772472900,6885.75,6891.50,6885.25,6887.00
1772473200,6887.25,6893.50,6886.00,6891.50
1772473500,6891.50,6894.75,6890.00,6892.75
1772473800,6892.75,6897.50,6891.00,6896.00
1772474100,6896.00,6897.75,6891.50,6896.75
1772474400,6896.75,6898.75,6895.25,6897.00
1772474700,6897.25,6898.75,6893.75,6893.75
1772475000,6893.75,6895.50,6892.75,6894.75
1772475300,6894.50,6894.50,6890.00,6890.25
1772475600,6890.25,6890.50,6885.75,6888.75
1772475900,6888.50,6893.25,6886.75,6891.75
1772476200,6891.75,6892.75,6888.50,6890.00
1772476500,6890.00,6890.00,6885.00,6886.50
1772476800,6886.25,6887.75,6882.00,6886.50
1772477100,6886.50,6886.75,6877.00,6882.50
1772477400,6882.75,6884.50,6879.50,6881.50
1772477700,6881.50,6882.00,6876.50,6876.75
1772478000,6877.00,6881.75,6876.00,6881.00
1772478300,6880.75,6889.25,6879.50,6889.00
1772478600,6888.75,6894.25,6888.50,6893.75
1772478900,6893.50,6902.75,6893.50,6901.25
1772479200,6901.25,6907.00,6900.75,6901.50
1772479500,6901.50,6907.50,6900.00,6906.75
1772479800,6906.75,6910.25,6906.00,6908.00
1772480100,6908.25,6911.00,6907.00,6907.00
1772480400,6907.00,6909.25,6904.25,6905.25
1772480700,6905.25,6908.75,6905.00,6907.25
1772481000,6907.00,6909.75,6905.50,6909.25
1772481300,6909.25,6909.75,6906.00,6906.50
1772481600,6906.75,6907.75,6903.25,6904.75
1772481900,6905.00,6906.25,6883.75,6886.00
1772482200,6886.25,6886.50,6875.25,6876.75
1772482500,6876.50,6890.00,6872.75,6884.50
1772482800,6884.75,6887.00,6878.50,6880.25
1772483100,6880.50,6884.75,6876.50,6877.50
1772483400,6877.75,6885.25,6876.00,6884.25
1772483700,6884.50,6888.50,6880.50,6885.25
1772484000,6885.25,6887.25,6879.50,6886.75
1772484300,6886.50,6891.25,6884.00,6887.75
1772484600,6887.25,6891.75,6883.75,6891.75
1772484900,6891.75,6897.25,6886.50,6887.25
1772485200,6887.25,6888.25,6883.00,6885.50
1772485500,6885.75,6886.00,6879.50,6880.25
1772485800,6880.00,6883.50,6878.50,6883.00
1772548200,6772.75,6787.25,6766.50,6768.00
1772548500,6768.25,6794.00,6763.75,6780.50
1772548800,6780.25,6783.00,6754.50,6757.00
1772549100,6756.75,6770.75,6747.00,6747.00
1772549400,6747.00,6763.00,6744.75,6755.75
1772549700,6755.50,6757.50,6741.00,6746.25
1772550000,6746.25,6762.00,6740.00,6744.25
1772550300,6744.00,6755.25,6738.00,6746.00
1772550600,6746.25,6758.25,6738.25,6748.75
1772550900,6748.50,6752.25,6731.00,6733.00
1772551200,6732.75,6733.75,6721.00,6727.00
1772551500,6726.75,6728.75,6718.75,6720.75
1772551800,6720.75,6741.50,6720.25,6732.75
1772552100,6733.00,6745.25,6730.50,6739.50
1772552400,6739.25,6747.75,6730.50,6734.75
1772552700,6734.75,6744.50,6728.75,6735.25
1772553000,6735.00,6738.25,6725.50,6728.50
1772553300,6728.50,6744.00,6727.50,6742.25
1772553600,6742.00,6758.25,6740.00,6757.25
1772553900,6757.00,6771.75,6756.75,6768.25
1772554200,6768.50,6775.75,6765.00,6772.75
1772554500,6773.00,6784.75,6772.75,6775.50
1772554800,6775.75,6787.00,6772.25,6786.50
1772555100,6786.50,6789.00,6780.75,6783.00
1772555400,6783.00,6783.75,6769.00,6780.75
1772555700,6780.50,6789.00,6778.25,6783.50
1772556000,6783.50,6791.50,6775.25,6789.75
1772556300,6789.75,6808.00,6789.50,6799.00
1772556600,6799.00,6803.00,6795.00,6802.25
1772556900,6802.50,6806.25,6796.50,6798.75
1772557200,6798.75,6802.50,6790.75,6797.50
1772557500,6797.25,6801.25,6789.25,6790.75
1772557800,6790.50,6794.75,6786.50,6794.00
1772558100,6794.00,6800.00,6789.25,6798.75
1772558400,6798.75,6805.75,6791.75,6805.75
1772558700,6806.00,6808.00,6800.50,6806.25
1772559000,6806.25,6806.75,6785.50,6788.00
1772559300,6788.00,6794.00,6783.75,6791.00
1772559600,6790.75,6807.25,6790.50,6806.25
1772559900,6806.00,6808.00,6799.75,6805.75
1772560200,6805.75,6806.25,6792.00,6793.75
1772560500,6793.50,6800.75,6791.75,6797.25
1772560800,6797.00,6811.00,6796.75,6807.25
1772561100,6807.50,6812.25,6804.75,6811.50
1772561400,6811.25,6812.00,6799.25,6803.75
1772561700,6804.00,6811.50,6803.25,6809.75
1772562000,6809.75,6824.00,6809.25,6823.50
1772562300,6823.50,6827.75,6819.75,6821.50
1772562600,6821.50,6831.50,6820.00,6829.00
1772562900,6829.25,6837.00,6825.75,6836.75
1772563200,6836.75,6842.25,6832.00,6834.50
1772563500,6834.50,6838.25,6827.75,6837.50
1772563800,6837.50,6842.75,6835.50,6838.00
1772564100,6837.50,6839.50,6832.50,6836.25
1772564400,6836.25,6838.25,6831.00,6835.50
1772564700,6835.75,6836.75,6823.00,6824.25
1772565000,6824.25,6830.25,6820.00,6829.25
1772565300,6829.25,6835.25,6828.00,6833.25
1772565600,6833.50,6838.75,6832.75,6833.25
1772565900,6833.00,6834.50,6827.50,6828.50
1772566200,6828.50,6831.00,6817.75,6820.50
1772566500,6820.00,6841.75,6816.00,6833.50
1772566800,6833.50,6844.00,6831.25,6843.25
1772567100,6843.25,6849.75,6842.00,6844.00
1772567400,6843.75,6847.75,6832.00,6837.75
1772567700,6837.75,6838.75,6830.00,6836.00
1772568000,6836.00,6843.25,6832.25,6835.25
1772568300,6835.25,6839.50,6830.75,6838.25
1772568600,6838.00,6841.50,6830.50,6830.75
1772568900,6830.75,6834.25,6825.00,6828.25
1772569200,6828.25,6833.50,6826.25,6830.25
1772569500,6830.50,6836.50,6825.00,6833.75
1772569800,6833.75,6836.50,6830.75,6831.25
1772570100,6831.50,6838.50,6826.25,6829.25
1772570400,6829.25,6832.00,6825.25,6827.75
1772570700,6827.75,6831.50,6823.25,6828.00
1772571000,6827.75,6830.50,6815.50,6824.00
1772571300,6824.00,6827.50,6820.75,6826.00
1772571600,6826.00,6827.00,6818.75,6821.25
1772571900,6821.00,6821.75,6817.25,6818.50
1772572200,6818.50,6821.50,6817.75,6821.25
1772634600,6838.75,6858.00,6836.25,6850.50
1772634900,6850.50,6851.50,6829.50,6832.50
1772635200,6832.75,6833.00,6822.50,6823.75
1772635500,6823.75,6840.00,6818.50,6831.00
1772635800,6831.00,6839.75,6824.75,6837.25
1772636100,6837.25,6838.25,6826.25,6836.25
1772636400,6836.25,6849.25,6831.00,6838.00
1772636700,6838.25,6855.25,6835.75,6853.75
1772637000,6853.75,6860.25,6847.25,6854.75
1772637300,6854.75,6868.25,6854.00,6867.50
1772637600,6867.50,6878.75,6865.50,6878.25
1772637900,6878.00,6885.75,6874.00,6884.25
1772638200,6884.50,6886.00,6876.25,6876.50
1772638500,6876.50,6878.00,6867.75,6868.75
1772638800,6869.00,6872.00,6866.00,6867.25
1772639100,6867.50,6869.75,6861.25,6868.25
1772639400,6868.50,6873.75,6863.25,6872.50
1772639700,6872.25,6881.75,6871.50,6881.25
1772640000,6881.00,6889.25,6881.00,6885.25
1772640300,6885.25,6886.25,6877.75,6879.25
1772640600,6879.50,6880.00,6865.75,6868.25
1772640900,6868.25,6874.50,6865.50,6868.00
1772641200,6868.00,6872.50,6864.25,6867.25
1772641500,6867.00,6877.25,6865.75,6874.50
1772641800,6874.50,6881.25,6873.00,6878.00
1772642100,6878.00,6881.00,6871.25,6873.50
1772642400,6873.50,6886.00,6872.75,6884.00
1772642700,6884.25,6887.00,6881.50,6884.00
1772643000,6884.00,6886.00,6878.75,6883.75
1772643300,6883.75,6885.75,6879.50,6880.75
1772643600,6880.75,6886.25,6878.00,6885.75
1772643900,6885.50,6886.50,6881.25,6883.75
1772644200,6884.00,6886.00,6882.75,6883.00
1772644500,6883.25,6884.25,6880.75,6882.25
1772644800,6882.00,6884.25,6876.75,6881.00
1772645100,6881.00,6884.00,6875.75,6876.25
1772645400,6876.25,6878.00,6868.50,6877.00
1772645700,6877.25,6883.75,6875.75,6883.50
1772646000,6883.25,6885.25,6878.25,6880.75
1772646300,6880.75,6884.25,6880.50,6882.25
1772646600,6882.25,6887.25,6880.75,6886.25
1772646900,6886.25,6887.50,6881.75,6884.75
1772647200,6885.00,6888.50,6882.50,6882.75
1772647500,6882.75,6887.25,6880.50,6885.25
1772647800,6885.25,6886.50,6881.00,6882.25
1772648100,6882.25,6882.75,6878.75,6878.75
1772648400,6878.75,6882.25,6876.50,6878.75
1772648700,6878.75,6884.75,6878.25,6883.75
1772649000,6884.00,6890.75,6883.75,6886.25
1772649300,6886.50,6890.00,6886.25,6886.75
1772649600,6887.00,6891.25,6886.50,6888.25
1772649900,6888.50,6890.75,6885.50,6890.25
1772650200,6890.50,6891.75,6888.75,6889.00
1772650500,6889.00,6889.25,6884.50,6888.50
1772650800,6888.50,6892.50,6886.75,6891.50
1772651100,6891.25,6892.00,6889.00,6890.25
1772651400,6890.25,6893.75,6889.50,6891.50
1772651700,6891.50,6892.50,6890.25,6890.75
1772652000,6891.00,6892.25,6889.00,6891.50
1772652300,6891.50,6891.75,6887.50,6889.00
1772652600,6889.00,6891.25,6887.25,6888.00
1772652900,6888.00,6891.75,6887.75,6891.75
1772653200,6891.75,6892.50,6888.00,6889.75
1772653500,6890.00,6891.50,6887.75,6891.25
1772653800,6891.50,6894.50,6890.75,6893.00
1772654100,6892.75,6893.00,6890.50,6891.00
1772654400,6891.00,6893.00,6889.25,6892.00
1772654700,6892.25,6892.75,6886.25,6888.00
1772655000,6887.75,6888.00,6883.50,6884.50
1772655300,6885.00,6885.75,6882.00,6882.00
1772655600,6882.00,6883.50,6877.25,6880.00
1772655900,6880.00,6885.50,6880.00,6885.00
1772656200,6884.75,6886.50,6881.75,6882.25
1772656500,6882.25,6886.25,6881.75,6884.00
1772656800,6884.00,6889.00,6883.00,6887.50
1772657100,6887.50,6888.75,6885.25,6885.75
1772657400,6885.50,6885.50,6876.00,6882.25
1772657700,6882.00,6884.25,6873.25,6873.25
1772658000,6873.00,6876.00,6866.00,6870.50
1772658300,6870.50,6878.00,6870.50,6876.75
1772658600,6877.00,6880.00,6876.25,6878.75
1772721000,6842.25,6863.50,6840.00,6863.00
1772721300,6863.00,6866.75,6852.00,6858.25
1772721600,6858.25,6859.00,6845.75,6848.75
1772721900,6848.75,6859.50,6843.00,6849.75
1772722200,6849.75,6861.00,6847.25,6860.25
1772722500,6860.25,6873.00,6857.50,6872.75
1772722800,6872.50,6877.25,6863.50,6864.00
1772723100,6864.25,6865.25,6850.50,6856.75
1772723400,6856.75,6865.75,6852.00,6864.50
1772723700,6864.50,6865.25,6848.50,6850.00
1772724000,6850.00,6850.25,6831.75,6831.75
1772724300,6831.75,6836.25,6824.50,6829.50
1772724600,6829.75,6830.25,6814.25,6823.25
1772724900,6823.25,6833.25,6819.75,6832.50
1772725200,6832.50,6839.75,6830.00,6833.50
1772725500,6833.75,6842.25,6832.75,6834.25
1772725800,6834.25,6847.50,6833.50,6842.50
1772726100,6842.50,6844.00,6834.25,6842.75
1772726400,6842.75,6845.50,6829.50,6829.50
1772726700,6829.50,6833.00,6822.00,6822.50
1772727000,6822.25,6825.25,6812.75,6819.50
1772727300,6819.25,6823.25,6811.25,6812.75
1772727600,6812.75,6824.75,6812.25,6818.25
1772727900,6818.25,6823.00,6815.25,6816.50
1772728200,6816.50,6829.25,6815.75,6822.50
1772728500,6822.50,6831.00,6820.50,6827.00
1772728800,6827.00,6831.75,6819.75,6823.25
1772729100,6823.75,6833.25,6823.75,6828.25
1772729400,6828.00,6831.50,6823.50,6830.00
1772729700,6830.00,6834.75,6829.50,6832.00
1772730000,6832.00,6845.25,6829.50,6844.75
1772730300,6844.75,6846.00,6830.75,6831.50
1772730600,6831.25,6833.00,6823.00,6826.75
1772730900,6826.75,6827.00,6812.75,6814.50
1772731200,6814.25,6817.75,6810.50,6815.00
1772731500,6815.25,6818.50,6806.00,6806.25
1772731800,6806.25,6809.25,6793.50,6794.50
1772732100,6794.25,6807.50,6791.75,6801.50
1772732400,6801.25,6805.50,6790.50,6793.75
1772732700,6793.50,6794.25,6784.25,6785.50
1772733000,6785.50,6794.75,6782.00,6785.75
1772733300,6785.50,6789.00,6781.25,6786.00
1772733600,6785.50,6793.00,6784.00,6791.75
1772733900,6791.50,6800.25,6789.00,6799.25
1772734200,6799.00,6804.00,6794.00,6801.50
1772734500,6801.25,6803.50,6784.00,6784.75
1772734800,6785.00,6794.75,6784.50,6790.50
1772735100,6790.50,6791.25,6780.00,6784.00
1772735400,6783.75,6791.50,6779.00,6784.50
1772735700,6784.50,6791.50,6783.25,6788.00
1772736000,6788.25,6800.75,6788.00,6799.25
1772736300,6799.00,6799.75,6788.00,6790.25
1772736600,6790.25,6790.50,6780.25,6782.00
1772736900,6781.75,6791.25,6781.75,6787.25
1772737200,6787.25,6792.50,6784.50,6788.50
1772737500,6788.75,6794.50,6788.50,6790.75
1772737800,6790.75,6795.75,6786.75,6794.50
1772738100,6794.50,6795.00,6787.50,6794.25
1772738400,6794.50,6799.25,6789.50,6793.25
1772738700,6793.25,6795.50,6783.75,6787.75
1772739000,6788.00,6788.00,6777.00,6781.00
1772739300,6781.00,6784.75,6777.75,6784.25
1772739600,6784.25,6791.50,6784.00,6791.00
1772739900,6791.00,6796.25,6786.50,6794.25
1772740200,6794.00,6798.50,6788.25,6788.50
1772740500,6788.25,6793.75,6785.50,6792.00
1772740800,6791.75,6803.00,6784.75,6801.00
1772741100,6801.00,6806.00,6788.75,6803.75
1772741400,6803.75,6812.25,6803.00,6809.50
1772741700,6809.75,6816.25,6805.25,6812.50
1772742000,6812.25,6820.00,6810.25,6819.75
1772742300,6819.75,6826.50,6815.50,6816.25
1772742600,6816.25,6823.25,6813.50,6822.00
1772742900,6822.00,6826.50,6820.00,6821.75
1772743200,6822.00,6823.25,6817.25,6821.25
1772743500,6821.50,6826.75,6815.50,6826.50
1772743800,6826.75,6835.50,6824.50,6834.75
1772744100,6834.75,6838.50,6830.75,6835.00
1772744400,6835.00,6836.00,6828.50,6832.25
1772744700,6832.00,6834.00,6827.25,6831.25
1772745000,6831.25,6831.50,6826.75,6828.25
1772807400,6752.25,6759.25,6738.25,6742.25
1772807700,6742.50,6744.25,6722.25,6729.25
1772808000,6729.25,6740.50,6725.50,6728.00
1772808300,6728.00,6736.50,6718.00,6725.50
1772808600,6725.25,6739.75,6722.50,6725.50
1772808900,6725.50,6730.25,6715.25,6727.25
1772809200,6727.50,6749.75,6726.00,6746.50
1772809500,6746.25,6749.00,6726.50,6727.75
1772809800,6728.00,6751.50,6726.25,6750.50
1772810100,6750.25,6753.50,6744.25,6752.50
1772810400,6752.25,6762.25,6749.75,6758.75
1772810700,6758.50,6761.25,6753.50,6760.00
1772811000,6759.75,6768.50,6759.75,6767.50
1772811300,6767.50,6778.00,6766.75,6774.75
1772811600,6774.50,6774.75,6760.00,6766.00
1772811900,6765.75,6768.00,6753.75,6756.50
1772812200,6756.50,6757.25,6743.00,6752.75
1772812500,6752.75,6773.00,6752.50,6768.00
1772812800,6767.75,6779.00,6765.50,6778.00
1772813100,6777.50,6778.75,6766.50,6767.75
1772813400,6767.75,6769.00,6759.25,6760.25
1772813700,6760.50,6769.50,6758.00,6767.50
1772814000,6767.50,6769.25,6753.00,6763.00
1772814300,6762.75,6765.50,6756.50,6763.00
1772814600,6763.25,6764.75,6752.75,6755.25
1772814900,6755.25,6770.75,6754.50,6768.25
1772815200,6768.25,6771.25,6762.25,6763.75
1772815500,6763.50,6776.00,6763.00,6772.25
1772815800,6772.50,6779.00,6763.75,6765.00
1772816100,6765.00,6774.25,6760.00,6768.50
1772816400,6768.75,6777.25,6764.25,6771.50
1772816700,6771.25,6772.00,6755.00,6758.75
1772817000,6758.50,6762.75,6755.50,6758.50
1772817300,6758.50,6763.75,6753.00,6763.25
1772817600,6763.00,6770.75,6759.50,6763.75
1772817900,6763.75,6764.50,6752.25,6756.75
1772818200,6756.75,6760.50,6754.75,6759.75
1772818500,6759.75,6760.00,6744.50,6747.75
1772818800,6747.75,6750.00,6739.00,6745.00
1772819100,6745.00,6754.00,6744.75,6752.25
1772819400,6752.25,6758.50,6748.75,6751.00
1772819700,6751.00,6757.25,6748.00,6749.50
1772820000,6749.50,6762.00,6748.25,6754.25
1772820300,6754.25,6763.75,6752.50,6760.50
1772820600,6760.50,6780.25,6757.75,6777.00
1772820900,6777.50,6780.25,6770.75,6777.75
1772821200,6777.75,6779.50,6768.75,6772.00
1772821500,6772.25,6772.75,6761.00,6765.25
1772821800,6765.25,6772.00,6763.75,6768.00
1772822100,6767.75,6768.50,6758.50,6762.75
1772822400,6762.50,6767.50,6760.75,6764.75
1772822700,6765.00,6766.50,6760.75,6766.25
1772823000,6766.25,6767.00,6755.50,6757.75
1772823300,6757.75,6763.00,6755.75,6759.25
1772823600,6759.25,6762.75,6757.25,6757.75
1772823900,6757.75,6766.25,6756.50,6764.50
1772824200,6764.50,6773.25,6763.25,6770.75
1772824500,6770.50,6772.00,6762.75,6769.25
1772824800,6769.25,6770.75,6760.25,6761.25
1772825100,6761.50,6769.50,6758.00,6768.00
1772825400,6767.75,6772.75,6766.25,6769.25
1772825700,6769.50,6771.50,6761.00,6766.25
1772826000,6766.50,6775.25,6765.00,6765.25
1772826300,6765.00,6767.00,6760.50,6764.25
1772826600,6764.00,6769.25,6761.00,6768.25
1772826900,6768.00,6770.00,6765.75,6768.75
1772827200,6768.50,6778.50,6768.25,6776.25
1772827500,6776.00,6776.75,6767.50,6768.00
1772827800,6768.25,6769.75,6753.00,6758.00
1772828100,6758.00,6763.00,6753.25,6757.25
1772828400,6757.25,6757.75,6747.00,6747.75
1772828700,6747.75,6748.25,6737.75,6740.75
1772829000,6740.50,6744.25,6735.00,6737.75
1772829300,6737.50,6741.75,6729.50,6740.50
1772829600,6740.50,6752.50,6736.25,6743.50
1772829900,6743.50,6748.75,6742.50,6747.00
1772830200,6747.25,6750.00,6736.00,6744.75
1772830500,6744.50,6751.00,6739.25,6742.50
1772830800,6742.50,6745.50,6733.50,6734.25
1772831100,6734.00,6736.50,6729.75,6734.25
1772831400,6734.25,6742.50,6734.25,6740.50
1773063000,6681.50,6694.00,6674.75,6681.00
1773063300,6681.00,6683.50,6664.00,6665.25
1773063600,6665.00,6667.00,6654.00,6661.25
1773063900,6661.25,6667.25,6651.25,6654.25
1773064200,6654.50,6660.00,6644.75,6649.00
1773064500,6649.00,6666.75,6644.25,6658.25
1773064800,6658.25,6676.00,6655.00,6675.75
1773065100,6675.50,6677.00,6646.00,6652.50
1773065400,6652.25,6653.50,6641.00,6648.75
1773065700,6649.00,6659.25,6646.00,6656.50
1773066000,6656.25,6674.25,6647.50,6670.50
1773066300,6670.50,6673.25,6653.75,6658.25
1773066600,6657.75,6669.50,6657.25,6667.50
1773066900,6667.50,6682.75,6665.00,6678.25
1773067200,6678.00,6687.00,6674.00,6686.75
1773067500,6686.75,6695.50,6684.50,6694.00
1773067800,6693.75,6699.50,6688.25,6699.25
1773068100,6699.25,6701.00,6689.00,6693.50
1773068400,6693.50,6704.50,6693.50,6702.75
1773068700,6702.75,6705.00,6696.00,6698.00
1773069000,6698.00,6706.50,6697.25,6705.75
1773069300,6705.75,6711.00,6701.50,6706.50
1773069600,6706.50,6712.75,6703.75,6711.50
1773069900,6711.50,6717.50,6708.00,6715.75
1773070200,6715.75,6716.00,6704.50,6706.50
1773070500,6706.50,6707.75,6702.75,6704.25
1773070800,6704.25,6706.50,6701.50,6703.00
1773071100,6703.00,6712.50,6701.75,6709.00
1773071400,6709.25,6715.75,6707.25,6714.25
1773071700,6714.00,6717.00,6711.25,6712.50
1773072000,6712.75,6721.25,6709.50,6714.75
1773072300,6714.75,6719.25,6713.50,6716.75
1773072600,6716.75,6720.25,6713.25,6717.00
1773072900,6717.25,6718.50,6713.50,6717.25
1773073200,6717.25,6724.75,6710.50,6723.25
1773073500,6723.25,6734.25,6721.00,6727.00
1773073800,6727.25,6728.25,6716.75,6726.50
1773074100,6726.25,6732.00,6725.75,6729.00
1773074400,6729.00,6737.75,6728.75,6737.00
1773074700,6736.75,6741.00,6735.25,6738.00
1773075000,6738.00,6739.00,6732.50,6733.75
1773075300,6733.75,6737.75,6730.25,6730.75
1773075600,6731.00,6731.75,6722.00,6726.25
1773075900,6726.00,6727.50,6721.25,6725.50
1773076200,6725.75,6728.50,6722.25,6724.50
1773076500,6724.75,6726.25,6714.75,6715.75
1773076800,6715.75,6716.75,6707.75,6708.25
1773077100,6708.25,6709.00,6705.00,6706.50
1773077400,6706.25,6709.25,6704.00,6706.00
1773077700,6706.00,6707.75,6702.00,6702.25
1773078000,6702.25,6705.50,6698.50,6700.00
1773078300,6700.25,6708.75,6699.50,6703.75
1773078600,6703.75,6710.25,6702.75,6709.25
1773078900,6709.25,6711.25,6704.00,6705.75
1773079200,6706.00,6711.25,6705.25,6708.50
1773079500,6708.50,6715.75,6707.25,6708.75
1773079800,6709.00,6715.75,6708.00,6713.50
1773080100,6713.50,6720.75,6711.25,6720.00
1773080400,6720.00,6726.75,6714.00,6719.00
1773080700,6719.00,6720.25,6716.75,6718.50
1773081000,6718.25,6730.25,6717.75,6728.50
1773081300,6728.75,6731.25,6725.50,6727.50
1773081600,6727.50,6728.50,6724.00,6726.50
1773081900,6726.75,6730.50,6725.75,6727.25
1773082200,6727.50,6730.75,6725.00,6727.00
1773082500,6727.00,6727.00,6717.50,6719.00
1773082800,6719.25,6724.25,6717.50,6721.00
1773083100,6720.75,6722.25,6716.75,6721.50
1773083400,6721.75,6725.75,6721.00,6722.75
1773083700,6722.75,6754.50,6721.25,6752.75
1773084000,6752.75,6776.00,6748.50,6770.00
1773084300,6770.50,6794.00,6766.00,6793.00
1773084600,6792.75,6804.25,6777.50,6803.00
1773084900,6803.00,6818.25,6791.25,6815.50
1773085200,6815.50,6815.75,6788.25,6797.50
1773085500,6797.50,6804.00,6792.00,6799.00
1773085800,6798.75,6799.50,6786.00,6790.00
1773086100,6790.25,6807.00,6787.75,6801.50
1773086400,6801.75,6808.50,6793.00,6797.00
1773086700,6797.00,6798.75,6789.75,6790.50
1773087000,6790.00,6792.50,6784.00,6791.75
1773149400,6795.00,6806.00,6789.25,6793.50
1773149700,6793.50,6796.00,6785.25,6790.25
1773150000,6790.25,6795.25,6775.50,6789.50
1773150300,6789.25,6793.00,6780.25,6790.75
1773150600,6790.75,6791.50,6780.25,6780.25
1773150900,6780.50,6783.50,6772.00,6776.00
1773151200,6775.75,6780.50,6766.75,6779.25
1773151500,6779.50,6788.00,6765.00,6766.50
1773151800,6766.50,6774.50,6765.75,6772.75
1773152100,6772.75,6782.00,6765.50,6780.25
1773152400,6780.25,6792.50,6779.00,6789.25
1773152700,6789.50,6797.75,6789.00,6794.25
1773153000,6794.00,6809.25,6793.75,6807.50
1773153300,6807.25,6813.75,6803.75,6813.50
1773153600,6813.50,6820.50,6810.75,6818.00
1773153900,6818.25,6822.00,6813.25,6821.75
1773154200,6821.50,6826.25,6820.50,6825.50
1773154500,6825.75,6829.75,6824.50,6829.50
1773154800,6829.25,6835.00,6828.00,6831.75
1773155100,6831.75,6832.50,6822.50,6824.00
1773155400,6824.00,6826.50,6820.25,6821.75
1773155700,6822.00,6833.25,6821.75,6832.25
1773156000,6832.25,6834.00,6827.75,6829.50
1773156300,6829.75,6831.00,6826.75,6829.25
1773156600,6829.00,6830.00,6822.25,6823.50
1773156900,6823.50,6828.75,6823.25,6828.25
1773157200,6828.50,6837.50,6825.50,6833.00
1773157500,6832.75,6834.25,6826.25,6830.00
1773157800,6830.25,6835.25,6826.75,6827.50
1773158100,6827.25,6832.75,6826.50,6831.50
1773158400,6831.50,6831.75,6821.50,6823.25
1773158700,6823.50,6823.50,6814.50,6818.25
1773159000,6818.50,6826.50,6817.25,6823.00
1773159300,6822.75,6830.50,6820.50,6827.75
1773159600,6827.75,6828.00,6820.75,6824.75
1773159900,6824.75,6832.25,6822.00,6823.75
1773160200,6824.00,6832.00,6823.75,6832.00
1773160500,6831.75,6834.75,6830.25,6833.75
1773160800,6833.75,6834.50,6830.25,6833.50
1773161100,6833.50,6833.75,6824.00,6826.50
1773161400,6826.75,6836.25,6825.00,6834.25
1773161700,6834.50,6835.50,6831.25,6832.25
1773162000,6832.50,6839.00,6830.50,6836.75
1773162300,6836.75,6841.50,6836.00,6838.50
1773162600,6838.50,6841.50,6833.75,6836.00
1773162900,6836.00,6845.50,6835.50,6845.00
1773163200,6844.75,6846.50,6841.00,6845.00
1773163500,6844.75,6852.00,6843.75,6851.00
1773163800,6850.75,6850.75,6837.50,6838.50
1773164100,6838.50,6839.75,6824.50,6831.50
1773164400,6831.00,6835.75,6827.50,6830.75
1773164700,6830.75,6842.50,6829.50,6838.75
1773165000,6838.50,6843.75,6837.75,6841.75
1773165300,6841.50,6842.00,6836.00,6838.25
1773165600,6838.50,6840.00,6835.25,6838.50
1773165900,6838.75,6838.75,6830.75,6832.50
1773166200,6832.50,6838.25,6803.50,6804.00
1773166500,6804.00,6815.75,6794.00,6798.25
1773166800,6798.00,6808.25,6791.25,6801.75
1773167100,6801.50,6819.25,6801.50,6811.00
1773167400,6811.00,6821.50,6806.75,6815.00
1773167700,6814.75,6819.00,6801.50,6807.25
1773168000,6807.25,6812.25,6802.00,6805.00
1773168300,6804.75,6811.75,6803.00,6807.00
1773168600,6807.25,6816.00,6802.00,6806.50
1773168900,6806.50,6809.25,6801.25,6802.50
1773169200,6802.75,6807.75,6800.25,6802.50
1773169500,6802.50,6807.25,6798.00,6804.75
1773169800,6804.50,6808.25,6799.00,6807.00
1773170100,6807.00,6813.00,6804.75,6810.75
1773170400,6810.75,6811.75,6796.25,6804.00
1773170700,6804.00,6804.25,6791.50,6791.75
1773171000,6791.75,6793.75,6785.50,6788.00
1773171300,6788.00,6794.00,6783.50,6792.50
1773171600,6792.50,6801.00,6785.75,6792.25
1773171900,6792.00,6795.25,6782.00,6785.25
1773172200,6785.00,6788.00,6780.00,6785.00
1773172500,6785.00,6789.50,6779.50,6788.00
1773172800,6788.00,6793.00,6787.00,6789.00
1773173100,6789.00,6796.25,6789.00,6794.25
1773173400,6794.00,6801.50,6792.25,6799.75
1773235800,6792.50,6800.75,6791.75,6794.50
1773236100,6794.75,6801.50,6792.75,6800.75
1773236400,6800.75,6802.00,6788.50,6790.25
1773236700,6790.50,6796.25,6781.00,6784.00
1773237000,6783.75,6793.50,6778.25,6787.25
1773237300,6787.25,6798.75,6782.00,6796.00
1773237600,6796.00,6817.75,6793.75,6800.25
1773237900,6800.25,6807.50,6791.00,6796.75
1773238200,6796.50,6799.50,6786.75,6797.00
1773238500,6797.00,6799.25,6786.00,6794.50
1773238800,6794.25,6795.75,6777.75,6778.00
1773239100,6778.00,6780.00,6768.50,6778.25
1773239400,6778.25,6785.00,6768.50,6771.75
1773239700,6771.75,6788.25,6771.25,6784.00
1773240000,6784.00,6793.25,6781.75,6790.25
1773240300,6790.25,6794.75,6786.50,6793.75
1773240600,6793.75,6796.25,6791.00,6794.75
1773240900,6794.75,6800.75,6792.00,6797.25
1773241200,6797.50,6803.50,6786.00,6795.50
1773241500,6795.50,6796.00,6786.25,6788.00
1773241800,6787.75,6792.25,6769.25,6774.50
1773242100,6774.75,6775.25,6765.25,6770.75
1773242400,6770.75,6780.25,6768.50,6779.25
1773242700,6779.00,6782.00,6762.50,6763.25
1773243000,6763.25,6768.50,6757.50,6765.50
1773243300,6765.75,6769.50,6763.25,6765.25
1773243600,6765.25,6768.00,6758.50,6759.25
1773243900,6759.25,6760.25,6753.00,6756.50
1773244200,6756.50,6766.50,6756.50,6766.00
1773244500,6766.00,6767.00,6758.00,6758.50
1773244800,6758.50,6759.50,6752.00,6753.25
1773245100,6753.25,6757.00,6751.50,6753.25
1773245400,6753.50,6760.50,6752.25,6759.75
1773245700,6760.00,6761.75,6754.25,6755.25
1773246000,6755.25,6763.75,6753.75,6760.25
1773246300,6760.25,6764.00,6757.00,6763.50
1773246600,6763.75,6775.75,6763.00,6774.25
1773246900,6774.50,6776.00,6767.25,6770.25
1773247200,6770.25,6777.00,6769.50,6771.25
1773247500,6771.50,6774.50,6768.00,6770.00
1773247800,6769.75,6777.25,6769.50,6776.25
1773248100,6776.25,6779.75,6774.00,6779.00
1773248400,6779.25,6782.00,6777.25,6778.00
1773248700,6778.00,6782.50,6777.25,6778.25
1773249000,6778.25,6779.00,6772.00,6774.25
1773249300,6774.25,6777.50,6770.00,6771.75
1773249600,6772.00,6779.25,6771.75,6778.75
1773249900,6778.75,6784.75,6777.50,6781.25
1773250200,6781.25,6783.00,6776.25,6778.00
1773250500,6777.75,6779.50,6749.75,6760.50
1773250800,6760.25,6766.50,6754.00,6761.75
1773251100,6762.00,6766.50,6759.00,6765.00
1773251400,6764.75,6774.50,6764.75,6766.75
1773251700,6766.50,6769.50,6761.25,6766.25
1773252000,6766.50,6769.00,6763.75,6767.00
1773252300,6767.00,6768.00,6759.25,6760.25
1773252600,6760.25,6761.00,6753.50,6760.00
1773252900,6760.00,6767.00,6758.75,6765.00
1773253200,6764.75,6768.75,6759.50,6764.25
1773253500,6764.25,6771.75,6762.25,6769.25
1773253800,6769.25,6772.50,6768.00,6772.00
1773254100,6772.00,6772.50,6766.50,6766.75
1773254400,6766.50,6768.75,6764.50,6767.25
1773254700,6767.25,6769.75,6764.00,6764.50
1773255000,6764.75,6774.00,6764.75,6771.50
1773255300,6771.75,6774.50,6766.75,6769.00
1773255600,6769.25,6771.50,6761.00,6765.50
1773255900,6765.25,6766.75,6762.00,6764.75
1773256200,6765.00,6766.00,6760.00,6761.50
1773256500,6761.25,6767.25,6759.75,6766.25
1773256800,6766.00,6767.50,6761.50,6765.75
1773257100,6765.25,6769.25,6764.50,6766.25
1773257400,6766.50,6775.75,6764.25,6774.50
1773257700,6774.50,6776.50,6771.25,6775.25
1773258000,6775.00,6779.00,6773.50,6777.50
1773258300,6777.50,6779.00,6771.50,6773.00
1773258600,6773.00,6780.50,6770.75,6780.00
1773258900,6780.00,6782.75,6777.75,6780.00
1773259200,6780.00,6782.00,6771.50,6772.50
1773259500,6773.00,6778.25,6772.75,6776.75
1773259800,6776.75,6778.75,6776.00,6776.75
1773322200,6726.75,6729.25,6714.25,6724.00
1773322500,6723.75,6732.00,6719.50,6729.25
1773322800,6729.00,6731.25,6717.50,6718.50
1773323100,6718.25,6718.25,6702.75,6717.25
1773323400,6717.25,6724.75,6705.75,6705.75
1773323700,6705.75,6708.00,6697.00,6703.75
1773324000,6704.00,6724.75,6703.50,6718.50
1773324300,6718.50,6722.25,6712.50,6719.25
1773324600,6719.25,6727.00,6716.75,6725.50
1773324900,6725.75,6727.75,6710.75,6711.50
1773325200,6711.25,6712.25,6705.75,6708.75
1773325500,6708.75,6715.25,6695.75,6696.00
1773325800,6696.25,6698.00,6691.75,6695.75
1773326100,6695.75,6702.75,6688.00,6695.00
1773326400,6694.75,6706.75,6691.25,6705.00
1773326700,6705.00,6721.25,6696.75,6699.75
1773327000,6699.50,6702.50,6696.00,6700.25
1773327300,6700.50,6705.00,6698.50,6700.50
1773327600,6700.75,6703.75,6692.25,6697.00
1773327900,6696.75,6700.00,6693.75,6694.75
1773328200,6694.50,6694.75,6684.50,6689.25
1773328500,6689.00,6692.75,6686.50,6688.75
1773328800,6688.75,6694.75,6686.00,6694.25
1773329100,6694.00,6703.00,6693.00,6697.25
1773329400,6697.25,6701.25,6692.00,6694.25
1773329700,6694.00,6716.00,6687.75,6714.75
1773330000,6715.25,6719.00,6702.00,6713.75
1773330300,6713.75,6716.00,6700.50,6707.50
1773330600,6707.75,6712.75,6702.75,6711.50
1773330900,6711.25,6711.50,6704.25,6709.00
1773331200,6709.00,6716.50,6706.25,6716.25
1773331500,6716.00,6719.00,6692.75,6694.25
1773331800,6694.25,6705.50,6693.00,6705.00
1773332100,6704.75,6716.25,6704.00,6712.50
1773332400,6712.75,6729.25,6711.75,6713.75
1773332700,6713.50,6714.50,6702.25,6704.25
1773333000,6704.00,6713.00,6699.00,6708.25
1773333300,6708.25,6718.75,6707.00,6716.75
1773333600,6716.75,6717.75,6710.00,6712.75
1773333900,6712.75,6714.00,6696.25,6704.00
1773334200,6704.00,6708.50,6696.50,6700.00
1773334500,6700.25,6705.75,6697.75,6704.25
1773334800,6704.25,6713.50,6702.75,6713.25
1773335100,6713.00,6719.25,6703.75,6705.75
1773335400,6705.50,6711.25,6702.00,6703.00
1773335700,6703.00,6705.50,6697.00,6697.50
1773336000,6697.50,6710.00,6695.25,6706.50
1773336300,6706.50,6709.25,6700.00,6701.75
1773336600,6701.75,6708.25,6701.50,6705.00
1773336900,6704.75,6711.75,6704.75,6711.00
1773337200,6711.25,6714.00,6700.50,6701.50
1773337500,6701.50,6704.25,6695.50,6698.50
1773337800,6698.50,6704.25,6696.50,6696.75
1773338100,6697.00,6698.75,6688.75,6697.75
1773338400,6697.75,6706.25,6697.75,6701.50
1773338700,6701.50,6708.00,6698.25,6703.00
1773339000,6703.00,6706.25,6701.25,6705.00
1773339300,6705.50,6708.50,6698.00,6699.00
1773339600,6699.00,6699.75,6693.75,6697.25
1773339900,6697.25,6699.00,6692.75,6698.00
1773340200,6698.00,6701.00,6693.75,6694.50
1773340500,6694.75,6696.75,6691.00,6694.75
1773340800,6694.75,6695.75,6691.25,6693.00
1773341100,6692.75,6695.25,6690.00,6690.75
1773341400,6690.75,6698.00,6690.50,6694.00
1773341700,6694.00,6694.00,6688.00,6689.25
1773342000,6689.25,6696.75,6684.75,6689.25
1773342300,6689.00,6695.75,6687.75,6692.25
1773342600,6692.00,6694.75,6686.00,6691.50
1773342900,6691.25,6695.50,6689.25,6693.50
1773343200,6693.25,6700.00,6691.75,6694.75
1773343500,6694.75,6697.75,6692.75,6696.25
1773343800,6696.00,6702.75,6695.75,6699.25
1773344100,6699.50,6700.25,6692.75,6695.75
1773344400,6695.75,6695.75,6686.50,6688.25
1773344700,6688.25,6688.50,6681.25,6683.50
1773345000,6683.50,6685.75,6677.25,6684.00
1773345300,6684.00,6687.25,6675.00,6676.25
1773345600,6676.25,6683.00,6674.00,6682.25
1773345900,6682.00,6682.50,6677.00,6678.50
1773346200,6678.75,6679.00,6671.75,6676.00
1773408600,6706.50,6717.25,6705.25,6712.00
1773408900,6712.00,6721.00,6703.50,6717.75
1773409200,6717.75,6734.00,6715.00,6733.50
1773409500,6733.25,6737.50,6725.00,6725.00
1773409800,6725.25,6732.75,6720.25,6731.25
1773410100,6731.00,6731.50,6717.75,6719.25
1773410400,6719.25,6726.50,6711.00,6714.75
1773410700,6714.75,6719.25,6705.00,6707.25
1773411000,6707.00,6709.00,6701.50,6702.50
1773411300,6702.50,6705.00,6691.00,6695.75
1773411600,6695.75,6704.75,6695.00,6700.50
1773411900,6700.50,6706.50,6696.25,6702.50
1773412200,6702.50,6716.50,6700.75,6709.25
1773412500,6709.00,6709.50,6698.00,6702.75
1773412800,6702.75,6702.75,6686.00,6686.75
1773413100,6686.75,6687.75,6676.50,6684.50
1773413400,6684.25,6690.00,6678.00,6679.25
1773413700,6679.00,6682.50,6663.50,6667.00
1773414000,6667.00,6671.00,6659.00,6664.75
1773414300,6664.50,6675.75,6662.25,6675.50
1773414600,6675.50,6683.25,6671.00,6682.25
1773414900,6682.25,6683.00,6672.00,6672.25
1773415200,6672.25,6677.75,6661.50,6661.75
1773415500,6661.75,6663.25,6658.25,6659.50
1773415800,6659.50,6667.25,6657.00,6665.25
1773416100,6665.25,6667.25,6653.50,6660.00
1773416400,6660.00,6662.50,6647.00,6650.25
1773416700,6650.00,6665.75,6646.25,6657.00
1773417000,6657.25,6658.50,6646.50,6652.75
1773417300,6652.50,6653.25,6644.50,6647.50
1773417600,6647.25,6656.75,6647.00,6653.00
1773417900,6653.00,6660.75,6650.00,6658.50
1773418200,6658.25,6663.50,6647.75,6653.50
1773418500,6653.50,6656.50,6648.25,6651.50
1773418800,6651.50,6659.75,6649.75,6655.25
1773419100,6655.25,6659.00,6649.25,6657.00
1773419400,6657.00,6662.75,6653.75,6654.75
1773419700,6655.00,6666.50,6655.00,6657.75
1773420000,6657.75,6662.25,6651.00,6651.25
1773420300,6651.50,6654.75,6646.25,6654.25
1773420600,6654.25,6663.75,6653.00,6662.50
1773420900,6662.25,6664.00,6645.25,6647.25
1773421200,6647.25,6650.75,6646.50,6648.50
1773421500,6648.50,6655.00,6645.00,6653.00
1773421800,6653.00,6661.50,6647.25,6661.25
1773422100,6661.50,6665.00,6655.50,6661.75
1773422400,6661.75,6662.00,6651.50,6658.50
1773422700,6658.50,6660.25,6652.25,6657.50
1773423000,6657.25,6659.00,6651.25,6654.00
1773423300,6654.00,6656.50,6650.75,6655.25
1773423600,6655.25,6656.25,6648.25,6653.00
1773423900,6653.00,6655.50,6637.75,6638.25
1773424200,6638.00,6642.50,6634.50,6640.25
1773424500,6640.25,6644.00,6637.00,6639.75
1773424800,6640.00,6646.75,6639.25,6645.25
1773425100,6645.25,6646.75,6641.25,6644.75
1773425400,6645.00,6649.00,6644.00,6647.50
1773425700,6647.25,6651.00,6641.75,6642.75
1773426000,6642.75,6644.75,6638.25,6640.50
1773426300,6640.50,6647.75,6640.00,6647.00
1773426600,6647.00,6656.25,6644.75,6653.25
1773426900,6653.50,6658.25,6652.50,6655.25
1773427200,6655.50,6659.50,6653.50,6658.25
1773427500,6658.00,6660.50,6656.00,6659.50
1773427800,6659.25,6662.00,6655.50,6659.25
1773428100,6659.25,6659.50,6653.00,6655.75
1773428400,6655.75,6656.00,6649.75,6649.75
1773428700,6649.75,6652.25,6646.25,6650.50
1773429000,6650.50,6653.75,6647.50,6648.75
1773429300,6649.00,6653.00,6647.50,6649.75
1773429600,6649.50,6649.50,6638.50,6641.00
1773429900,6640.75,6641.25,6635.00,6637.25
1773430200,6637.00,6643.50,6637.00,6638.25
1773430500,6638.25,6639.25,6631.00,6631.50
1773430800,6631.25,6633.25,6627.00,6630.50
1773431100,6630.50,6633.50,6627.25,6632.50
1773431400,6632.50,6636.50,6629.00,6634.00
1773431700,6634.00,6638.75,6632.50,6637.00
1773432000,6637.00,6638.00,6628.00,6629.75
1773432300,6629.50,6632.50,6629.50,6630.25
1773432600,6630.75,6631.75,6628.75,6631.00
1773667800,6697.25,6702.50,6690.50,6699.50
1773668100,6699.00,6705.00,6698.50,6704.00
1773668400,6703.75,6711.25,6700.50,6710.50
1773668700,6710.00,6719.75,6708.75,6714.00
1773669000,6713.75,6714.75,6709.00,6711.75
1773669300,6711.75,6723.00,6707.50,6722.00
1773669600,6721.75,6722.75,6713.75,6716.75
1773669900,6717.00,6724.50,6712.75,6721.75
1773670200,6721.75,6728.00,6718.00,6720.00
1773670500,6720.00,6726.00,6716.00,6719.50
1773670800,6719.50,6727.25,6719.00,6723.75
1773671100,6723.50,6725.50,6716.00,6716.25
1773671400,6716.50,6717.25,6703.00,6704.50
1773671700,6704.50,6710.25,6696.75,6697.25
1773672000,6697.50,6701.25,6693.50,6695.75
1773672300,6695.75,6700.25,6691.25,6693.50
1773672600,6693.50,6706.50,6689.00,6705.75
1773672900,6705.25,6711.75,6702.50,6711.75
1773673200,6711.75,6713.00,6702.25,6704.00
1773673500,6704.25,6707.00,6699.50,6706.75
1773673800,6706.50,6709.50,6700.00,6707.25
1773674100,6707.25,6711.00,6701.50,6710.25
1773674400,6710.25,6716.75,6708.25,6715.25
1773674700,6715.25,6717.00,6710.50,6714.25
1773675000,6713.75,6719.50,6713.75,6717.75
1773675300,6718.00,6720.25,6715.00,6715.50
1773675600,6715.25,6716.25,6711.00,6712.25
1773675900,6712.25,6716.75,6711.50,6715.00
1773676200,6714.75,6715.00,6704.25,6707.50
1773676500,6707.50,6709.75,6697.75,6698.25
1773676800,6698.00,6702.50,6695.25,6695.75
1773677100,6695.75,6705.25,6694.75,6700.75
1773677400,6701.00,6705.25,6698.50,6702.00
1773677700,6702.00,6704.25,6697.25,6699.50
1773678000,6699.50,6700.50,6686.75,6687.25
1773678300,6687.00,6691.50,6684.50,6687.75
1773678600,6687.75,6692.75,6684.50,6688.50
1773678900,6688.25,6695.75,6688.25,6695.50
1773679200,6695.25,6702.50,6692.25,6699.75
1773679500,6699.50,6701.50,6695.50,6698.25
1773679800,6698.75,6704.25,6697.00,6698.75
1773680100,6699.25,6701.50,6696.00,6697.50
1773680400,6697.75,6708.75,6697.25,6700.25
1773680700,6700.50,6705.50,6699.25,6703.00
1773681000,6702.75,6710.00,6702.75,6707.25
1773681300,6707.25,6708.00,6702.50,6706.50
1773681600,6706.25,6711.00,6706.25,6708.50
1773681900,6708.75,6711.25,6704.75,6705.75
1773682200,6705.75,6709.25,6702.00,6704.00
1773682500,6704.00,6706.75,6702.00,6702.50
1773682800,6702.50,6704.50,6699.50,6700.25
1773683100,6700.25,6705.75,6695.50,6696.75
1773683400,6697.00,6702.25,6693.00,6699.50
1773683700,6699.25,6703.25,6697.75,6700.75
1773684000,6701.00,6705.25,6700.00,6705.00
1773684300,6705.25,6711.25,6703.25,6709.00
1773684600,6708.75,6710.75,6706.00,6708.75
1773684900,6709.00,6714.25,6708.25,6711.75
1773685200,6711.50,6714.50,6709.75,6713.00
1773685500,6713.00,6713.75,6708.75,6711.50
1773685800,6711.50,6713.50,6709.25,6712.50
1773686100,6712.50,6715.00,6710.25,6714.00
1773686400,6714.00,6715.75,6712.25,6715.25
1773686700,6715.25,6716.50,6713.75,6714.00
1773687000,6714.00,6714.25,6710.25,6710.50
1773687300,6710.50,6711.25,6708.00,6709.50
1773687600,6709.25,6713.50,6707.00,6709.25
1773687900,6709.25,6727.25,6705.50,6726.75
1773688200,6726.75,6734.25,6708.75,6711.75
1773688500,6712.00,6716.50,6707.00,6707.25
1773688800,6707.00,6710.75,6702.75,6704.50
1773689100,6704.50,6708.50,6700.25,6706.00
1773689400,6706.00,6707.25,6702.75,6703.00
1773689700,6703.25,6707.25,6701.25,6702.75
1773690000,6702.75,6704.25,6697.25,6699.00
1773690300,6699.00,6701.75,6697.25,6700.50
1773690600,6700.75,6703.75,6697.75,6699.75
1773690900,6699.75,6706.00,6699.75,6703.00
1773691200,6703.25,6705.75,6700.00,6702.25
1773691500,6702.50,6707.50,6702.25,6704.75
1773691800,6704.75,6707.00,6703.50,6706.00
1773754200,6736.75,6752.00,6732.00,6748.00
1773754500,6747.75,6752.50,6745.00,6752.00
1773754800,6752.25,6753.25,6747.25,6748.00
1773755100,6748.00,6757.50,6746.75,6755.50
1773755400,6755.50,6755.75,6749.50,6753.75
1773755700,6753.75,6754.75,6749.50,6752.00
1773756000,6752.00,6752.25,6739.00,6744.75
1773756300,6745.00,6749.00,6744.00,6746.00
1773756600,6745.75,6746.50,6735.50,6735.50
1773756900,6735.50,6739.50,6728.25,6739.00
1773757200,6738.75,6742.00,6735.75,6738.00
1773757500,6737.50,6740.75,6732.75,6738.50
1773757800,6738.50,6744.25,6734.00,6743.25
1773758100,6743.25,6745.50,6736.00,6738.00
1773758400,6738.50,6746.75,6735.25,6745.75
1773758700,6745.75,6747.75,6743.50,6746.25
1773759000,6746.50,6746.75,6742.25,6744.50
1773759300,6744.50,6746.25,6742.00,6743.25
1773759600,6743.25,6746.00,6737.25,6738.25
1773759900,6738.00,6739.25,6731.00,6731.00
1773760200,6731.00,6735.50,6729.50,6732.25
1773760500,6732.00,6740.00,6731.75,6737.25
1773760800,6737.00,6739.25,6728.75,6734.00
1773761100,6734.00,6738.25,6729.25,6729.25
1773761400,6729.25,6735.00,6724.25,6725.50
1773761700,6725.50,6728.00,6716.00,6721.00
1773762000,6721.25,6725.75,6718.50,6725.25
1773762300,6725.00,6729.50,6722.25,6722.25
1773762600,6723.00,6729.25,6722.75,6726.50
1773762900,6726.25,6728.25,6721.25,6723.00
1773763200,6723.25,6723.75,6716.00,6719.00
1773763500,6719.00,6722.75,6713.75,6720.00
1773763800,6719.75,6725.50,6719.00,6720.00
1773764100,6720.00,6729.00,6718.50,6728.50
1773764400,6728.25,6728.75,6723.00,6727.50
1773764700,6727.75,6727.75,6722.00,6725.25
1773765000,6725.25,6727.50,6720.25,6724.75
1773765300,6725.00,6728.25,6720.25,6721.50
1773765600,6721.75,6728.25,6720.75,6728.25
1773765900,6728.25,6730.00,6724.50,6726.00
1773766200,6726.00,6728.00,6724.00,6725.50
1773766500,6725.00,6727.25,6722.00,6722.50
1773766800,6722.50,6732.75,6722.25,6731.25
1773767100,6731.50,6732.00,6728.75,6731.25
1773767400,6731.25,6731.75,6725.25,6728.75
1773767700,6728.50,6728.50,6725.50,6727.25
1773768000,6727.25,6729.50,6724.00,6728.00
1773768300,6727.50,6730.00,6725.75,6728.50
1773768600,6728.25,6730.00,6726.50,6727.75
1773768900,6727.50,6732.75,6727.25,6731.75
1773769200,6731.75,6732.50,6724.75,6726.00
1773769500,6726.25,6728.25,6723.00,6726.25
1773769800,6726.25,6732.50,6724.75,6731.50
1773770100,6731.75,6731.75,6729.25,6730.25
1773770400,6730.50,6733.75,6727.25,6732.50
1773770700,6732.00,6735.50,6730.00,6735.25
1773771000,6735.25,6736.25,6731.75,6732.00
1773771300,6731.75,6733.00,6730.25,6731.25
1773771600,6730.50,6731.50,6722.00,6722.75
1773771900,6722.50,6725.50,6720.50,6722.50
1773772200,6722.00,6725.00,6720.00,6724.00
1773772500,6723.25,6725.00,6722.25,6723.75
1773772800,6723.50,6725.00,6721.00,6721.50
1773773100,6721.75,6725.00,6721.00,6724.50
1773773400,6724.25,6727.75,6722.25,6727.00
1773773700,6727.00,6727.00,6721.50,6724.00
1773774000,6724.00,6726.25,6722.75,6723.25
1773774300,6723.00,6723.50,6718.75,6722.75
1773774600,6723.00,6725.50,6722.50,6724.75
1773774900,6724.75,6729.25,6724.25,6727.25
1773775200,6727.25,6727.25,6724.00,6724.75
1773775500,6724.75,6725.50,6722.50,6723.50
1773775800,6723.50,6725.75,6722.25,6722.75
1773776100,6723.00,6724.25,6722.50,6723.00
1773776400,6723.00,6724.50,6720.50,6721.50
1773776700,6721.50,6725.25,6721.50,6725.00
1773777000,6725.00,6726.00,6718.75,6725.00
1773777300,6725.25,6725.25,6717.75,6720.75
1773777600,6720.50,6724.00,6718.50,6722.50
1773777900,6722.25,6723.00,6720.00,6721.25
1773778200,6721.25,6723.50,6720.75,6722.75
1773840600,6695.25,6702.75,6690.75,6699.50
1773840900,6699.50,6704.50,6697.00,6702.75
1773841200,6702.75,6707.50,6693.25,6699.00
1773841500,6699.00,6708.50,6697.00,6702.50
1773841800,6702.75,6705.25,6697.00,6699.25
1773842100,6699.00,6704.50,6695.00,6704.50
1773842400,6704.50,6706.25,6690.75,6696.25
1773842700,6696.50,6705.50,6693.75,6700.75
1773843000,6700.25,6701.00,6683.00,6683.00
1773843300,6683.50,6690.00,6682.75,6687.00
1773843600,6686.75,6688.75,6683.75,6684.50
1773843900,6684.50,6685.25,6668.25,6671.25
1773844200,6671.00,6681.25,6670.50,6673.50
1773844500,6673.75,6677.25,6671.00,6672.50
1773844800,6672.50,6674.25,6668.75,6670.75
1773845100,6670.50,6676.00,6668.00,6670.75
1773845400,6670.75,6676.00,6670.00,6674.00
1773845700,6673.50,6683.25,6672.75,6683.00
1773846000,6683.00,6688.75,6678.75,6683.75
1773846300,6683.50,6692.00,6683.00,6691.25
1773846600,6691.25,6691.50,6685.00,6687.00
1773846900,6686.75,6688.75,6679.25,6680.00
1773847200,6680.00,6683.25,6675.50,6682.75
1773847500,6682.75,6684.50,6680.25,6681.00
1773847800,6680.25,6688.00,6679.50,6684.75
1773848100,6684.50,6687.25,6682.00,6685.00
1773848400,6684.75,6685.50,6679.00,6683.00
1773848700,6682.25,6685.25,6678.00,6680.25
1773849000,6680.00,6685.00,6678.25,6684.75
1773849300,6684.75,6686.00,6680.75,6681.75
1773849600,6682.00,6682.00,6676.50,6679.75
1773849900,6680.00,6682.00,6677.50,6678.25
1773850200,6678.00,6685.75,6676.25,6685.00
1773850500,6684.50,6685.25,6679.50,6685.00
1773850800,6685.25,6687.25,6683.50,6685.00
1773851100,6685.50,6686.00,6681.50,6682.25
1773851400,6682.25,6684.25,6673.75,6674.75
1773851700,6674.50,6679.50,6669.25,6678.00
1773852000,6678.00,6679.50,6674.75,6676.00
1773852300,6676.00,6678.75,6673.50,6677.25
1773852600,6677.00,6682.75,6675.25,6681.50
1773852900,6681.00,6683.75,6676.00,6676.50
1773853200,6676.75,6677.75,6668.25,6673.75
1773853500,6673.75,6675.75,6670.25,6670.75
1773853800,6670.75,6672.25,6665.50,6667.50
1773854100,6667.50,6671.50,6665.50,6670.75
1773854400,6670.50,6672.50,6669.50,6672.00
1773854700,6672.00,6672.00,6668.00,6669.50
1773855000,6669.75,6671.75,6664.00,6671.75
1773855300,6671.75,6676.50,6671.75,6675.50
1773855600,6675.00,6675.25,6669.50,6671.00
1773855900,6670.75,6678.00,6670.00,6673.00
1773856200,6672.75,6677.25,6670.75,6676.75
1773856500,6677.00,6680.25,6674.50,6679.00
1773856800,6680.00,6686.25,6676.25,6682.75
1773857100,6681.75,6682.50,6675.75,6676.50
1773857400,6676.75,6679.25,6673.50,6677.25
1773857700,6676.75,6677.00,6665.00,6668.00
1773858000,6668.25,6671.25,6665.00,6669.00
1773858300,6669.00,6673.25,6667.25,6672.75
1773858600,6672.00,6674.25,6657.50,6657.75
1773858900,6657.50,6672.50,6656.25,6658.50
1773859200,6658.50,6666.50,6655.00,6661.25
1773859500,6660.75,6662.00,6657.00,6657.75
1773859800,6657.75,6658.25,6645.25,6647.25
1773860100,6647.50,6651.25,6644.00,6645.00
1773860400,6645.00,6655.50,6643.75,6655.50
1773860700,6655.25,6658.50,6651.50,6656.00
1773861000,6655.75,6655.75,6647.75,6651.00
1773861300,6650.75,6652.00,6644.75,6644.75
1773861600,6644.50,6646.25,6637.00,6638.75
1773861900,6638.75,6643.25,6638.00,6640.25
1773862200,6640.25,6643.50,6637.50,6642.00
1773862500,6642.25,6642.25,6635.00,6636.25
1773862800,6636.25,6637.50,6628.75,6631.00
1773863100,6631.25,6632.75,6627.25,6630.00
1773863400,6630.00,6634.50,6628.75,6630.75
1773863700,6630.75,6632.00,6623.00,6626.25
1773864000,6626.25,6629.50,6622.75,6624.00
1773864300,6624.25,6625.00,6616.25,6618.75
1773864600,6618.75,6619.50,6611.50,6614.00
1773927000,6579.25,6579.25,6561.50,6572.00
1773927300,6571.75,6577.50,6563.50,6572.75
1773927600,6572.50,6586.75,6570.00,6584.25
1773927900,6583.25,6590.00,6575.75,6590.00
1773928200,6589.75,6600.50,6587.25,6598.75
1773928500,6598.25,6598.75,6588.75,6598.25
1773928800,6596.75,6602.25,6592.25,6593.50
1773929100,6593.75,6599.75,6591.25,6593.00
1773929400,6593.25,6605.25,6590.00,6591.75
1773929700,6591.50,6594.25,6582.50,6586.25
1773930000,6586.50,6592.25,6577.25,6579.50
1773930300,6579.50,6582.75,6570.75,6573.75
1773930600,6573.50,6596.25,6572.75,6595.25
1773930900,6595.00,6601.50,6581.25,6583.75
1773931200,6583.75,6594.00,6582.75,6585.00
1773931500,6585.50,6591.00,6581.25,6591.00
1773931800,6591.00,6595.00,6585.75,6589.25
1773932100,6589.00,6594.75,6584.00,6588.75
1773932400,6588.50,6596.25,6585.50,6596.25
1773932700,6596.50,6608.00,6593.75,6598.75
1773933000,6599.00,6604.75,6597.25,6604.25
1773933300,6604.25,6607.50,6591.00,6592.00
1773933600,6592.25,6594.25,6585.00,6586.00
1773933900,6586.00,6591.50,6582.75,6588.00
1773934200,6587.75,6589.00,6578.50,6578.50
1773934500,6578.50,6582.75,6574.25,6579.50
1773934800,6579.75,6583.25,6575.25,6575.50
1773935100,6575.75,6583.25,6572.50,6580.50
1773935400,6580.25,6583.00,6576.75,6577.50
1773935700,6578.00,6590.25,6577.75,6590.00
1773936000,6590.00,6600.50,6585.00,6594.50
1773936300,6594.25,6601.50,6592.75,6596.00
1773936600,6596.25,6596.75,6587.25,6589.00
1773936900,6588.75,6591.75,6584.25,6586.50
1773937200,6585.75,6589.75,6581.50,6586.00
1773937500,6586.50,6592.25,6584.75,6590.00
1773937800,6590.50,6592.75,6585.75,6589.25
1773938100,6589.25,6591.50,6583.50,6591.25
1773938400,6591.25,6598.00,6589.75,6593.00
1773938700,6593.25,6594.25,6585.75,6587.50
1773939000,6587.00,6587.75,6577.00,6581.25
1773939300,6581.00,6584.00,6578.50,6582.50
1773939600,6583.00,6584.00,6575.50,6575.75
1773939900,6576.25,6578.50,6567.25,6568.75
1773940200,6569.00,6572.75,6566.75,6568.50
1773940500,6568.75,6579.75,6567.00,6579.75
1773940800,6579.50,6586.25,6576.00,6583.25
1773941100,6583.50,6585.75,6580.25,6582.00
1773941400,6582.25,6586.00,6577.25,6578.50
1773941700,6578.25,6579.75,6573.75,6574.00
1773942000,6573.50,6578.25,6572.25,6576.00
1773942300,6576.00,6579.50,6574.00,6577.75
1773942600,6578.00,6589.75,6577.50,6588.00
1773942900,6588.00,6588.00,6582.00,6583.00
1773943200,6583.00,6583.50,6576.75,6578.25
1773943500,6578.00,6585.75,6577.50,6583.50
1773943800,6583.75,6596.75,6583.25,6594.00
1773944100,6594.50,6596.00,6588.00,6592.50
1773944400,6592.25,6594.00,6587.50,6590.00
1773944700,6588.75,6590.50,6582.50,6582.50
1773945000,6582.50,6584.00,6578.75,6582.50
1773945300,6582.25,6584.50,6576.00,6578.25
1773945600,6579.00,6579.50,6573.75,6575.50
1773945900,6575.50,6579.00,6574.25,6576.75
1773946200,6576.25,6581.50,6574.00,6581.00
1773946500,6581.25,6599.00,6579.50,6595.00
1773946800,6595.25,6618.00,6594.75,6614.50
1773947100,6614.75,6641.00,6614.75,6627.75
1773947400,6628.25,6637.25,6617.50,6630.00
1773947700,6628.75,6633.75,6622.50,6629.25
1773948000,6629.25,6630.25,6615.50,6617.25
1773948300,6616.75,6618.00,6607.25,6613.25
1773948600,6613.50,6618.25,6608.50,6610.25
1773948900,6610.50,6614.75,6600.75,6614.75
1773949200,6614.25,6617.50,6610.00,6613.50
1773949500,6613.50,6615.75,6609.00,6611.25
1773949800,6611.25,6613.00,6606.00,6608.75
1773950100,6608.50,6613.25,6606.50,6608.25
1773950400,6608.25,6611.00,6604.00,6610.75
1773950700,6610.75,6619.00,6610.25,6614.50
1773951000,6614.25,6620.00,6610.50,6619.50
1774272600,6658.25,6662.00,6643.50,6645.25
1774272900,6645.25,6661.75,6638.25,6661.25
1774273200,6661.25,6674.00,6647.25,6657.75
1774273500,6658.25,6668.50,6651.50,6668.00
1774273800,6668.25,6679.50,6664.50,6673.75
1774274100,6673.50,6680.75,6665.25,6680.25
1774274400,6680.25,6686.00,6669.00,6670.25
1774274700,6670.50,6677.50,6663.00,6674.50
1774275000,6674.50,6683.25,6670.50,6679.25
1774275300,6679.50,6690.00,6678.75,6690.00
1774275600,6690.00,6701.50,6685.75,6696.50
1774275900,6696.25,6697.50,6683.50,6688.00
1774276200,6688.00,6691.25,6681.25,6688.00
1774276500,6687.75,6692.50,6679.50,6683.25
1774276800,6683.00,6686.50,6678.50,6682.00
1774277100,6682.25,6696.50,6677.50,6691.50
1774277400,6691.50,6692.25,6682.25,6687.25
1774277700,6687.25,6692.75,6683.75,6688.75
1774278000,6689.00,6704.75,6686.75,6702.25
1774278300,6702.25,6704.25,6697.25,6701.00
1774278600,6701.00,6705.00,6696.00,6699.00
1774278900,6698.75,6700.25,6692.25,6692.75
1774279200,6692.75,6699.50,6686.00,6697.75
1774279500,6697.75,6698.25,6685.00,6687.00
1774279800,6687.25,6691.75,6682.50,6684.50
1774280100,6684.50,6685.00,6670.00,6670.50
1774280400,6670.25,6675.50,6665.75,6670.00
1774280700,6669.75,6670.25,6658.25,6664.75
1774281000,6664.75,6667.75,6648.25,6650.50
1774281300,6650.50,6651.75,6635.50,6637.25
1774281600,6637.25,6649.25,6636.50,6642.00
1774281900,6642.25,6651.75,6638.25,6646.50
1774282200,6646.50,6653.50,6642.75,6648.25
1774282500,6648.00,6650.00,6635.75,6637.50
1774282800,6637.75,6640.25,6630.75,6633.75
1774283100,6633.50,6633.75,6616.00,6618.00
1774283400,6618.00,6633.25,6616.50,6633.00
1774283700,6633.00,6639.50,6630.25,6631.50
1774284000,6631.50,6639.25,6631.25,6637.75
1774284300,6637.75,6644.50,6634.25,6640.25
1774284600,6640.25,6644.50,6632.50,6636.25
1774284900,6636.00,6638.50,6627.75,6632.75
1774285200,6632.75,6638.50,6626.75,6627.50
1774285500,6627.75,6639.75,6625.75,6638.25
1774285800,6638.00,6639.25,6630.00,6630.25
1774286100,6630.25,6632.75,6623.25,6628.50
1774286400,6628.50,6628.75,6619.75,6624.50
1774286700,6624.25,6633.25,6623.25,6629.75
1774287000,6629.75,6648.75,6629.25,6647.75
1774287300,6648.00,6659.50,6647.75,6655.50
1774287600,6655.25,6655.75,6641.50,6645.00
1774287900,6645.00,6646.75,6639.75,6644.50
1774288200,6644.25,6652.00,6643.00,6651.50
1774288500,6651.25,6660.00,6648.75,6658.00
1774288800,6658.00,6660.75,6654.75,6658.75
1774289100,6659.00,6659.75,6642.50,6651.75
1774289400,6651.50,6658.25,6651.50,6653.50
1774289700,6653.50,6655.25,6647.75,6651.25
1774290000,6651.25,6653.00,6648.25,6652.50
1774290300,6652.50,6656.00,6649.75,6651.25
1774290600,6651.25,6666.50,6651.00,6666.00
1774290900,6666.00,6674.50,6662.25,6667.25
1774291200,6667.50,6669.00,6662.25,6665.25
1774291500,6665.00,6670.50,6662.75,6669.25
1774291800,6669.50,6670.50,6663.25,6666.25
1774292100,6666.50,6669.50,6663.75,6667.25
1774292400,6667.25,6667.75,6661.25,6663.50
1774292700,6663.25,6665.75,6661.25,6664.50
1774293000,6664.50,6665.50,6658.25,6658.75
1774293300,6658.75,6661.00,6653.00,6656.00
1774293600,6656.00,6656.75,6651.50,6653.00
1774293900,6652.75,6655.00,6647.50,6650.75
1774294200,6650.75,6653.50,6649.50,6651.00
1774294500,6651.00,6655.50,6649.00,6653.50
1774294800,6653.75,6657.00,6651.25,6657.00
1774295100,6656.75,6662.00,6652.50,6655.75
1774295400,6655.50,6656.75,6645.00,6645.25
1774295700,6645.25,6646.75,6630.75,6631.50
1774296000,6631.50,6633.75,6620.50,6622.50
1774296300,6622.50,6630.25,6621.75,6630.25
1774296600,6630.00,6634.00,6629.25,6632.25
1774359000,6589.25,6604.50,6584.00,6603.75
1774359300,6603.75,6606.25,6586.75,6588.50
1774359600,6588.75,6589.75,6573.50,6582.00
1774359900,6582.00,6592.00,6576.25,6576.50
1774360200,6576.75,6584.50,6573.50,6578.00
1774360500,6578.00,6591.00,6577.50,6589.75
1774360800,6589.75,6599.00,6587.00,6598.25
1774361100,6598.50,6610.25,6591.00,6609.75
1774361400,6609.50,6611.50,6590.75,6601.25
1774361700,6601.25,6602.75,6592.00,6601.00
1774362000,6601.00,6604.50,6592.50,6598.50
1774362300,6598.50,6609.75,6593.25,6600.25
1774362600,6600.25,6609.75,6598.75,6608.75
1774362900,6609.00,6610.75,6597.00,6602.25
1774363200,6602.25,6613.25,6600.00,6613.00
1774363500,6612.75,6617.25,6601.75,6602.75
1774363800,6603.00,6635.75,6597.25,6620.00
1774364100,6620.00,6632.00,6599.75,6615.00
1774364400,6615.25,6631.00,6614.25,6624.75
1774364700,6624.50,6628.00,6621.25,6624.75
1774365000,6624.75,6630.25,6619.50,6628.00
1774365300,6628.00,6634.50,6626.75,6632.50
1774365600,6632.25,6640.00,6628.75,6639.50
1774365900,6639.50,6643.75,6633.50,6636.50
1774366200,6636.25,6639.50,6628.50,6633.00
1774366500,6633.00,6641.25,6632.50,6638.25
1774366800,6638.25,6641.00,6635.50,6638.00
1774367100,6638.00,6642.50,6636.00,6641.25
1774367400,6641.25,6646.00,6639.50,6640.00
1774367700,6640.25,6640.25,6624.50,6626.00
1774368000,6626.00,6628.25,6621.00,6622.00
1774368300,6622.00,6626.75,6618.00,6626.25
1774368600,6626.25,6627.50,6620.50,6625.00
1774368900,6625.00,6636.75,6623.75,6634.25
1774369200,6634.25,6638.00,6630.50,6635.50
1774369500,6635.50,6636.25,6630.75,6635.00
1774369800,6635.00,6636.75,6629.25,6629.50
1774370100,6629.75,6630.25,6615.75,6616.75
1774370400,6616.75,6627.75,6615.50,6627.50
1774370700,6627.75,6633.00,6624.50,6626.00
1774371000,6625.75,6631.50,6625.00,6626.00
1774371300,6626.25,6629.25,6619.25,6626.75
1774371600,6626.50,6629.25,6610.25,6610.75
1774371900,6610.75,6612.50,6601.75,6605.00
1774372200,6605.00,6608.75,6600.00,6604.00
1774372500,6604.00,6607.25,6600.75,6602.75
1774372800,6603.00,6608.50,6601.25,6605.75
1774373100,6605.75,6610.00,6603.25,6609.00
1774373400,6608.75,6615.75,6603.75,6604.25
1774373700,6604.50,6610.25,6602.00,6608.75
1774374000,6609.00,6612.25,6599.25,6601.00
1774374300,6600.75,6606.00,6598.75,6603.25
1774374600,6603.25,6613.50,6601.75,6606.25
1774374900,6606.50,6618.75,6604.50,6618.25
1774375200,6618.25,6625.50,6614.75,6618.25
1774375500,6618.00,6619.50,6612.50,6613.00
1774375800,6613.00,6615.75,6611.00,6613.25
1774376100,6613.50,6617.75,6607.00,6615.75
1774376400,6616.00,6619.25,6612.25,6616.50
1774376700,6616.50,6624.25,6615.50,6621.25
1774377000,6621.25,6631.75,6618.25,6625.25
1774377300,6625.00,6641.75,6624.75,6640.75
1774377600,6640.75,6641.00,6623.00,6628.50
1774377900,6628.50,6629.75,6622.75,6625.25
1774378200,6625.25,6633.00,6625.00,6628.00
1774378500,6627.75,6627.75,6619.50,6624.00
1774378800,6623.75,6631.50,6623.25,6626.75
1774379100,6626.75,6629.50,6623.50,6628.50
1774379400,6628.50,6632.25,6627.50,6632.00
1774379700,6632.00,6632.25,6624.75,6627.75
1774380000,6627.75,6628.75,6622.75,6626.00
1774380300,6625.75,6627.25,6618.25,6619.50
1774380600,6619.50,6624.50,6614.75,6616.00
1774380900,6616.00,6616.25,6610.75,6614.75
1774381200,6614.50,6618.25,6612.75,6613.25
1774381500,6613.25,6613.75,6606.50,6610.50
1774381800,6610.50,6611.75,6602.50,6603.75
1774382100,6603.75,6608.25,6600.25,6607.00
1774382400,6607.00,6609.50,6605.50,6608.50
1774382700,6608.50,6610.25,6606.25,6607.50
1774383000,6607.50,6611.00,6606.50,6610.50
1774445400,6661.75,6678.00,6660.50,6672.25
1774445700,6672.50,6684.75,6670.25,6674.50
1774446000,6674.75,6680.75,6662.75,6664.50
1774446300,6664.50,6667.25,6652.25,6653.25
1774446600,6653.25,6654.50,6641.50,6642.25
1774446900,6642.50,6650.75,6638.75,6639.50
1774447200,6639.50,6649.75,6631.00,6644.25
1774447500,6644.50,6650.25,6638.50,6645.75
1774447800,6645.75,6656.25,6640.75,6655.50
1774448100,6655.50,6657.75,6648.75,6651.25
1774448400,6651.25,6660.75,6646.50,6649.00
1774448700,6649.00,6663.00,6647.00,6656.75
1774449000,6656.75,6663.75,6651.25,6663.00
1774449300,6663.00,6665.75,6653.75,6657.25
1774449600,6657.25,6664.75,6653.75,6659.50
1774449900,6659.75,6666.25,6659.00,6664.50
1774450200,6664.50,6667.50,6661.50,6662.75
1774450500,6663.00,6666.25,6659.50,6662.00
1774450800,6662.25,6665.50,6658.75,6663.00
1774451100,6663.25,6664.50,6646.00,6647.25
1774451400,6647.50,6650.75,6639.50,6640.50
1774451700,6640.25,6643.00,6616.50,6626.00
1774452000,6625.75,6648.00,6625.25,6644.00
1774452300,6644.00,6653.75,6641.75,6653.25
1774452600,6653.25,6657.50,6650.75,6654.00
1774452900,6654.25,6654.50,6641.00,6642.25
1774453200,6642.50,6645.75,6635.75,6641.50
1774453500,6641.50,6643.25,6637.25,6641.50
1774453800,6641.50,6645.50,6638.25,6642.25
1774454100,6642.25,6649.25,6638.00,6644.75
1774454400,6644.75,6646.75,6638.25,6639.00
1774454700,6639.00,6643.25,6634.25,6640.75
1774455000,6641.00,6642.00,6635.50,6640.25
1774455300,6640.00,6642.00,6635.75,6638.00
1774455600,6638.25,6652.00,6636.00,6652.00
1774455900,6652.00,6656.00,6647.00,6649.75
1774456200,6649.50,6658.25,6645.25,6655.50
1774456500,6655.50,6658.00,6652.50,6656.00
1774456800,6656.00,6657.00,6651.50,6654.75
1774457100,6655.00,6656.00,6649.50,6651.25
1774457400,6651.25,6656.50,6645.50,6655.75
1774457700,6655.75,6657.25,6650.25,6652.75
1774458000,6652.75,6658.25,6647.00,6650.75
1774458300,6650.25,6651.25,6644.50,6645.00
1774458600,6645.00,6653.00,6644.00,6651.25
1774458900,6651.00,6651.25,6644.00,6647.75
1774459200,6648.00,6655.50,6646.75,6651.75
1774459500,6651.75,6658.50,6651.50,6655.50
1774459800,6655.75,6658.25,6650.50,6657.50
1774460100,6657.75,6662.50,6656.75,6661.75
1774460400,6661.50,6669.50,6658.75,6663.50
1774460700,6663.75,6664.00,6655.50,6656.50
1774461000,6656.50,6662.25,6648.50,6650.00
1774461300,6650.00,6663.50,6648.50,6654.25
1774461600,6654.00,6656.25,6650.75,6653.75
1774461900,6653.50,6658.00,6650.75,6653.00
1774462200,6653.25,6656.75,6652.50,6655.00
1774462500,6655.25,6660.75,6653.50,6654.50
1774462800,6654.25,6657.50,6653.25,6655.25
1774463100,6655.25,6656.00,6649.25,6650.50
1774463400,6650.25,6653.75,6649.75,6652.25
1774463700,6652.00,6652.50,6649.25,6651.25
1774464000,6651.00,6652.00,6645.75,6648.25
1774464300,6648.25,6648.75,6645.25,6646.25
1774464600,6646.25,6647.75,6644.75,6647.25
1774464900,6647.00,6647.25,6631.00,6640.00
1774465200,6639.75,6640.00,6630.25,6635.50
1774465500,6635.50,6637.75,6633.75,6636.00
1774465800,6636.00,6639.75,6633.25,6639.25
1774466100,6639.25,6644.50,6638.75,6643.75
1774466400,6643.75,6648.50,6642.75,6645.00
1774466700,6645.00,6646.25,6640.00,6640.25
1774467000,6640.25,6641.00,6636.00,6638.25
1774467300,6638.00,6639.50,6632.50,6636.00
1774467600,6635.75,6642.25,6635.00,6637.25
1774467900,6637.00,6638.25,6634.75,6636.50
1774468200,6636.50,6643.75,6636.25,6641.00
1774468500,6640.75,6646.00,6636.75,6642.00
1774468800,6642.00,6647.25,6640.50,6645.00
1774469100,6645.00,6645.50,6641.00,6641.50
1774469400,6641.50,6642.25,6640.50,6641.25
1774531800,6593.00,6594.25,6582.75,6589.25
1774532100,6589.00,6590.50,6580.00,6580.75
1774532400,6580.50,6603.75,6580.00,6603.25
1774532700,6603.00,6614.00,6602.00,6607.00
1774533000,6607.00,6619.75,6605.25,6617.50
1774533300,6617.75,6618.75,6600.75,6618.00
1774533600,6618.00,6620.25,6611.00,6613.00
1774533900,6612.75,6621.25,6608.00,6612.50
1774534200,6612.25,6617.75,6606.75,6617.50
1774534500,6617.50,6622.00,6612.00,6613.00
1774534800,6613.00,6620.50,6610.25,6615.50
1774535100,6615.50,6617.75,6608.75,6609.25
1774535400,6609.25,6617.75,6609.00,6616.25
1774535700,6616.25,6616.75,6607.75,6610.75
1774536000,6610.75,6622.00,6597.00,6599.25
1774536300,6599.25,6604.50,6594.50,6598.00
1774536600,6598.00,6601.25,6586.50,6586.50
1774536900,6586.75,6597.25,6580.75,6594.75
1774537200,6594.75,6599.75,6592.75,6593.75
1774537500,6594.00,6602.25,6592.25,6594.75
1774537800,6595.00,6600.50,6595.00,6595.00
1774538100,6595.25,6597.00,6588.50,6591.25
1774538400,6591.50,6595.25,6590.00,6592.75
1774538700,6593.00,6594.75,6588.75,6589.50
1774539000,6589.50,6589.50,6581.25,6585.25
1774539300,6585.50,6590.75,6584.25,6588.50
1774539600,6588.75,6590.75,6583.50,6584.75
1774539900,6585.00,6595.75,6582.50,6588.75
1774540200,6588.75,6593.75,6586.75,6591.25
1774540500,6591.25,6591.75,6585.00,6588.00
1774540800,6587.75,6589.00,6583.25,6584.75
1774541100,6584.75,6589.50,6582.75,6587.00
1774541400,6586.75,6588.50,6580.75,6585.75
1774541700,6585.50,6585.75,6570.25,6580.75
1774542000,6580.75,6580.75,6570.00,6576.00
1774542300,6575.75,6576.50,6564.75,6566.75
1774542600,6567.00,6567.50,6560.75,6566.00
1774542900,6566.25,6568.75,6562.25,6563.00
1774543200,6563.00,6568.50,6562.50,6567.00
1774543500,6567.00,6569.00,6561.25,6563.00
1774543800,6563.25,6567.75,6561.75,6567.00
1774544100,6567.00,6569.25,6565.00,6568.50
1774544400,6568.50,6573.00,6565.75,6566.25
1774544700,6566.50,6569.25,6565.50,6567.25
1774545000,6567.25,6567.25,6561.75,6561.75
1774545300,6562.00,6565.25,6561.00,6563.75
1774545600,6563.75,6564.00,6554.75,6555.00
1774545900,6555.00,6558.25,6551.50,6558.00
1774546200,6557.75,6561.75,6554.25,6561.75
1774546500,6561.50,6562.50,6556.50,6557.00
1774546800,6556.75,6557.25,6549.75,6551.00
1774547100,6551.50,6553.00,6547.50,6547.50
1774547400,6547.50,6547.75,6542.00,6542.75
1774547700,6543.00,6543.75,6536.00,6538.50
1774548000,6538.25,6547.50,6538.00,6543.75
1774548300,6543.75,6546.00,6541.25,6544.75
1774548600,6545.00,6545.75,6540.50,6542.25
1774548900,6542.25,6542.75,6539.00,6540.50
1774549200,6540.25,6543.50,6537.25,6542.50
1774549500,6542.75,6544.50,6536.50,6537.75
1774549800,6537.75,6544.00,6537.50,6543.50
1774550100,6543.50,6546.50,6541.75,6546.00
1774550400,6546.25,6547.25,6540.25,6543.50
1774550700,6543.25,6547.25,6540.75,6546.50
1774551000,6546.50,6548.75,6544.75,6547.25
1774551300,6547.00,6547.25,6542.50,6546.50
1774551600,6546.25,6547.25,6538.00,6538.75
1774551900,6538.75,6539.50,6531.50,6534.25
1774552200,6534.25,6535.00,6530.00,6534.00
1774552500,6534.25,6538.75,6533.75,6537.50
1774552800,6537.25,6537.75,6532.50,6533.25
1774553100,6532.75,6534.00,6530.25,6533.75
1774553400,6534.00,6534.50,6526.00,6529.25
1774553700,6529.25,6533.00,6527.75,6530.25
1774554000,6530.25,6532.50,6525.75,6526.75
1774554300,6526.75,6529.50,6525.25,6528.75
1774554600,6529.25,6530.75,6521.50,6522.25
1774554900,6522.00,6527.25,6520.25,6523.00
1774555200,6522.75,6525.50,6517.00,6520.50
1774555500,6520.25,6526.00,6520.00,6525.00
1774555800,6525.25,6597.50,6524.25,6554.25
1774618200,6494.50,6495.75,6472.00,6473.50
1774618500,6473.50,6481.50,6466.25,6478.25
1774618800,6478.25,6484.00,6474.00,6479.50
1774619100,6479.25,6493.75,6479.00,6487.50
1774619400,6487.50,6489.25,6467.75,6468.75
1774619700,6468.75,6468.75,6454.00,6458.75
1774620000,6458.25,6467.00,6454.50,6463.25
1774620300,6463.50,6465.75,6455.25,6457.00
1774620600,6457.00,6468.50,6456.50,6465.75
1774620900,6465.75,6476.25,6464.00,6474.00
1774621200,6474.00,6477.00,6462.50,6466.50
1774621500,6466.50,6472.50,6459.25,6459.50
1774621800,6459.50,6465.75,6458.75,6464.50
1774622100,6464.75,6466.00,6455.25,6457.00
1774622400,6457.00,6461.50,6455.75,6459.50
1774622700,6459.50,6471.00,6451.00,6470.75
1774623000,6470.75,6474.25,6463.00,6463.75
1774623300,6464.25,6472.50,6463.75,6470.75
1774623600,6470.25,6477.75,6468.00,6475.75
1774623900,6476.00,6481.25,6468.25,6470.00
1774624200,6470.25,6471.75,6464.50,6466.25
1774624500,6466.00,6467.50,6459.00,6461.25
1774624800,6461.50,6483.75,6457.75,6471.00
1774625100,6471.00,6479.00,6469.00,6478.25
1774625400,6478.25,6488.75,6475.50,6486.50
1774625700,6486.75,6490.25,6478.50,6480.00
1774626000,6480.00,6480.25,6470.25,6475.25
1774626300,6475.25,6480.50,6474.25,6479.50
1774626600,6479.50,6483.00,6475.50,6477.25
1774626900,6477.00,6478.50,6469.50,6471.50
1774627200,6471.50,6473.00,6466.25,6468.50
1774627500,6468.25,6469.00,6460.00,6460.00
1774627800,6460.25,6463.75,6456.75,6463.50
1774628100,6463.50,6464.25,6458.75,6460.25
1774628400,6460.25,6464.25,6458.50,6458.75
1774628700,6459.00,6459.25,6453.75,6457.50
1774629000,6457.25,6459.50,6455.75,6456.50
1774629300,6456.50,6457.50,6450.00,6451.50
1774629600,6451.50,6457.00,6448.50,6454.50
1774629900,6454.50,6464.25,6452.75,6463.25
1774630200,6463.25,6464.75,6456.50,6458.00
1774630500,6457.75,6458.75,6454.50,6455.50
1774630800,6455.50,6457.00,6449.50,6453.00
1774631100,6453.00,6468.00,6449.50,6456.50
1774631400,6456.75,6457.75,6449.50,6452.25
1774631700,6452.50,6453.00,6445.75,6447.25
1774632000,6447.25,6447.25,6442.25,6444.25
1774632300,6444.00,6444.00,6433.75,6434.25
1774632600,6434.50,6440.25,6434.25,6439.50
1774632900,6439.00,6440.75,6436.75,6438.00
1774633200,6438.00,6438.25,6431.50,6432.75
1774633500,6433.00,6436.75,6431.75,6432.00
1774633800,6432.00,6434.00,6430.25,6432.00
1774634100,6432.00,6433.25,6427.25,6429.50
1774634400,6429.50,6431.25,6426.00,6426.75
1774634700,6427.00,6429.25,6421.75,6422.50
1774635000,6422.25,6424.25,6419.25,6423.00
1774635300,6423.00,6429.50,6421.25,6429.00
1774635600,6428.75,6431.50,6423.75,6425.25
1774635900,6425.00,6428.50,6423.25,6425.50
1774636200,6425.50,6427.75,6424.00,6426.25
1774636500,6426.25,6428.50,6423.00,6425.75
1774636800,6425.75,6435.50,6422.00,6427.75
1774637100,6428.00,6429.75,6424.25,6424.50
1774637400,6424.50,6426.50,6419.75,6421.50
1774637700,6421.50,6423.00,6420.00,6421.75
1774638000,6421.50,6424.75,6414.50,6415.50
1774638300,6415.50,6417.00,6412.50,6414.75
1774638600,6414.75,6419.25,6412.50,6418.00
1774638900,6418.00,6423.75,6417.00,6421.75
1774639200,6421.50,6421.50,6416.25,6419.25
1774639500,6419.00,6419.25,6414.00,6415.75
1774639800,6416.00,6421.00,6414.75,6420.50
1774640100,6420.50,6421.00,6415.00,6415.50
1774640400,6415.25,6415.50,6407.50,6409.00
1774640700,6408.75,6409.50,6399.50,6405.50
1774641000,6405.75,6410.25,6398.25,6408.00
1774641300,6407.75,6419.25,6407.00,6407.25
1774641600,6407.25,6412.00,6399.50,6402.75
1774641900,6402.50,6405.50,6401.25,6402.50
1774642200,6402.75,6404.50,6400.00,6402.00
1774877400,6467.75,6471.00,6455.00,6456.00
1774877700,6456.00,6456.75,6445.00,6446.50
1774878000,6446.25,6446.25,6435.00,6439.00
1774878300,6438.75,6442.00,6427.00,6428.00
1774878600,6428.00,6433.50,6424.00,6424.75
1774878900,6424.50,6425.75,6413.25,6417.75
1774879200,6417.50,6430.00,6417.00,6427.50
1774879500,6427.75,6429.25,6419.00,6429.00
1774879800,6428.75,6435.50,6424.75,6432.00
1774880100,6432.00,6434.00,6421.00,6426.00
1774880400,6426.00,6431.75,6424.00,6430.25
1774880700,6430.75,6433.00,6423.25,6426.00
1774881000,6426.00,6432.75,6425.25,6427.00
1774881300,6427.00,6428.75,6419.50,6425.75
1774881600,6425.75,6430.00,6414.75,6416.50
1774881900,6416.75,6437.00,6414.25,6424.75
1774882200,6425.25,6431.25,6422.25,6430.00
1774882500,6429.75,6443.50,6426.00,6442.75
1774882800,6442.75,6451.50,6442.00,6451.50
1774883100,6451.50,6456.00,6433.75,6435.75
1774883400,6435.75,6440.00,6431.25,6432.00
1774883700,6432.50,6433.00,6423.00,6431.25
1774884000,6431.50,6436.25,6428.75,6435.25
1774884300,6435.25,6438.75,6431.25,6431.75
1774884600,6431.75,6444.50,6427.75,6443.25
1774884900,6443.50,6449.50,6440.25,6441.50
1774885200,6441.25,6448.50,6439.75,6447.75
1774885500,6447.50,6448.50,6442.25,6445.25
1774885800,6445.75,6452.50,6445.00,6447.25
1774886100,6447.00,6447.00,6439.25,6441.00
1774886400,6441.00,6442.25,6429.00,6430.25
1774886700,6430.25,6433.50,6427.50,6430.50
1774887000,6430.50,6436.25,6429.25,6434.25
1774887300,6434.25,6434.25,6427.00,6429.00
1774887600,6428.50,6431.75,6423.50,6425.50
1774887900,6425.25,6426.25,6418.50,6419.50
1774888200,6419.75,6425.00,6418.25,6422.50
1774888500,6422.75,6427.25,6420.50,6425.50
1774888800,6425.50,6425.75,6421.25,6423.00
1774889100,6423.00,6423.50,6419.75,6421.00
1774889400,6420.75,6424.75,6419.00,6419.25
1774889700,6419.00,6421.50,6416.75,6420.00
1774890000,6420.25,6425.75,6415.50,6415.75
1774890300,6416.00,6423.50,6415.00,6421.25
1774890600,6421.50,6422.50,6411.50,6412.75
1774890900,6412.50,6414.50,6404.75,6408.00
1774891200,6408.00,6409.75,6401.50,6404.25
1774891500,6404.00,6405.75,6399.25,6401.00
1774891800,6401.00,6401.50,6395.00,6396.00
1774892100,6396.25,6403.75,6393.75,6403.00
1774892400,6403.00,6410.50,6401.25,6409.25
1774892700,6409.25,6413.25,6403.00,6403.50
1774893000,6403.50,6404.75,6401.00,6402.25
1774893300,6402.00,6403.25,6398.75,6402.75
1774893600,6402.50,6404.75,6399.25,6400.25
1774893900,6400.25,6403.25,6395.50,6396.50
1774894200,6396.50,6401.00,6395.50,6399.50
1774894500,6399.75,6402.50,6397.00,6401.75
1774894800,6402.00,6404.00,6397.00,6397.50
1774895100,6397.75,6398.00,6389.75,6390.00
1774895400,6390.25,6394.50,6389.75,6393.50
1774895700,6393.50,6399.25,6392.00,6392.25
1774896000,6392.25,6394.50,6391.00,6392.25
1774896300,6392.25,6395.00,6389.25,6390.00
1774896600,6390.00,6390.50,6383.50,6385.50
1774896900,6385.75,6387.75,6381.50,6385.00
1774897200,6384.75,6386.75,6381.00,6382.75
1774897500,6382.25,6382.50,6370.75,6372.00
1774897800,6371.75,6372.50,6363.00,6366.25
1774898100,6366.25,6370.50,6366.00,6367.50
1774898400,6367.50,6369.75,6364.25,6365.25
1774898700,6365.50,6366.25,6359.50,6362.75
1774899000,6362.75,6367.50,6360.25,6361.25
1774899300,6361.25,6373.75,6361.25,6369.00
1774899600,6369.00,6377.75,6369.00,6374.50
1774899900,6374.25,6382.00,6373.50,6378.00
1774900200,6378.00,6388.75,6374.25,6388.25
1774900500,6388.25,6394.25,6382.50,6387.75
1774900800,6387.75,6388.75,6380.50,6382.50
1774901100,6382.50,6385.50,6377.75,6380.25
1774901400,6380.00,6380.25,6377.00,6378.00
1774963800,6457.25,6465.50,6450.50,6465.00
1774964100,6464.75,6466.75,6455.25,6466.25
1774964400,6466.25,6473.50,6458.25,6460.00
1774964700,6460.25,6486.25,6460.25,6486.00
1774965000,6486.00,6492.50,6480.25,6491.00
1774965300,6491.00,6495.00,6481.25,6494.50
1774965600,6494.50,6497.50,6488.25,6491.50
1774965900,6491.25,6491.75,6478.50,6479.50
1774966200,6479.75,6487.50,6479.00,6482.50
1774966500,6482.50,6491.25,6476.25,6487.00
1774966800,6487.25,6492.25,6476.00,6489.25
1774967100,6489.50,6494.50,6485.50,6492.50
1774967400,6492.50,6494.25,6486.00,6490.25
1774967700,6490.25,6492.00,6475.00,6478.25
1774968000,6478.50,6483.00,6467.00,6469.75
1774968300,6470.00,6473.00,6460.75,6461.00
1774968600,6461.25,6462.75,6452.25,6453.75
1774968900,6453.50,6455.25,6446.00,6454.00
1774969200,6454.25,6469.50,6453.75,6467.25
1774969500,6467.00,6480.25,6466.00,6473.25
1774969800,6473.50,6488.25,6470.50,6487.25
1774970100,6487.00,6490.50,6482.75,6485.25
1774970400,6485.25,6485.75,6476.50,6485.00
1774970700,6485.00,6486.75,6472.75,6474.25
1774971000,6474.50,6475.50,6466.25,6474.50
1774971300,6474.25,6480.75,6474.00,6476.75
1774971600,6477.25,6478.25,6472.50,6475.00
1774971900,6474.75,6475.00,6468.00,6471.75
1774972200,6471.50,6479.50,6469.75,6474.00
1774972500,6473.75,6475.75,6464.00,6465.25
1774972800,6465.25,6479.50,6462.25,6473.50
1774973100,6473.50,6484.50,6473.50,6481.50
1774973400,6481.50,6482.25,6471.75,6480.25
1774973700,6480.50,6486.75,6480.50,6482.50
1774974000,6482.50,6492.25,6481.50,6492.25
1774974300,6492.25,6494.50,6487.25,6488.75
1774974600,6489.00,6489.25,6484.75,6487.50
1774974900,6487.25,6517.50,6483.75,6517.00
1774975200,6516.75,6563.75,6516.00,6539.00
1774975500,6539.50,6548.25,6517.25,6531.75
1774975800,6531.50,6547.25,6519.25,6531.00
1774976100,6531.00,6536.00,6523.00,6534.75
1774976400,6534.75,6554.00,6534.00,6548.75
1774976700,6548.75,6549.75,6529.50,6532.75
1774977000,6533.00,6544.00,6530.75,6543.00
1774977300,6543.25,6553.50,6542.50,6551.00
1774977600,6551.00,6552.50,6544.50,6546.75
1774977900,6547.00,6547.75,6536.00,6538.25
1774978200,6538.25,6551.25,6537.50,6549.50
1774978500,6549.25,6552.25,6529.75,6536.75
1774978800,6536.50,6542.75,6530.75,6535.25
1774979100,6535.00,6543.50,6532.25,6539.50
1774979400,6539.75,6543.25,6536.75,6540.25
1774979700,6540.00,6540.25,6529.25,6531.75
1774980000,6531.75,6544.25,6531.75,6538.00
1774980300,6537.75,6547.25,6537.25,6544.75
1774980600,6544.75,6545.00,6536.25,6542.50
1774980900,6542.75,6549.50,6542.25,6546.25
1774981200,6546.50,6547.00,6539.75,6540.75
1774981500,6541.00,6550.50,6537.50,6545.00
1774981800,6545.25,6546.75,6539.75,6543.50
1774982100,6543.25,6554.50,6542.00,6551.00
1774982400,6550.75,6551.25,6544.25,6547.75
1774982700,6548.00,6555.00,6547.00,6551.00
1774983000,6551.25,6557.00,6551.00,6555.00
1774983300,6554.75,6557.00,6553.25,6554.25
1774983600,6554.25,6559.75,6553.75,6557.25
1774983900,6557.25,6557.75,6547.75,6550.75
1774984200,6550.75,6560.00,6550.50,6558.50
1774984500,6558.75,6564.25,6557.00,6560.25
1774984800,6560.25,6567.25,6559.50,6563.75
1774985100,6564.00,6564.25,6559.25,6561.50
1774985400,6561.75,6568.00,6561.00,6564.50
1774985700,6564.75,6573.75,6564.00,6572.25
1774986000,6572.25,6573.75,6565.75,6569.25
1774986300,6569.25,6578.25,6567.25,6576.25
1774986600,6576.25,6583.00,6564.25,6566.25
1774986900,6566.25,6574.50,6560.25,6569.25
1774987200,6569.25,6574.00,6561.75,6564.50
1774987500,6564.25,6572.75,6563.50,6570.75
1774987800,6570.75,6573.00,6568.75,6571.50
1775050200,6606.25,6622.25,6602.75,6617.50
1775050500,6617.50,6628.50,6613.25,6626.25
1775050800,6626.25,6626.50,6601.25,6607.50
1775051100,6607.50,6613.00,6597.50,6600.25
1775051400,6600.25,6616.75,6597.75,6607.25
1775051700,6607.50,6613.75,6604.25,6611.50
1775052000,6611.50,6620.00,6606.75,6614.50
1775052300,6614.75,6621.25,6607.50,6616.00
1775052600,6616.00,6617.25,6608.00,6614.00
1775052900,6614.00,6618.50,6610.50,6615.50
1775053200,6615.50,6623.50,6610.75,6614.25
1775053500,6614.25,6619.25,6611.50,6618.25
1775053800,6618.25,6624.50,6612.25,6613.75
1775054100,6613.75,6631.25,6604.75,6623.00
1775054400,6623.25,6628.75,6613.25,6625.00
1775054700,6625.00,6632.50,6618.50,6630.25
1775055000,6630.25,6637.00,6625.75,6634.00
1775055300,6633.75,6636.50,6630.00,6633.50
1775055600,6633.75,6638.25,6631.50,6634.50
1775055900,6634.25,6639.50,6632.00,6638.50
1775056200,6638.50,6638.75,6633.75,6634.50
1775056500,6634.75,6638.25,6633.00,6638.25
1775056800,6638.00,6639.25,6633.50,6635.00
1775057100,6635.25,6638.25,6631.75,6632.00
1775057400,6631.75,6635.00,6627.50,6633.00
1775057700,6633.00,6642.00,6633.00,6639.25
1775058000,6639.25,6641.25,6635.00,6640.50
1775058300,6640.50,6643.25,6638.25,6640.50
1775058600,6640.50,6644.75,6638.75,6643.25
1775058900,6643.00,6649.75,6643.00,6647.00
1775059200,6647.00,6648.75,6644.50,6647.75
1775059500,6647.75,6649.50,6645.25,6648.25
1775059800,6648.50,6648.75,6642.75,6643.75
1775060100,6643.75,6647.50,6642.00,6646.50
1775060400,6646.50,6646.50,6642.25,6642.25
1775060700,6642.50,6644.00,6639.00,6640.00
1775061000,6640.00,6642.50,6636.25,6642.50
1775061300,6642.25,6645.50,6642.25,6643.75
1775061600,6643.75,6647.50,6643.25,6647.00
1775061900,6647.00,6647.50,6643.75,6645.25
1775062200,6645.50,6647.25,6645.00,6646.50
1775062500,6646.00,6648.00,6644.25,6646.25
1775062800,6646.25,6652.25,6645.00,6651.50
1775063100,6651.25,6653.25,6650.25,6651.25
1775063400,6651.50,6653.25,6650.25,6652.00
1775063700,6652.00,6652.75,6649.75,6651.50
1775064000,6651.75,6654.75,6650.50,6652.50
1775064300,6652.75,6653.00,6650.50,6651.25
1775064600,6651.25,6653.00,6647.00,6647.25
1775064900,6647.50,6650.50,6646.00,6649.00
1775065200,6649.00,6650.75,6645.25,6647.00
1775065500,6647.00,6648.50,6643.25,6644.25
1775065800,6644.50,6646.00,6642.25,6643.50
1775066100,6643.50,6644.50,6635.50,6635.50
1775066400,6635.75,6637.25,6624.25,6627.50
1775066700,6627.25,6632.00,6626.25,6628.75
1775067000,6628.75,6631.75,6626.25,6626.50
1775067300,6626.75,6626.75,6613.00,6617.50
1775067600,6617.50,6620.00,6606.50,6608.50
1775067900,6608.75,6615.50,6605.75,6609.50
1775068200,6609.75,6613.00,6606.25,6607.50
1775068500,6607.50,6615.25,6604.00,6612.25
1775068800,6612.00,6622.00,6611.75,6616.00
1775069100,6616.00,6617.50,6610.50,6614.25
1775069400,6614.00,6615.75,6609.00,6613.25
1775069700,6613.25,6613.50,6608.75,6611.50
1775070000,6611.50,6618.50,6610.00,6615.75
1775070300,6616.00,6621.50,6615.75,6619.25
1775070600,6619.25,6620.50,6615.50,6619.25
1775070900,6619.25,6623.75,6617.00,6623.00
1775071200,6623.00,6625.00,6620.00,6624.50
1775071500,6624.25,6631.00,6624.00,6628.25
1775071800,6628.25,6630.75,6623.75,6627.50
1775072100,6627.75,6631.00,6624.75,6629.50
1775072400,6629.50,6634.75,6628.25,6628.75
1775072700,6628.75,6630.75,6625.75,6627.00
1775073000,6627.00,6628.25,6617.00,6619.75
1775073300,6619.50,6622.50,6614.50,6619.25
1775073600,6619.25,6623.75,6616.00,6618.75
1775073900,6618.25,6620.50,6617.50,6619.25
1775074200,6619.25,6623.25,6619.00,6622.25
1775136600,6527.75,6538.50,6526.25,6535.00
1775136900,6534.75,6535.00,6516.50,6516.75
1775137200,6517.00,6528.00,6514.25,6520.25
1775137500,6520.50,6537.75,6517.50,6533.75
1775137800,6533.75,6553.00,6532.00,6549.50
1775138100,6549.75,6562.75,6546.75,6560.50
1775138400,6560.25,6565.00,6551.75,6554.50
1775138700,6554.25,6567.00,6549.25,6562.25
1775139000,6562.25,6568.75,6557.75,6560.25
1775139300,6560.25,6572.00,6559.25,6567.25
1775139600,6567.00,6575.00,6566.00,6571.25
1775139900,6571.25,6572.00,6564.00,6568.00
1775140200,6567.75,6588.50,6565.25,6586.75
1775140500,6586.75,6644.50,6586.00,6629.50
1775140800,6629.25,6631.00,6608.00,6625.25
1775141100,6625.50,6627.75,6605.25,6606.00
1775141400,6606.00,6614.25,6598.00,6611.50
1775141700,6611.25,6625.00,6610.50,6618.75
1775142000,6618.75,6619.50,6602.75,6614.75
1775142300,6615.00,6616.50,6605.75,6613.75
1775142600,6613.25,6624.25,6610.75,6617.50
1775142900,6617.75,6622.75,6611.50,6616.75
1775143200,6616.75,6617.25,6604.00,6611.75
1775143500,6611.75,6622.25,6604.75,6617.75
1775143800,6617.50,6619.00,6607.75,6614.50
1775144100,6614.75,6624.00,6612.75,6617.00
1775144400,6617.00,6619.00,6607.25,6617.00
1775144700,6617.25,6617.25,6605.50,6606.50
1775145000,6606.25,6611.25,6595.00,6609.75
1775145300,6609.50,6612.50,6602.50,6605.00
1775145600,6605.00,6611.75,6600.50,6602.50
1775145900,6602.50,6606.00,6592.50,6600.75
1775146200,6600.50,6602.50,6595.00,6598.50
1775146500,6598.50,6601.75,6589.50,6589.75
1775146800,6589.75,6596.00,6586.50,6590.25
1775147100,6590.50,6597.25,6587.75,6592.00
1775147400,6591.75,6605.25,6590.00,6600.50
1775147700,6600.25,6603.25,6590.25,6597.25
1775148000,6597.00,6614.50,6596.50,6607.00
1775148300,6607.00,6610.50,6604.25,6607.50
1775148600,6607.50,6611.00,6603.50,6608.00
1775148900,6608.00,6608.00,6600.00,6600.50
1775149200,6600.25,6604.00,6594.50,6602.50
1775149500,6602.75,6604.75,6599.50,6602.25
1775149800,6602.25,6611.00,6598.50,6608.25
1775150100,6608.25,6614.50,6607.25,6611.00
1775150400,6610.50,6615.00,6608.75,6613.25
1775150700,6613.50,6615.00,6610.25,6610.75
1775151000,6611.00,6612.25,6606.50,6607.75
1775151300,6607.75,6608.50,6604.00,6607.50
1775151600,6607.75,6609.25,6602.75,6607.00
1775151900,6607.00,6608.00,6591.50,6592.25
1775152200,6592.00,6597.50,6590.25,6597.00
1775152500,6597.25,6599.50,6593.25,6597.25
1775152800,6597.00,6604.00,6596.75,6603.75
1775153100,6603.75,6609.25,6601.75,6604.75
1775153400,6604.50,6608.25,6602.75,6604.00
1775153700,6604.00,6607.50,6600.50,6604.75
1775154000,6604.75,6605.50,6601.00,6601.50
1775154300,6601.25,6602.25,6598.25,6599.75
1775154600,6600.00,6603.50,6598.50,6602.25
1775154900,6602.25,6603.00,6598.75,6600.50
1775155200,6600.25,6610.25,6600.00,6608.25
1775155500,6608.25,6611.50,6607.00,6610.00
1775155800,6609.75,6615.50,6608.00,6611.75
1775156100,6612.00,6612.25,6608.25,6609.00
1775156400,6609.25,6613.50,6608.75,6610.00
1775156700,6610.00,6614.25,6609.75,6613.00
1775157000,6613.25,6617.50,6611.25,6612.00
1775157300,6611.75,6613.50,6607.00,6610.00
1775157600,6610.00,6613.25,6606.00,6609.25
1775157900,6609.00,6609.50,6605.50,6608.00
1775158200,6608.00,6610.50,6604.75,6607.00
1775158500,6607.00,6612.00,6606.75,6611.50
1775158800,6611.75,6614.25,6607.50,6607.75
1775159100,6608.00,6610.75,6605.75,6610.25
1775159400,6610.00,6620.75,6610.00,6618.50
1775159700,6618.75,6625.50,6617.25,6623.25
1775160000,6623.25,6625.00,6619.25,6621.25
1775160300,6621.25,6621.75,6618.75,6619.50
1775160600,6619.75,6624.00,6619.50,6623.50
1775482200,6621.75,6637.25,6621.50,6636.75
1775482500,6636.50,6642.25,6617.75,6629.00
1775482800,6629.00,6636.25,6622.25,6630.75
1775483100,6631.00,6641.75,6630.50,6634.25
1775483400,6634.25,6643.75,6631.50,6639.50
1775483700,6639.25,6649.25,6636.00,6649.25
1775484000,6648.75,6662.50,6627.00,6627.75
1775484300,6627.75,6635.75,6623.75,6635.50
1775484600,6635.25,6645.25,6627.75,6644.50
1775484900,6644.75,6649.50,6639.50,6646.75
1775485200,6646.75,6654.00,6646.50,6651.00
1775485500,6650.75,6652.00,6645.50,6648.00
1775485800,6648.25,6654.75,6646.00,6648.50
1775486100,6648.75,6652.75,6631.50,6634.75
1775486400,6634.50,6647.50,6634.00,6640.75
1775486700,6640.50,6641.00,6630.00,6631.50
1775487000,6632.00,6640.00,6631.75,6637.25
1775487300,6637.25,6643.00,6633.75,6638.25
1775487600,6638.50,6644.50,6634.50,6639.25
1775487900,6639.00,6642.50,6634.75,6641.00
1775488200,6641.25,6641.25,6634.00,6638.75
1775488500,6638.75,6641.00,6634.75,6637.25
1775488800,6637.00,6639.25,6632.50,6633.75
1775489100,6633.75,6635.75,6630.00,6632.75
1775489400,6633.00,6634.25,6627.25,6632.25
1775489700,6632.25,6635.00,6626.75,6633.50
1775490000,6633.25,6635.75,6630.50,6634.50
1775490300,6634.50,6639.75,6632.75,6638.00
1775490600,6638.00,6643.50,6636.25,6642.50
1775490900,6642.50,6642.75,6638.25,6642.50
1775491200,6642.50,6644.00,6637.50,6638.25
1775491500,6638.25,6641.50,6636.25,6636.25
1775491800,6636.50,6640.75,6635.75,6640.00
1775492100,6640.00,6642.00,6637.75,6639.25
1775492400,6639.25,6642.75,6637.50,6641.00
1775492700,6640.75,6644.00,6640.00,6641.75
1775493000,6641.50,6645.00,6639.50,6643.75
1775493300,6643.75,6649.00,6642.75,6644.75
1775493600,6644.75,6647.25,6642.75,6646.50
1775493900,6646.50,6648.50,6645.00,6647.50
1775494200,6647.50,6648.50,6641.00,6643.75
1775494500,6643.75,6644.75,6640.25,6643.00
1775494800,6643.00,6643.50,6631.50,6637.00
1775495100,6637.00,6638.50,6632.50,6636.00
1775495400,6636.00,6636.75,6618.50,6624.25
1775495700,6624.00,6630.75,6622.00,6628.00
1775496000,6628.00,6636.50,6623.50,6636.00
1775496300,6636.00,6639.50,6633.25,6637.50
1775496600,6637.75,6644.50,6635.25,6637.75
1775496900,6637.50,6640.75,6634.00,6635.50
1775497200,6635.50,6635.75,6631.50,6635.00
1775497500,6635.00,6635.00,6629.50,6631.75
1775497800,6632.00,6633.50,6627.75,6629.25
1775498100,6629.50,6632.75,6627.50,6628.25
1775498400,6628.50,6630.00,6625.75,6626.75
1775498700,6626.75,6632.50,6626.50,6631.00
1775499000,6631.00,6642.75,6630.50,6637.00
1775499300,6637.50,6645.25,6636.75,6643.75
1775499600,6643.25,6650.25,6641.75,6647.75
1775499900,6647.75,6650.25,6642.50,6646.25
1775500200,6646.25,6649.50,6641.00,6643.25
1775500500,6643.25,6646.50,6642.50,6642.75
1775500800,6643.00,6644.00,6641.00,6642.75
1775501100,6642.50,6646.75,6642.25,6645.00
1775501400,6645.00,6648.00,6644.75,6646.75
1775501700,6646.50,6648.25,6646.00,6646.75
1775502000,6647.25,6648.00,6645.00,6647.75
1775502300,6647.75,6648.25,6642.75,6643.75
1775502600,6643.50,6646.25,6642.25,6645.25
1775502900,6645.25,6646.00,6642.50,6644.25
1775503200,6644.50,6646.75,6642.75,6643.50
1775503500,6643.75,6645.50,6642.25,6642.75
1775503800,6642.50,6645.75,6641.75,6644.50
1775504100,6644.75,6646.50,6644.25,6644.75
1775504400,6644.75,6646.75,6642.00,6646.50
1775504700,6646.25,6651.50,6645.75,6650.75
1775505000,6651.00,6653.00,6646.25,6646.75
1775505300,6646.75,6653.25,6644.00,6652.75
1775505600,6653.00,6655.00,6650.00,6650.75
1775505900,6650.75,6650.75,6647.50,6648.25
1775506200,6648.00,6650.50,6647.25,6648.50
1775568600,6629.50,6639.25,6619.25,6619.75
1775568900,6620.00,6626.25,6613.75,6614.75
1775569200,6615.00,6619.50,6611.00,6612.25
1775569500,6612.25,6615.00,6604.00,6608.00
1775569800,6608.25,6620.25,6605.00,6620.00
1775570100,6619.75,6622.25,6602.25,6603.00
1775570400,6603.00,6604.75,6595.50,6597.25
1775570700,6597.25,6597.75,6581.25,6586.00
1775571000,6586.00,6591.25,6584.75,6589.75
1775571300,6589.50,6597.00,6588.25,6595.00
1775571600,6595.00,6610.50,6594.75,6607.50
1775571900,6607.50,6608.25,6599.25,6606.75
1775572200,6606.75,6616.50,6601.00,6609.00
1775572500,6609.25,6611.75,6603.25,6606.25
1775572800,6606.50,6608.50,6600.00,6603.50
1775573100,6603.50,6614.50,6600.50,6602.75
1775573400,6602.75,6604.25,6596.25,6600.50
1775573700,6600.50,6600.50,6587.75,6588.25
1775574000,6588.50,6589.50,6579.25,6581.00
1775574300,6580.75,6580.75,6572.75,6576.50
1775574600,6576.25,6587.25,6576.00,6582.50
1775574900,6582.50,6600.75,6580.00,6592.25
1775575200,6592.50,6593.00,6585.75,6586.50
1775575500,6586.25,6595.50,6586.25,6594.50
1775575800,6595.00,6597.75,6589.75,6595.00
1775576100,6594.75,6600.00,6590.25,6592.25
1775576400,6592.25,6594.25,6588.00,6589.25
1775576700,6589.25,6594.75,6588.25,6592.25
1775577000,6592.25,6596.25,6588.25,6595.25
1775577300,6595.00,6606.25,6594.00,6600.50
1775577600,6600.75,6633.00,6600.25,6616.75
1775577900,6616.75,6619.75,6609.75,6610.00
1775578200,6610.00,6617.25,6609.25,6614.25
1775578500,6614.50,6618.00,6611.25,6614.25
1775578800,6614.25,6628.50,6610.75,6620.75
1775579100,6620.75,6627.25,6618.25,6622.00
1775579400,6621.75,6626.00,6619.00,6625.25
1775579700,6625.25,6626.25,6616.00,6618.75
1775580000,6618.50,6623.75,6617.00,6623.25
1775580300,6623.75,6631.75,6623.00,6627.50
1775580600,6627.50,6631.50,6625.50,6628.50
1775580900,6628.25,6628.25,6622.75,6623.50
1775581200,6623.25,6631.75,6620.25,6629.25
1775581500,6629.25,6631.25,6626.00,6627.25
1775581800,6627.25,6629.50,6624.00,6625.00
1775582100,6625.25,6627.50,6621.50,6623.50
1775582400,6623.50,6623.75,6617.75,6621.00
1775582700,6621.00,6623.25,6617.25,6620.75
1775583000,6621.00,6631.25,6619.50,6630.25
1775583300,6630.50,6646.50,6630.00,6637.25
1775583600,6637.00,6637.50,6629.50,6630.75
1775583900,6630.50,6632.00,6626.50,6631.25
1775584200,6631.75,6636.00,6630.50,6632.50
1775584500,6632.75,6633.50,6627.75,6630.25
1775584800,6630.25,6633.25,6628.50,6629.25
1775585100,6629.25,6629.50,6624.00,6626.25
1775585400,6626.25,6628.75,6623.50,6627.50
1775585700,6627.50,6631.75,6626.00,6631.25
1775586000,6631.50,6632.50,6624.00,6624.75
1775586300,6625.25,6626.75,6623.00,6624.50
1775586600,6624.25,6626.25,6622.00,6624.75
1775586900,6624.75,6626.00,6620.75,6622.50
1775587200,6622.25,6623.25,6614.00,6617.50
1775587500,6617.50,6618.00,6611.75,6613.25
1775587800,6613.00,6613.00,6603.75,6605.00
1775588100,6605.00,6605.25,6596.75,6602.50
1775588400,6602.50,6607.25,6598.25,6603.50
1775588700,6603.50,6608.50,6596.75,6600.75
1775589000,6600.50,6608.75,6600.25,6607.50
1775589300,6607.50,6639.00,6606.00,6634.75
1775589600,6634.25,6645.00,6623.25,6630.00
1775589900,6629.50,6632.00,6622.50,6629.75
1775590200,6629.75,6631.25,6626.25,6627.50
1775590500,6627.50,6628.00,6622.25,6623.75
1775590800,6623.50,6636.00,6622.00,6631.25
1775591100,6631.00,6655.50,6627.50,6640.75
1775591400,6640.75,6651.50,6640.50,6647.25
1775591700,6647.25,6659.00,6646.50,6655.75
1775592000,6655.50,6663.50,6649.00,6659.25
1775592300,6659.50,6661.25,6653.25,6661.00
1775592600,6661.00,6664.75,6659.25,6662.75
1775655000,6829.50,6836.75,6819.00,6825.75
1775655300,6825.75,6828.75,6817.25,6819.75
1775655600,6819.75,6822.25,6813.00,6816.25
1775655900,6816.25,6830.00,6815.50,6826.75
1775656200,6826.50,6826.50,6805.50,6806.75
1775656500,6806.50,6815.50,6805.00,6811.75
1775656800,6811.75,6818.25,6811.25,6816.25
1775657100,6816.25,6818.00,6806.00,6814.00
1775657400,6814.25,6817.25,6810.00,6814.75
1775657700,6814.75,6819.00,6807.75,6811.50
1775658000,6811.75,6817.50,6810.75,6812.50
1775658300,6812.75,6813.00,6805.50,6806.25
1775658600,6806.25,6809.00,6800.00,6802.50
1775658900,6802.75,6804.50,6797.00,6798.75
1775659200,6798.75,6805.50,6797.50,6799.50
1775659500,6799.25,6801.50,6792.50,6800.25
1775659800,6800.50,6800.75,6792.00,6796.00
1775660100,6796.00,6796.00,6779.75,6793.75
1775660400,6794.00,6805.25,6793.50,6801.75
1775660700,6801.75,6803.00,6791.50,6792.25
1775661000,6792.50,6798.75,6789.75,6796.25
1775661300,6796.50,6800.00,6792.50,6799.50
1775661600,6799.50,6801.75,6795.75,6800.50
1775661900,6800.75,6800.75,6794.75,6795.25
1775662200,6795.50,6803.75,6795.25,6803.25
1775662500,6803.25,6808.50,6801.50,6807.50
1775662800,6807.50,6808.00,6802.50,6807.50
1775663100,6807.50,6813.75,6807.50,6812.75
1775663400,6812.75,6816.00,6812.50,6814.00
1775663700,6814.00,6816.25,6813.00,6814.00
1775664000,6814.00,6822.00,6813.75,6819.25
1775664300,6819.50,6820.00,6816.25,6817.25
1775664600,6817.25,6818.75,6813.75,6814.00
1775664900,6814.25,6815.75,6809.75,6813.00
1775665200,6813.25,6815.25,6810.75,6813.50
1775665500,6813.75,6816.25,6812.50,6815.00
1775665800,6815.00,6819.25,6813.75,6818.50
1775666100,6818.50,6820.00,6816.75,6819.75
1775666400,6820.25,6824.00,6819.75,6823.75
1775666700,6823.75,6826.50,6823.25,6824.75
1775667000,6825.00,6826.50,6823.50,6825.00
1775667300,6825.00,6827.50,6825.00,6826.00
1775667600,6826.00,6829.75,6825.25,6826.25
1775667900,6826.25,6826.50,6822.00,6823.25
1775668200,6823.50,6826.00,6822.75,6824.00
1775668500,6824.00,6826.00,6820.50,6822.25
1775668800,6822.25,6824.50,6816.25,6817.50
1775669100,6817.50,6819.50,6813.00,6815.50
1775669400,6815.50,6819.50,6814.75,6817.00
1775669700,6817.00,6820.75,6812.25,6817.50
1775670000,6817.50,6822.25,6816.75,6821.25
1775670300,6821.00,6823.00,6818.75,6819.00
1775670600,6819.50,6822.75,6819.25,6821.50
1775670900,6821.25,6823.75,6820.75,6823.25
1775671200,6822.75,6827.50,6817.50,6827.25
1775671500,6827.25,6829.75,6826.25,6829.50
1775671800,6829.25,6829.75,6825.50,6828.50
1775672100,6828.50,6831.50,6808.00,6813.00
1775672400,6813.00,6818.75,6811.00,6815.00
1775672700,6815.00,6819.25,6811.50,6813.75
1775673000,6814.00,6818.50,6812.00,6813.25
1775673300,6813.50,6815.50,6809.50,6810.25
1775673600,6810.25,6810.75,6804.00,6805.00
1775673900,6805.00,6808.50,6802.25,6803.00
1775674200,6803.00,6807.00,6801.25,6804.00
1775674500,6803.75,6804.00,6793.00,6794.00
1775674800,6794.00,6801.25,6792.75,6797.75
1775675100,6797.75,6804.75,6795.75,6801.00
1775675400,6801.50,6809.25,6801.25,6808.25
1775675700,6807.75,6809.75,6800.50,6802.50
1775676000,6802.25,6804.00,6798.25,6802.25
1775676300,6802.50,6806.25,6799.25,6799.50
1775676600,6799.50,6810.25,6799.00,6809.75
1775676900,6809.75,6815.00,6808.00,6812.25
1775677200,6812.00,6812.50,6805.75,6811.25
1775677500,6811.00,6815.25,6810.75,6814.00
1775677800,6814.25,6818.50,6813.50,6817.25
1775678100,6817.25,6825.50,6814.50,6823.50
1775678400,6823.50,6827.00,6822.75,6824.00
1775678700,6823.75,6824.50,6819.25,6820.25
1775679000,6820.25,6822.25,6817.50,6820.50
1775741400,6812.75,6816.75,6808.75,6810.75
1775741700,6810.75,6817.25,6809.00,6815.50
1775742000,6815.50,6821.75,6812.25,6819.25
1775742300,6819.25,6821.00,6813.50,6818.25
1775742600,6818.25,6818.25,6810.75,6812.00
1775742900,6812.00,6817.25,6810.25,6816.75
1775743200,6816.75,6819.00,6812.75,6817.50
1775743500,6817.50,6821.50,6813.50,6814.00
1775743800,6813.75,6819.25,6811.00,6811.75
1775744100,6811.50,6811.75,6805.50,6808.25
1775744400,6808.25,6812.00,6806.50,6809.75
1775744700,6809.50,6809.75,6803.00,6807.00
1775745000,6806.75,6807.75,6801.50,6805.00
1775745300,6805.25,6809.25,6802.50,6808.50
1775745600,6808.25,6810.00,6805.50,6806.25
1775745900,6806.25,6812.50,6806.00,6811.00
1775746200,6811.00,6815.50,6810.50,6815.25
1775746500,6815.25,6819.00,6813.25,6816.75
1775746800,6817.00,6817.50,6809.50,6813.75
1775747100,6813.75,6815.25,6811.50,6814.00
1775747400,6814.00,6822.25,6813.50,6820.50
1775747700,6820.75,6828.75,6820.50,6828.25
1775748000,6828.25,6829.50,6823.75,6826.50
1775748300,6826.75,6826.75,6821.50,6823.25
1775748600,6823.25,6845.00,6821.25,6837.75
1775748900,6837.75,6843.25,6831.75,6836.25
1775749200,6836.25,6842.00,6836.00,6838.50
1775749500,6838.75,6848.50,6835.00,6843.75
1775749800,6843.75,6849.75,6842.50,6849.50
1775750100,6849.50,6853.25,6849.00,6852.50
1775750400,6852.25,6872.00,6852.00,6864.25
1775750700,6864.25,6867.50,6861.00,6862.75
1775751000,6862.75,6866.25,6859.25,6859.25
1775751300,6859.50,6868.00,6858.75,6867.25
1775751600,6867.00,6868.50,6861.75,6862.25
1775751900,6862.00,6865.25,6860.25,6863.00
1775752200,6863.25,6864.25,6858.75,6861.00
1775752500,6861.00,6861.75,6856.00,6858.25
1775752800,6858.25,6858.75,6854.50,6857.75
1775753100,6857.50,6857.75,6853.75,6855.75
1775753400,6855.75,6865.25,6855.75,6863.50
1775753700,6863.50,6864.00,6861.00,6863.00
1775754000,6862.75,6865.75,6861.50,6865.75
1775754300,6865.75,6871.00,6864.00,6869.50
1775754600,6869.50,6871.50,6866.75,6868.50
1775754900,6868.50,6874.75,6867.25,6872.50
1775755200,6872.25,6873.00,6869.00,6870.25
1775755500,6870.25,6870.75,6867.00,6867.00
1775755800,6867.25,6867.25,6860.50,6866.50
1775756100,6866.00,6874.75,6865.75,6874.25
1775756400,6874.25,6876.00,6869.25,6870.50
1775756700,6870.75,6873.75,6870.00,6872.50
1775757000,6872.50,6872.50,6867.75,6869.50
1775757300,6869.50,6869.75,6867.50,6869.75
1775757600,6869.75,6870.50,6850.75,6855.00
1775757900,6855.25,6862.75,6855.25,6859.25
1775758200,6859.00,6860.75,6854.00,6857.00
1775758500,6857.25,6860.00,6854.75,6857.25
1775758800,6857.25,6859.00,6850.75,6852.75
1775759100,6853.00,6856.00,6849.75,6852.75
1775759400,6852.50,6854.75,6848.50,6850.50
1775759700,6850.25,6858.00,6849.50,6857.25
1775760000,6857.00,6858.25,6852.00,6853.75
1775760300,6853.75,6856.50,6853.00,6855.75
1775760600,6856.00,6856.75,6851.75,6854.50
1775760900,6854.75,6857.50,6854.50,6855.50
1775761200,6855.50,6862.00,6853.50,6860.50
1775761500,6860.25,6865.00,6858.25,6864.75
1775761800,6864.75,6866.75,6863.50,6864.50
1775762100,6864.25,6866.25,6860.00,6860.75
1775762400,6861.00,6863.25,6860.00,6863.00
1775762700,6863.00,6865.00,6862.00,6863.25
1775763000,6863.00,6871.25,6862.75,6867.00
1775763300,6866.75,6870.00,6865.00,6867.00
1775763600,6867.00,6869.00,6864.00,6868.00
1775763900,6867.75,6869.75,6864.50,6865.00
1775764200,6865.00,6870.75,6864.00,6868.75
1775764500,6868.75,6868.75,6861.50,6862.00
1775764800,6862.00,6863.50,6859.00,6859.25
1775765100,6859.00,6859.75,6856.25,6858.75
1775765400,6858.50,6860.25,6858.25,6859.25
1775827800,6875.00,6881.50,6871.00,6871.75
1775828100,6872.00,6873.50,6867.25,6869.75
1775828400,6869.25,6872.25,6866.75,6870.50
1775828700,6870.75,6872.00,6865.50,6867.25
1775829000,6867.25,6871.25,6863.75,6870.50
1775829300,6870.50,6871.50,6868.00,6870.25
1775829600,6869.75,6870.75,6862.50,6868.00
1775829900,6868.00,6870.50,6864.75,6867.75
1775830200,6868.00,6875.25,6863.50,6874.50
1775830500,6874.50,6876.50,6871.50,6875.75
1775830800,6875.75,6876.75,6873.25,6876.50
1775831100,6876.75,6878.00,6874.50,6877.50
1775831400,6877.75,6882.00,6877.00,6877.25
1775831700,6877.25,6879.50,6875.75,6876.50
1775832000,6876.75,6877.75,6866.25,6871.00
1775832300,6871.25,6875.75,6868.50,6869.50
1775832600,6869.50,6875.75,6869.00,6870.25
1775832900,6870.25,6877.50,6868.75,6876.00
1775833200,6876.00,6876.75,6873.00,6873.75
1775833500,6873.75,6878.25,6871.25,6876.75
1775833800,6876.75,6879.75,6875.50,6878.75
1775834100,6878.50,6881.00,6877.00,6877.75
1775834400,6877.75,6883.00,6877.25,6882.00
1775834700,6882.00,6882.00,6873.75,6874.75
1775835000,6874.75,6877.00,6869.25,6871.00
1775835300,6871.00,6872.50,6865.75,6866.75
1775835600,6866.75,6868.00,6862.75,6867.00
1775835900,6866.75,6869.50,6863.75,6864.50
1775836200,6864.50,6866.00,6859.25,6859.75
1775836500,6860.00,6860.25,6853.50,6856.50
1775836800,6856.75,6858.00,6853.25,6855.25
1775837100,6855.25,6858.00,6853.25,6856.00
1775837400,6855.75,6863.25,6855.75,6861.25
1775837700,6861.50,6863.25,6859.00,6860.25
1775838000,6860.25,6861.25,6856.50,6861.00
1775838300,6861.00,6861.00,6856.00,6857.00
1775838600,6857.00,6859.50,6854.00,6856.25
1775838900,6856.25,6856.25,6852.00,6852.75
1775839200,6853.00,6853.75,6846.75,6849.00
1775839500,6848.75,6854.50,6848.25,6854.25
1775839800,6854.25,6859.00,6852.00,6857.25
1775840100,6857.25,6858.00,6855.25,6856.75
1775840400,6857.00,6857.00,6849.75,6850.00
1775840700,6850.25,6852.25,6848.00,6851.00
1775841000,6851.00,6853.75,6848.50,6853.25
1775841300,6853.00,6854.50,6850.00,6852.25
1775841600,6852.50,6852.50,6847.75,6850.25
1775841900,6850.25,6853.00,6847.75,6848.50
1775842200,6848.25,6852.25,6846.25,6850.25
1775842500,6850.50,6852.50,6848.75,6852.00
1775842800,6851.75,6854.75,6849.75,6853.75
1775843100,6853.75,6855.50,6853.00,6854.75
1775843400,6854.50,6857.50,6854.25,6857.25
1775843700,6857.25,6857.50,6855.50,6856.75
1775844000,6857.00,6857.00,6852.00,6852.75
1775844300,6852.50,6854.25,6850.75,6852.25
1775844600,6852.25,6855.25,6851.50,6854.00
1775844900,6853.75,6858.00,6853.75,6857.50
1775845200,6857.50,6859.50,6856.50,6857.00
1775845500,6857.00,6857.75,6855.50,6856.25
1775845800,6856.50,6857.00,6853.75,6855.75
1775846100,6855.50,6856.50,6853.50,6854.50
1775846400,6854.25,6855.25,6850.75,6853.00
1775846700,6853.00,6854.75,6852.25,6853.75
1775847000,6853.50,6855.00,6852.75,6855.00
1775847300,6855.00,6856.25,6853.25,6855.50
1775847600,6855.75,6858.75,6855.00,6858.25
1775847900,6858.00,6859.50,6857.25,6858.00
1775848200,6858.00,6862.25,6857.50,6862.00
1775848500,6862.00,6862.00,6859.50,6861.00
1775848800,6861.00,6862.00,6858.00,6858.50
1775849100,6858.75,6859.00,6856.50,6858.75
1775849400,6858.75,6858.75,6855.25,6856.00
1775849700,6856.00,6857.00,6851.75,6852.75
1775850000,6852.75,6854.50,6849.25,6853.25
1775850300,6853.00,6854.75,6848.75,6850.50
1775850600,6850.50,6855.00,6849.00,6851.00
1775850900,6850.75,6858.00,6849.50,6855.50
1775851200,6855.75,6857.25,6852.75,6852.75
1775851500,6852.75,6855.25,6851.25,6855.00
1775851800,6855.00,6856.75,6854.00,6856.00
1776087000,6834.75,6840.00,6830.50,6835.75
1776087300,6835.75,6836.00,6826.50,6833.25
1776087600,6833.25,6836.00,6829.25,6830.25
1776087900,6830.25,6851.25,6827.75,6849.25
1776088200,6849.00,6855.50,6841.25,6848.00
1776088500,6847.75,6858.75,6845.50,6858.50
1776088800,6858.25,6861.50,6849.50,6854.50
1776089100,6854.50,6859.50,6852.50,6854.75
1776089400,6854.75,6855.25,6850.00,6852.50
1776089700,6852.25,6852.75,6846.75,6851.25
1776090000,6851.50,6856.75,6845.00,6856.25
1776090300,6856.25,6857.50,6852.75,6857.25
1776090600,6857.25,6861.50,6855.75,6859.00
1776090900,6859.00,6859.00,6854.25,6856.50
1776091200,6856.50,6862.50,6856.00,6861.00
1776091500,6861.25,6862.25,6856.25,6857.25
1776091800,6857.25,6864.00,6856.25,6862.75
1776092100,6862.50,6868.25,6860.00,6866.75
1776092400,6866.75,6867.00,6859.00,6859.75
1776092700,6859.50,6862.50,6857.75,6861.25
1776093000,6861.25,6864.75,6859.25,6861.25
1776093300,6861.50,6863.25,6857.50,6858.00
1776093600,6858.00,6862.25,6857.25,6857.75
1776093900,6857.75,6860.00,6856.00,6856.25
1776094200,6856.50,6857.50,6853.50,6856.00
1776094500,6856.00,6864.00,6855.00,6861.00
1776094800,6861.00,6862.25,6855.75,6856.50
1776095100,6856.50,6858.00,6854.25,6856.25
1776095400,6856.25,6856.75,6854.50,6854.75
1776095700,6854.50,6858.00,6854.25,6856.00
1776096000,6856.00,6857.50,6851.25,6853.50
1776096300,6853.25,6865.50,6851.75,6858.25
1776096600,6858.50,6862.25,6857.75,6860.25
1776096900,6860.25,6863.75,6858.50,6863.50
1776097200,6863.50,6871.25,6863.25,6868.75
1776097500,6868.50,6878.00,6867.50,6875.25
1776097800,6875.50,6881.75,6872.75,6875.00
1776098100,6875.00,6884.75,6874.75,6876.50
1776098400,6876.50,6880.25,6868.25,6877.25
1776098700,6877.25,6885.75,6876.25,6882.00
1776099000,6882.00,6890.00,6881.25,6882.50
1776099300,6882.75,6885.50,6879.75,6884.75
1776099600,6884.75,6887.50,6883.00,6886.50
1776099900,6886.75,6887.00,6882.25,6884.00
1776100200,6884.25,6885.50,6883.25,6885.00
1776100500,6885.25,6890.00,6884.50,6887.50
1776100800,6887.25,6887.50,6884.25,6884.50
1776101100,6884.75,6886.75,6884.25,6886.50
1776101400,6886.50,6888.75,6885.00,6885.00
1776101700,6885.00,6886.00,6882.50,6884.00
1776102000,6884.25,6885.25,6882.50,6883.00
1776102300,6883.00,6883.75,6881.75,6882.25
1776102600,6882.25,6884.50,6880.25,6883.50
1776102900,6883.50,6885.00,6882.25,6883.25
1776103200,6883.25,6887.50,6883.25,6885.75
1776103500,6885.50,6887.50,6885.00,6886.50
1776103800,6886.50,6888.00,6886.50,6887.25
1776104100,6887.25,6888.00,6886.50,6886.50
1776104400,6886.50,6888.25,6885.25,6885.50
1776104700,6885.50,6886.50,6884.00,6885.75
1776105000,6885.75,6887.50,6884.50,6887.00
1776105300,6887.25,6889.00,6886.25,6888.00
1776105600,6888.25,6890.00,6887.25,6889.50
1776105900,6889.50,6894.25,6889.50,6893.00
1776106200,6893.25,6896.00,6892.00,6895.50
1776106500,6895.25,6896.75,6894.25,6894.75
1776106800,6894.50,6897.75,6894.50,6895.50
1776107100,6895.50,6895.75,6893.00,6894.50
1776107400,6894.75,6895.00,6892.00,6893.75
1776107700,6893.75,6897.00,6893.25,6896.50
1776108000,6896.25,6899.75,6895.75,6899.50
1776108300,6899.50,6900.25,6899.00,6900.00
1776108600,6899.75,6904.50,6898.25,6902.75
1776108900,6902.75,6907.00,6901.50,6903.50
1776109200,6903.25,6904.50,6901.25,6903.50
1776109500,6903.50,6903.75,6899.50,6902.25
1776109800,6902.25,6920.75,6902.00,6918.25
1776110100,6918.50,6924.75,6918.50,6921.50
1776110400,6921.25,6923.00,6919.25,6922.00
1776110700,6922.00,6925.50,6921.50,6924.00
1776111000,6924.00,6924.75,6922.50,6923.50
1776173400,6938.00,6947.50,6937.75,6945.75
1776173700,6945.75,6954.75,6945.25,6951.50
1776174000,6951.50,6961.25,6951.00,6960.00
1776174300,6959.75,6960.25,6955.00,6959.00
1776174600,6959.25,6960.00,6956.00,6957.50
1776174900,6957.25,6959.25,6955.75,6956.50
1776175200,6956.50,6960.00,6956.00,6958.25
1776175500,6958.25,6966.00,6957.50,6965.50
1776175800,6965.75,6971.00,6963.25,6970.75
1776176100,6970.50,6972.25,6967.50,6968.25
1776176400,6968.50,6972.00,6968.25,6969.50
1776176700,6969.50,6972.00,6968.00,6971.75
1776177000,6971.75,6972.00,6969.75,6970.50
1776177300,6970.50,6975.75,6968.25,6970.00
1776177600,6969.75,6971.75,6967.75,6970.50
1776177900,6970.50,6976.75,6970.25,6975.00
1776178200,6975.25,6979.00,6972.50,6978.50
1776178500,6978.50,6978.75,6976.50,6977.25
1776178800,6977.00,6977.75,6974.25,6974.50
1776179100,6974.50,6974.75,6970.75,6971.75
1776179400,6971.75,6973.50,6970.75,6971.50
1776179700,6971.50,6979.25,6971.00,6977.75
1776180000,6978.00,6982.50,6976.75,6981.50
1776180300,6981.50,6986.75,6981.25,6985.00
1776180600,6984.75,6988.50,6984.50,6986.75
1776180900,6986.75,6989.75,6986.50,6989.00
1776181200,6988.75,6993.75,6986.75,6990.25
1776181500,6990.50,6993.00,6990.25,6991.25
1776181800,6991.25,6995.25,6991.25,6994.00
1776182100,6994.25,6994.75,6990.00,6990.50
1776182400,6990.50,6993.75,6989.75,6992.75
1776182700,6992.75,6993.50,6991.00,6992.50
1776183000,6992.50,6993.75,6990.75,6992.25
1776183300,6992.25,6995.00,6991.50,6994.75
1776183600,6995.00,6997.25,6993.75,6996.75
1776183900,6997.00,6999.25,6996.50,6998.00
1776184200,6998.00,6999.50,6994.75,6995.00
1776184500,6995.00,6996.75,6993.75,6996.00
1776184800,6995.75,6997.25,6994.75,6997.00
1776185100,6996.75,6998.50,6995.75,6998.00
1776185400,6998.00,6998.50,6992.75,6993.00
1776185700,6993.00,6993.50,6990.00,6991.25
1776186000,6991.50,6994.75,6991.25,6993.25
1776186300,6993.25,6995.75,6992.50,6993.25
1776186600,6993.25,6995.00,6992.75,6994.00
1776186900,6994.25,6999.00,6994.00,6999.00
1776187200,6998.75,7002.50,6998.50,7001.00
1776187500,7001.25,7001.50,6998.50,6999.50
1776187800,6999.50,7003.25,6999.25,7002.25
1776188100,7001.75,7003.00,7000.25,7001.50
1776188400,7001.25,7002.75,7000.50,7002.00
1776188700,7002.00,7002.75,7000.75,7001.75
1776189000,7002.00,7002.50,6997.75,6998.75
1776189300,6999.00,6999.75,6997.75,6999.25
1776189600,6999.50,7001.50,6999.00,7000.50
1776189900,7000.50,7000.75,6998.75,7000.50
1776190200,7000.50,7000.50,6997.00,6997.25
1776190500,6997.25,6997.75,6989.25,6991.50
1776190800,6991.75,6993.50,6984.00,6985.25
1776191100,6985.25,6990.75,6983.25,6988.00
1776191400,6988.25,6990.50,6987.25,6988.50
1776191700,6988.75,6992.50,6988.50,6991.75
1776192000,6991.75,6994.00,6987.00,6988.00
1776192300,6987.75,6990.00,6985.00,6985.75
1776192600,6986.00,6989.50,6985.25,6988.25
1776192900,6988.00,6990.00,6987.50,6989.50
1776193200,6989.50,6995.00,6988.75,6994.00
1776193500,6994.00,6996.75,6993.75,6995.75
1776193800,6995.75,6999.75,6994.75,6997.00
1776194100,6997.00,7000.50,6996.75,6998.50
1776194400,6998.50,7003.25,6998.25,7003.00
1776194700,7002.75,7005.00,7002.50,7004.75
1776195000,7004.75,7008.25,7001.50,7001.75
1776195300,7002.00,7006.25,6999.25,7005.50
1776195600,7005.50,7006.00,7000.50,7002.75
1776195900,7002.75,7004.00,7000.25,7002.50
1776196200,7002.50,7006.00,6997.00,6997.50
1776196500,6997.75,7006.75,6997.75,7006.25
1776196800,7006.00,7007.25,7000.50,7000.75
1776197100,7000.75,7002.75,7000.50,7001.25
1776197400,7001.25,7003.25,7000.50,7003.00
1776259800,7014.25,7020.00,7012.00,7019.00
1776260100,7019.25,7024.25,7016.25,7024.25
1776260400,7024.25,7024.75,7003.75,7005.25
1776260700,7005.50,7014.25,7005.50,7011.25
1776261000,7011.50,7013.25,7006.25,7011.75
1776261300,7011.50,7018.25,7011.50,7018.00
1776261600,7018.00,7019.00,7012.50,7014.00
1776261900,7014.25,7017.00,7009.50,7015.75
1776262200,7016.00,7021.25,7015.00,7020.75
1776262500,7020.75,7025.50,7019.25,7020.25
1776262800,7020.50,7031.00,7020.50,7028.25
1776263100,7028.00,7031.00,7027.25,7030.75
1776263400,7031.00,7032.50,7026.00,7026.25
1776263700,7026.50,7029.25,7020.75,7021.75
1776264000,7022.00,7029.75,7021.75,7029.25
1776264300,7029.25,7032.00,7027.50,7032.00
1776264600,7031.75,7033.00,7028.25,7028.50
1776264900,7028.75,7031.75,7027.75,7029.25
1776265200,7029.25,7031.50,7027.00,7031.00
1776265500,7031.00,7032.00,7026.00,7028.50
1776265800,7028.50,7035.00,7028.25,7034.75
1776266100,7035.00,7036.75,7033.50,7035.50
1776266400,7035.75,7037.00,7034.00,7035.25
1776266700,7035.25,7037.50,7034.50,7035.50
1776267000,7035.75,7036.00,7030.00,7030.75
1776267300,7030.75,7033.75,7030.25,7032.75
1776267600,7033.00,7037.75,7032.75,7036.25
1776267900,7036.25,7037.75,7035.00,7036.00
1776268200,7036.50,7037.25,7033.75,7034.00
1776268500,7034.00,7034.50,7031.00,7031.75
1776268800,7032.00,7033.50,7029.75,7032.75
1776269100,7032.50,7036.75,7031.25,7036.25
1776269400,7036.00,7036.50,7034.00,7035.50
1776269700,7035.75,7038.50,7034.25,7037.75
1776270000,7038.00,7040.25,7038.00,7039.75
1776270300,7039.75,7039.75,7035.50,7035.75
1776270600,7035.50,7036.75,7033.25,7034.75
1776270900,7034.75,7037.25,7033.50,7033.50
1776271200,7033.50,7033.75,7025.50,7025.75
1776271500,7025.75,7029.00,7021.75,7029.00
1776271800,7028.75,7030.00,7022.25,7024.00
1776272100,7024.00,7028.50,7019.25,7027.25
1776272400,7027.50,7033.00,7026.25,7032.50
1776272700,7032.50,7036.25,7032.00,7034.00
1776273000,7034.50,7035.00,7032.25,7033.75
1776273300,7033.50,7036.75,7033.50,7034.75
1776273600,7034.75,7035.75,7032.50,7035.00
1776273900,7035.00,7038.25,7034.50,7036.25
1776274200,7036.00,7040.25,7035.75,7039.75
1776274500,7040.00,7042.25,7038.25,7038.50
1776274800,7038.50,7038.75,7035.00,7036.75
1776275100,7036.75,7039.25,7036.50,7037.75
1776275400,7037.50,7040.75,7037.50,7039.25
1776275700,7039.25,7040.50,7036.50,7037.25
1776276000,7037.00,7048.75,7033.75,7042.50
1776276300,7042.00,7044.50,7041.50,7043.00
1776276600,7043.00,7046.75,7040.50,7045.00
1776276900,7045.00,7048.75,7045.00,7045.75
1776277200,7045.75,7047.50,7043.75,7047.00
1776277500,7047.00,7047.75,7045.00,7046.75
1776277800,7047.00,7052.75,7046.75,7052.50
1776278100,7052.50,7054.00,7050.00,7052.00
1776278400,7052.25,7052.50,7048.00,7051.00
1776278700,7051.00,7054.75,7051.00,7054.75
1776279000,7054.75,7057.75,7054.50,7057.25
1776279300,7057.00,7060.50,7056.25,7058.25
1776279600,7058.50,7059.50,7055.75,7059.50
1776279900,7059.25,7061.25,7059.25,7060.25
1776280200,7060.25,7061.50,7055.75,7056.50
1776280500,7056.75,7058.25,7055.50,7058.00
1776280800,7058.00,7060.50,7057.00,7059.50
1776281100,7059.50,7062.25,7058.75,7061.75
1776281400,7061.50,7062.00,7059.25,7061.75
1776281700,7061.75,7063.25,7056.75,7056.75
1776282000,7057.00,7059.00,7054.25,7057.00
1776282300,7056.75,7060.25,7055.00,7056.75
1776282600,7057.00,7062.75,7056.50,7060.25
1776282900,7060.25,7064.50,7058.50,7060.00
1776283200,7060.25,7062.50,7055.50,7056.25
1776283500,7056.25,7056.75,7054.25,7055.75
1776283800,7056.00,7056.75,7054.75,7056.00
1776346200,7071.50,7073.75,7066.25,7071.50
1776346500,7071.75,7072.50,7066.50,7067.50
1776346800,7067.25,7070.75,7061.75,7069.25
1776347100,7069.25,7070.00,7064.75,7067.50
1776347400,7067.25,7067.50,7048.50,7049.00
1776347700,7048.75,7057.50,7046.25,7056.25
1776348000,7056.00,7056.50,7048.25,7054.50
1776348300,7054.50,7060.25,7052.50,7057.50
1776348600,7057.75,7062.50,7056.75,7057.50
1776348900,7057.75,7059.75,7049.75,7050.25
1776349200,7050.50,7053.00,7047.50,7051.25
1776349500,7051.25,7055.00,7049.25,7052.50
1776349800,7052.50,7055.75,7050.25,7054.00
1776350100,7054.00,7055.50,7051.00,7051.75
1776350400,7051.75,7056.50,7049.50,7056.00
1776350700,7055.75,7060.75,7054.50,7060.75
1776351000,7060.50,7063.25,7059.00,7061.75
1776351300,7061.75,7062.50,7057.00,7060.50
1776351600,7060.25,7067.75,7060.00,7066.75
1776351900,7066.50,7072.75,7064.25,7071.25
1776352200,7071.25,7076.00,7071.00,7075.75
1776352500,7075.75,7081.75,7074.25,7074.75
1776352800,7075.00,7079.75,7075.00,7077.50
1776353100,7077.50,7079.00,7069.00,7069.00
1776353400,7069.00,7073.25,7067.50,7072.50
1776353700,7072.50,7085.25,7072.00,7078.00
1776354000,7078.00,7078.50,7071.25,7075.25
1776354300,7075.25,7077.25,7071.00,7074.00
1776354600,7074.00,7079.50,7073.50,7078.50
1776354900,7078.50,7084.75,7078.25,7083.75
1776355200,7084.00,7086.75,7083.50,7085.75
1776355500,7085.75,7086.50,7082.00,7084.75
1776355800,7084.50,7086.75,7084.00,7086.00
1776356100,7085.75,7089.00,7085.75,7088.50
1776356400,7088.75,7088.75,7080.50,7083.00
1776356700,7083.00,7084.50,7081.00,7081.50
1776357000,7081.50,7082.25,7063.25,7071.75
1776357300,7071.75,7078.00,7070.00,7077.50
1776357600,7077.50,7079.50,7072.00,7075.25
1776357900,7075.00,7078.00,7074.00,7075.25
1776358200,7075.25,7077.50,7069.25,7070.50
1776358500,7070.50,7073.25,7068.75,7069.25
1776358800,7069.50,7070.25,7065.75,7067.25
1776359100,7067.00,7068.25,7062.50,7067.50
1776359400,7067.50,7069.50,7061.75,7062.00
1776359700,7062.00,7064.00,7059.25,7063.00
1776360000,7063.00,7069.25,7061.25,7069.00
1776360300,7068.75,7071.00,7067.00,7068.50
1776360600,7068.50,7072.75,7067.75,7069.50
1776360900,7069.25,7071.50,7067.25,7070.75
1776361200,7071.00,7075.75,7070.50,7075.00
1776361500,7075.00,7076.75,7072.75,7076.00
1776361800,7076.25,7076.25,7072.00,7072.50
1776362100,7072.50,7072.75,7063.00,7067.75
1776362400,7067.50,7073.75,7065.25,7068.25
1776362700,7068.50,7070.00,7061.00,7063.75
1776363000,7063.75,7067.75,7061.00,7067.00
1776363300,7066.75,7069.00,7064.50,7065.25
1776363600,7065.50,7068.00,7059.50,7060.50
1776363900,7060.75,7062.25,7056.25,7059.50
1776364200,7059.50,7067.50,7059.00,7066.25
1776364500,7066.25,7069.75,7065.00,7067.75
1776364800,7068.00,7071.00,7067.25,7069.25
1776365100,7069.50,7071.75,7068.50,7069.25
1776365400,7069.25,7069.50,7066.50,7067.75
1776365700,7067.75,7069.00,7065.25,7068.50
1776366000,7068.75,7073.25,7068.75,7071.50
1776366300,7071.50,7072.25,7068.75,7070.25
1776366600,7070.25,7071.50,7067.50,7069.75
1776366900,7069.75,7073.75,7069.75,7072.25
1776367200,7072.50,7073.25,7070.25,7072.00
1776367500,7072.00,7073.00,7070.50,7070.50
1776367800,7070.50,7074.00,7069.75,7073.00
1776368100,7073.00,7075.75,7072.00,7075.75
1776368400,7075.50,7077.75,7074.50,7074.75
1776368700,7074.75,7078.25,7072.75,7077.75
1776369000,7078.00,7081.00,7075.00,7077.75
1776369300,7078.00,7080.75,7075.25,7076.75
1776369600,7076.50,7078.50,7075.00,7076.00
1776369900,7075.75,7076.00,7074.50,7075.00
1776370200,7075.00,7076.75,7074.75,7075.25
1776432600,7121.25,7130.75,7119.00,7129.00
1776432900,7129.25,7135.50,7128.00,7130.00
1776433200,7130.25,7132.75,7124.50,7131.00
1776433500,7131.00,7134.50,7117.00,7130.25
1776433800,7130.25,7138.25,7129.00,7137.25
1776434100,7137.25,7143.75,7135.00,7143.50
1776434400,7143.50,7149.50,7141.50,7148.75
1776434700,7149.00,7152.25,7148.25,7152.00
1776435000,7152.00,7154.50,7147.50,7152.00
1776435300,7152.00,7153.75,7149.00,7150.25
1776435600,7150.25,7154.50,7145.50,7153.25
1776435900,7153.50,7156.00,7150.25,7153.25
1776436200,7153.50,7163.50,7153.00,7162.50
1776436500,7162.50,7164.50,7157.25,7164.00
1776436800,7164.25,7171.25,7163.75,7170.00
1776437100,7170.00,7174.50,7168.25,7173.75
1776437400,7173.75,7174.75,7169.00,7169.75
1776437700,7169.75,7169.75,7163.00,7165.75
1776438000,7165.75,7173.00,7163.00,7168.00
1776438300,7168.50,7172.75,7167.50,7170.00
1776438600,7169.75,7171.50,7162.25,7163.50
1776438900,7163.50,7168.50,7159.50,7162.50
1776439200,7162.50,7167.50,7159.75,7166.25
1776439500,7166.00,7168.50,7163.75,7167.50
1776439800,7167.50,7174.25,7167.00,7174.00
1776440100,7173.75,7175.00,7169.75,7174.00
1776440400,7173.75,7174.50,7165.50,7165.75
1776440700,7166.00,7174.25,7166.00,7169.50
1776441000,7169.50,7175.00,7168.75,7172.00
1776441300,7172.00,7174.25,7168.25,7169.00
1776441600,7169.00,7176.50,7167.00,7173.75
1776441900,7173.75,7178.25,7173.00,7173.00
1776442200,7173.25,7177.75,7172.00,7175.25
1776442500,7175.25,7176.75,7171.00,7174.25
1776442800,7174.25,7177.25,7173.25,7177.00
1776443100,7177.00,7177.50,7175.50,7177.00
1776443400,7177.25,7182.00,7177.00,7181.25
1776443700,7181.00,7183.75,7180.50,7182.50
1776444000,7182.50,7184.25,7180.50,7184.00
1776444300,7183.75,7185.75,7183.25,7183.75
1776444600,7184.00,7185.50,7182.50,7183.25
1776444900,7183.00,7183.25,7181.00,7181.00
1776445200,7181.25,7183.75,7180.50,7182.75
1776445500,7182.75,7183.00,7168.75,7176.00
1776445800,7176.25,7176.50,7170.50,7174.25
1776446100,7174.25,7175.75,7170.25,7170.50
1776446400,7170.75,7172.25,7151.75,7157.00
1776446700,7157.25,7163.00,7153.25,7160.50
1776447000,7160.25,7164.75,7158.25,7159.75
1776447300,7159.50,7165.50,7157.25,7161.75
1776447600,7161.75,7163.25,7159.25,7160.50
1776447900,7160.50,7169.00,7160.00,7166.25
1776448200,7166.00,7168.50,7165.00,7167.50
1776448500,7167.25,7168.75,7163.75,7164.50
1776448800,7164.75,7166.75,7161.00,7162.25
1776449100,7162.25,7162.75,7156.75,7157.50
1776449400,7157.75,7159.75,7155.00,7156.50
1776449700,7156.25,7160.00,7155.50,7158.00
1776450000,7158.00,7161.00,7152.75,7159.50
1776450300,7159.50,7165.00,7158.00,7159.75
1776450600,7159.50,7165.50,7159.50,7164.75
1776450900,7164.75,7165.50,7161.75,7163.00
1776451200,7163.25,7164.00,7159.00,7162.75
1776451500,7163.00,7163.50,7159.50,7160.50
1776451800,7160.50,7161.00,7153.50,7156.75
1776452100,7156.75,7161.25,7156.25,7158.00
1776452400,7157.75,7160.50,7157.50,7158.25
1776452700,7158.25,7158.25,7154.25,7155.75
1776453000,7155.75,7156.25,7151.25,7152.75
1776453300,7152.75,7157.50,7152.00,7155.75
1776453600,7155.75,7157.25,7153.00,7154.75
1776453900,7154.75,7157.00,7153.25,7154.00
1776454200,7154.00,7160.75,7153.75,7159.00
1776454500,7159.00,7163.00,7157.00,7161.50
1776454800,7161.50,7165.00,7159.50,7164.25
1776455100,7164.25,7164.50,7158.75,7159.75
1776455400,7160.00,7163.75,7158.00,7163.00
1776455700,7163.00,7165.50,7159.50,7161.25
1776456000,7161.25,7164.50,7160.75,7163.50
1776456300,7163.75,7165.00,7163.00,7163.50
1776456600,7163.50,7166.25,7163.25,7165.25
1776691800,7148.50,7153.50,7143.75,7151.25
1776692100,7151.00,7154.25,7144.00,7146.25
1776692400,7146.25,7150.25,7142.25,7148.75
1776692700,7148.25,7152.75,7144.50,7146.50
1776693000,7146.50,7154.75,7145.50,7153.50
1776693300,7153.75,7159.50,7153.25,7157.00
1776693600,7157.00,7157.50,7150.50,7152.75
1776693900,7153.00,7156.50,7149.25,7154.25
1776694200,7154.25,7156.25,7146.75,7152.75
1776694500,7152.75,7154.00,7148.00,7151.00
1776694800,7151.00,7156.00,7149.50,7155.50
1776695100,7155.25,7156.75,7148.50,7149.75
1776695400,7149.75,7150.50,7142.75,7146.75
1776695700,7146.75,7148.00,7142.75,7145.25
1776696000,7145.25,7145.50,7139.50,7141.50
1776696300,7141.50,7148.25,7139.50,7147.00
1776696600,7147.25,7148.25,7125.00,7138.00
1776696900,7137.75,7137.75,7129.25,7131.75
1776697200,7132.00,7136.50,7125.00,7127.25
1776697500,7127.00,7130.00,7121.50,7125.50
1776697800,7125.50,7131.25,7123.00,7127.50
1776698100,7127.25,7131.75,7124.25,7129.50
1776698400,7129.50,7141.25,7127.75,7136.50
1776698700,7136.00,7145.25,7135.25,7143.00
1776699000,7143.25,7143.25,7134.00,7135.75
1776699300,7135.75,7137.25,7132.50,7136.50
1776699600,7136.50,7140.75,7134.50,7135.50
1776699900,7135.75,7139.00,7133.25,7135.00
1776700200,7135.00,7135.75,7131.25,7135.50
1776700500,7135.25,7137.75,7135.00,7136.25
1776700800,7136.25,7137.50,7130.50,7131.50
1776701100,7131.50,7136.50,7130.75,7134.75
1776701400,7134.75,7137.75,7134.75,7136.00
1776701700,7136.00,7136.50,7130.25,7135.50
1776702000,7135.50,7138.00,7134.00,7136.00
1776702300,7136.25,7138.25,7135.50,7136.75
1776702600,7136.50,7141.25,7136.50,7139.25
1776702900,7139.50,7140.00,7134.00,7135.75
1776703200,7136.00,7140.75,7134.00,7137.25
1776703500,7137.00,7139.25,7136.75,7137.50
1776703800,7137.50,7138.25,7135.50,7138.00
1776704100,7137.75,7138.00,7135.00,7136.75
1776704400,7136.75,7139.00,7132.75,7134.50
1776704700,7134.75,7138.75,7134.00,7138.25
1776705000,7138.25,7141.75,7137.00,7141.00
1776705300,7140.75,7144.00,7139.75,7143.25
1776705600,7143.25,7144.50,7140.50,7142.75
1776705900,7142.75,7143.50,7139.75,7140.25
1776706200,7140.00,7140.50,7136.25,7136.75
1776706500,7136.75,7139.75,7136.00,7139.25
1776706800,7139.00,7143.00,7136.25,7139.75
1776707100,7139.75,7141.00,7138.50,7140.00
1776707400,7140.00,7141.00,7138.50,7140.50
1776707700,7140.50,7140.75,7137.00,7137.75
1776708000,7137.75,7138.25,7135.00,7137.50
1776708300,7137.25,7143.00,7137.25,7142.00
1776708600,7142.25,7142.75,7136.00,7142.25
1776708900,7142.25,7145.00,7141.00,7144.50
1776709200,7144.50,7146.75,7143.25,7146.50
1776709500,7146.50,7146.75,7140.25,7143.25
1776709800,7143.50,7144.50,7140.00,7143.50
1776710100,7143.50,7144.00,7139.50,7139.50
1776710400,7139.50,7143.25,7139.00,7141.50
1776710700,7141.75,7144.25,7140.75,7144.00
1776711000,7144.00,7146.50,7143.75,7146.25
1776711300,7146.25,7146.50,7142.50,7143.00
1776711600,7143.25,7145.00,7142.25,7143.00
1776711900,7143.00,7146.00,7142.75,7144.75
1776712200,7144.75,7145.50,7143.50,7145.00
1776712500,7145.00,7145.50,7143.25,7143.50
1776712800,7143.75,7144.25,7141.50,7142.00
1776713100,7142.00,7142.00,7140.00,7140.50
1776713400,7140.50,7142.50,7138.25,7138.50
1776713700,7138.50,7141.00,7137.50,7140.00
1776714000,7140.00,7141.00,7136.75,7137.75
1776714300,7137.75,7140.00,7136.50,7139.75
1776714600,7139.75,7143.00,7138.00,7141.00
1776714900,7141.00,7149.25,7139.25,7148.25
1776715200,7148.25,7149.75,7146.75,7148.00
1776715500,7148.00,7148.25,7147.00,7147.00
1776715800,7147.25,7147.75,7146.50,7146.50
1776778200,7162.25,7164.00,7150.25,7153.50
1776778500,7153.75,7154.00,7147.00,7150.00
1776778800,7150.25,7156.75,7149.50,7156.50
1776779100,7156.25,7164.00,7153.25,7162.00
1776779400,7161.75,7168.50,7160.75,7166.25
1776779700,7166.25,7168.50,7165.25,7167.75
1776780000,7167.50,7169.75,7164.50,7165.75
1776780300,7165.75,7171.75,7165.25,7170.00
1776780600,7170.00,7171.75,7166.75,7170.25
1776780900,7170.25,7172.50,7167.75,7167.75
1776781200,7167.75,7168.50,7161.25,7162.75
1776781500,7162.75,7166.50,7162.25,7165.25
1776781800,7165.50,7167.75,7159.25,7161.50
1776782100,7161.50,7162.75,7157.75,7159.25
1776782400,7159.00,7165.00,7156.75,7158.25
1776782700,7158.25,7159.00,7148.50,7151.00
1776783000,7151.25,7152.50,7145.50,7150.00
1776783300,7149.75,7149.75,7134.00,7135.50
1776783600,7135.25,7138.50,7121.50,7126.50
1776783900,7126.50,7138.00,7120.75,7137.00
1776784200,7136.75,7140.25,7136.25,7138.50
1776784500,7138.25,7141.25,7132.50,7137.75
1776784800,7137.75,7139.50,7130.50,7131.75
1776785100,7132.00,7132.00,7121.75,7126.25
1776785400,7126.00,7133.50,7125.25,7128.00
1776785700,7128.25,7128.75,7119.00,7126.50
1776786000,7126.50,7130.50,7123.25,7128.75
1776786300,7128.75,7134.25,7125.75,7130.00
1776786600,7129.75,7130.00,7123.50,7124.25
1776786900,7124.25,7129.00,7123.75,7126.50
1776787200,7126.75,7138.25,7126.75,7131.25
1776787500,7131.00,7134.50,7129.00,7133.00
1776787800,7132.75,7133.00,7125.25,7128.25
1776788100,7128.00,7131.25,7126.50,7129.00
1776788400,7129.25,7129.25,7123.25,7124.75
1776788700,7124.75,7125.75,7121.75,7123.00
1776789000,7122.50,7128.75,7122.25,7128.25
1776789300,7128.50,7131.00,7122.00,7124.50
1776789600,7124.50,7125.75,7115.50,7117.75
1776789900,7117.75,7125.50,7117.50,7124.75
1776790200,7124.75,7125.25,7119.25,7120.25
1776790500,7120.00,7120.25,7113.75,7114.75
1776790800,7114.75,7122.00,7114.50,7118.75
1776791100,7118.50,7118.50,7106.25,7113.75
1776791400,7113.50,7113.75,7102.00,7105.75
1776791700,7105.75,7108.75,7097.75,7099.00
1776792000,7099.25,7105.00,7096.75,7103.00
1776792300,7103.25,7108.50,7102.25,7105.50
1776792600,7105.50,7113.25,7105.00,7111.25
1776792900,7111.00,7127.25,7108.75,7122.00
1776793200,7122.00,7133.25,7120.50,7124.00
1776793500,7124.25,7124.75,7117.00,7121.00
1776793800,7120.75,7123.50,7115.25,7117.00
1776794100,7116.75,7117.50,7111.75,7117.00
1776794400,7116.75,7123.50,7116.75,7118.75
1776794700,7118.75,7123.00,7116.75,7117.25
1776795000,7117.25,7118.50,7113.50,7118.25
1776795300,7118.25,7121.00,7105.75,7110.00
1776795600,7110.00,7112.00,7106.75,7109.25
1776795900,7108.75,7111.50,7107.75,7109.75
1776796200,7110.00,7116.50,7109.75,7116.00
1776796500,7116.00,7116.75,7111.50,7113.00
1776796800,7113.00,7115.00,7111.75,7113.50
1776797100,7113.50,7114.50,7110.00,7110.25
1776797400,7110.50,7126.25,7109.00,7122.75
1776797700,7122.75,7128.00,7115.75,7122.25
1776798000,7122.25,7128.00,7122.25,7125.50
1776798300,7125.50,7127.50,7123.50,7126.25
1776798600,7126.25,7132.75,7121.25,7125.25
1776798900,7125.75,7128.75,7121.75,7125.75
1776799200,7126.00,7135.50,7126.00,7134.50
1776799500,7134.25,7137.50,7133.25,7136.75
1776799800,7136.75,7138.50,7130.50,7132.50
1776800100,7132.50,7132.50,7116.00,7121.75
1776800400,7121.75,7122.50,7085.00,7090.50
1776800700,7090.75,7103.25,7089.75,7099.00
1776801000,7099.00,7107.25,7092.50,7096.00
1776801300,7096.25,7103.75,7093.50,7100.50
1776801600,7100.75,7101.75,7093.25,7094.50
1776801900,7094.75,7140.00,7091.75,7123.00
1776802200,7123.25,7137.00,7109.50,7125.50
1776864600,7150.00,7152.25,7143.00,7144.00
1776864900,7143.75,7148.75,7140.75,7147.75
1776865200,7147.75,7151.00,7144.50,7145.50
1776865500,7145.75,7153.75,7143.00,7145.00
1776865800,7145.00,7151.00,7140.00,7150.75
1776866100,7151.00,7153.00,7146.50,7152.75
1776866400,7152.75,7158.25,7151.25,7152.75
1776866700,7152.75,7156.75,7146.25,7154.25
1776867000,7154.25,7160.50,7154.25,7159.75
1776867300,7160.00,7163.25,7159.75,7162.50
1776867600,7162.25,7166.25,7160.50,7162.25
1776867900,7162.25,7165.50,7161.50,7164.25
1776868200,7164.25,7165.50,7154.50,7158.00
1776868500,7158.00,7165.00,7153.25,7163.50
1776868800,7163.75,7165.75,7154.25,7156.25
1776869100,7156.25,7161.75,7155.75,7160.50
1776869400,7160.50,7162.25,7153.50,7157.25
1776869700,7157.25,7159.50,7154.25,7159.00
1776870000,7159.25,7160.25,7151.25,7153.00
1776870300,7153.00,7161.50,7151.75,7157.75
1776870600,7157.50,7160.75,7156.25,7157.50
1776870900,7157.25,7158.75,7154.25,7158.00
1776871200,7157.75,7163.50,7157.50,7160.75
1776871500,7160.50,7164.00,7156.75,7160.75
1776871800,7160.75,7163.25,7158.75,7159.75
1776872100,7160.00,7161.50,7155.25,7156.50
1776872400,7156.25,7158.25,7151.25,7151.50
1776872700,7151.50,7158.00,7150.00,7156.25
1776873000,7156.25,7156.75,7153.25,7155.50
1776873300,7155.50,7159.25,7154.25,7155.00
1776873600,7155.00,7158.25,7152.50,7157.75
1776873900,7157.25,7160.00,7156.75,7158.00
1776874200,7158.25,7159.00,7154.50,7158.00
1776874500,7157.75,7159.00,7152.50,7152.75
1776874800,7152.75,7156.75,7152.50,7154.00
1776875100,7154.00,7154.25,7149.00,7149.75
1776875400,7150.00,7151.75,7146.50,7150.75
1776875700,7150.75,7154.75,7149.00,7154.00
1776876000,7154.00,7155.50,7147.75,7149.25
1776876300,7149.25,7152.75,7147.75,7152.00
1776876600,7152.00,7152.50,7148.00,7151.50
1776876900,7151.50,7151.50,7146.75,7147.75
1776877200,7147.75,7156.50,7147.50,7154.75
1776877500,7154.75,7156.75,7152.00,7156.75
1776877800,7156.50,7162.75,7156.00,7157.75
1776878100,7158.25,7159.75,7154.50,7155.50
1776878400,7155.75,7163.00,7155.50,7160.00
1776878700,7160.00,7161.50,7158.50,7159.25
1776879000,7159.00,7161.75,7158.75,7159.50
1776879300,7159.75,7160.75,7157.50,7159.00
1776879600,7159.25,7162.00,7159.00,7161.00
1776879900,7161.00,7162.75,7156.50,7160.50
1776880200,7160.50,7161.75,7158.75,7159.75
1776880500,7159.75,7160.75,7158.00,7158.25
1776880800,7158.25,7160.00,7157.00,7159.00
1776881100,7159.00,7160.50,7157.50,7157.50
1776881400,7157.50,7159.75,7156.75,7158.00
1776881700,7157.75,7157.75,7154.00,7154.50
1776882000,7154.50,7154.75,7150.50,7153.25
1776882300,7153.50,7154.50,7152.25,7152.75
1776882600,7152.75,7156.50,7151.75,7154.50
1776882900,7154.50,7157.25,7154.25,7157.00
1776883200,7157.25,7158.00,7156.25,7156.75
1776883500,7156.75,7159.00,7155.50,7157.75
1776883800,7157.75,7159.00,7156.25,7156.25
1776884100,7156.25,7157.00,7153.25,7154.50
1776884400,7154.50,7155.25,7150.00,7153.50
1776884700,7153.50,7157.25,7152.75,7157.25
1776885000,7157.00,7158.50,7155.75,7157.50
1776885300,7157.75,7162.25,7157.50,7161.50
1776885600,7161.75,7163.00,7160.00,7161.50
1776885900,7161.50,7164.00,7161.00,7162.75
1776886200,7162.75,7164.00,7159.75,7160.75
1776886500,7160.75,7163.50,7159.25,7162.50
1776886800,7162.75,7163.75,7161.50,7162.75
1776887100,7162.75,7165.75,7162.00,7165.75
1776887400,7165.50,7171.25,7162.50,7168.75
1776887700,7169.00,7173.00,7167.25,7170.25
1776888000,7170.25,7173.00,7166.75,7170.50
1776888300,7170.50,7172.00,7169.00,7169.50
1776888600,7169.25,7169.50,7163.25,7163.75
1776951000,7152.25,7157.50,7149.50,7152.50
1776951300,7152.50,7161.00,7151.25,7160.25
1776951600,7160.25,7163.75,7157.00,7163.75
1776951900,7163.00,7171.00,7161.50,7167.50
1776952200,7167.50,7168.00,7158.00,7163.75
1776952500,7164.00,7164.25,7159.25,7159.75
1776952800,7159.50,7161.00,7149.00,7157.00
1776953100,7157.25,7161.50,7154.25,7160.50
1776953400,7160.25,7161.25,7157.25,7159.00
1776953700,7158.75,7165.00,7158.50,7159.50
1776954000,7159.50,7166.75,7159.00,7165.75
1776954300,7165.75,7167.25,7160.25,7162.75
1776954600,7162.75,7169.25,7162.75,7165.00
1776954900,7165.25,7168.25,7161.75,7164.50
1776955200,7164.50,7168.00,7162.25,7167.00
1776955500,7167.00,7170.50,7166.25,7168.75
1776955800,7168.75,7172.75,7167.50,7172.75
1776956100,7172.50,7178.50,7172.50,7175.00
1776956400,7175.00,7178.00,7174.00,7174.75
1776956700,7174.75,7175.75,7171.75,7175.00
1776957000,7175.00,7177.50,7173.50,7173.75
1776957300,7173.75,7179.75,7172.75,7178.25
1776957600,7178.00,7180.00,7176.25,7179.25
1776957900,7179.00,7180.50,7177.25,7177.50
1776958200,7177.75,7181.50,7175.75,7179.25
1776958500,7179.25,7179.50,7175.25,7175.75
1776958800,7175.50,7177.75,7172.25,7173.50
1776959100,7173.50,7173.75,7165.75,7170.00
1776959400,7170.00,7170.25,7164.50,7165.00
1776959700,7165.00,7172.25,7164.50,7168.50
1776960000,7168.50,7169.75,7161.25,7161.50
1776960300,7161.50,7164.25,7160.25,7162.50
1776960600,7162.50,7167.25,7162.25,7166.50
1776960900,7166.25,7168.25,7165.25,7166.75
1776961200,7166.75,7167.50,7161.25,7165.50
1776961500,7165.75,7167.75,7163.50,7164.50
1776961800,7164.50,7168.50,7163.50,7167.75
1776962100,7167.50,7170.25,7165.00,7165.25
1776962400,7165.50,7167.50,7164.75,7167.25
1776962700,7167.00,7169.00,7165.00,7166.00
1776963000,7166.00,7168.25,7164.25,7166.50
1776963300,7166.50,7169.25,7162.75,7166.25
1776963600,7166.25,7168.25,7147.00,7150.00
1776963900,7149.75,7150.75,7135.50,7136.00
1776964200,7136.25,7139.00,7130.00,7134.50
1776964500,7134.25,7134.25,7118.50,7122.25
1776964800,7122.00,7126.75,7116.25,7119.75
1776965100,7119.75,7131.25,7115.25,7117.00
1776965400,7117.25,7131.00,7114.75,7130.00
1776965700,7130.25,7133.75,7112.50,7115.00
1776966000,7115.00,7115.50,7090.00,7094.50
1776966300,7094.25,7098.75,7079.75,7092.00
1776966600,7092.25,7125.50,7084.25,7112.75
1776966900,7113.25,7127.50,7111.50,7123.50
1776967200,7123.25,7136.75,7119.25,7130.00
1776967500,7130.00,7137.00,7125.50,7130.75
1776967800,7130.75,7140.00,7129.00,7135.00
1776968100,7135.25,7140.75,7134.00,7138.75
1776968400,7138.75,7142.75,7133.25,7140.25
1776968700,7140.25,7143.25,7137.00,7142.25
1776969000,7142.50,7149.25,7142.25,7148.25
1776969300,7148.00,7152.25,7145.25,7146.50
1776969600,7146.50,7147.75,7138.00,7143.75
1776969900,7144.00,7144.50,7137.00,7137.25
1776970200,7137.50,7141.50,7134.25,7138.75
1776970500,7138.50,7139.50,7124.25,7128.25
1776970800,7128.25,7131.00,7124.50,7129.00
1776971100,7129.00,7138.50,7129.00,7135.50
1776971400,7135.75,7139.25,7133.75,7139.25
1776971700,7139.00,7143.50,7139.00,7141.75
1776972000,7142.00,7143.25,7138.75,7141.00
1776972300,7141.00,7143.50,7139.50,7141.25
1776972600,7141.25,7146.50,7136.25,7136.50
1776972900,7136.75,7136.75,7128.25,7133.00
1776973200,7133.00,7138.00,7130.00,7130.50
1776973500,7130.75,7137.00,7130.00,7137.00
1776973800,7136.75,7139.75,7121.50,7137.75
1776974100,7137.75,7146.75,7136.25,7142.00
1776974400,7141.75,7144.75,7137.00,7144.00
1776974700,7143.75,7144.75,7136.25,7139.00
1776975000,7139.00,7140.50,7133.00,7134.00
1777037400,7162.75,7166.75,7153.00,7153.75
1777037700,7154.00,7159.50,7150.75,7158.50
1777038000,7158.50,7160.75,7153.50,7154.50
1777038300,7155.00,7159.25,7152.25,7158.25
1777038600,7158.25,7160.75,7149.00,7150.25
1777038900,7150.50,7156.00,7145.00,7154.25
1777039200,7154.25,7157.50,7146.50,7152.00
1777039500,7151.75,7158.25,7147.75,7154.75
1777039800,7154.75,7162.25,7152.00,7155.75
1777040100,7155.75,7160.75,7153.75,7159.25
1777040400,7159.00,7161.75,7155.25,7159.00
1777040700,7159.25,7159.50,7150.25,7154.00
1777041000,7154.00,7158.00,7149.50,7156.50
1777041300,7156.75,7164.75,7154.25,7161.00
1777041600,7161.00,7166.50,7160.75,7165.25
1777041900,7165.50,7170.50,7162.25,7167.25
1777042200,7167.00,7169.00,7164.50,7166.75
1777042500,7166.75,7171.75,7166.50,7169.75
1777042800,7170.00,7172.25,7168.75,7170.00
1777043100,7170.25,7172.25,7167.50,7171.50
1777043400,7171.25,7174.50,7171.00,7173.50
1777043700,7173.50,7174.25,7171.25,7172.25
1777044000,7172.25,7177.25,7170.50,7175.75
1777044300,7175.75,7176.25,7171.50,7174.00
1777044600,7174.25,7176.75,7173.00,7174.50
1777044900,7174.50,7175.75,7170.75,7172.50
1777045200,7172.75,7191.50,7171.75,7190.25
1777045500,7190.00,7197.50,7181.75,7188.50
1777045800,7188.50,7196.50,7188.50,7195.25
1777046100,7195.25,7196.50,7191.75,7193.75
1777046400,7193.50,7195.00,7190.50,7194.25
1777046700,7194.25,7195.75,7186.75,7188.50
1777047000,7188.25,7194.25,7187.75,7189.00
1777047300,7189.00,7189.75,7185.75,7188.25
1777047600,7188.50,7190.50,7187.50,7190.00
1777047900,7190.00,7192.00,7187.00,7189.00
1777048200,7189.00,7195.00,7189.00,7192.75
1777048500,7192.75,7193.00,7189.25,7190.25
1777048800,7190.25,7190.50,7184.25,7186.75
1777049100,7186.50,7189.50,7185.50,7187.50
1777049400,7187.75,7191.25,7187.50,7190.25
1777049700,7190.00,7193.75,7189.25,7191.50
1777050000,7191.50,7193.75,7190.75,7191.25
1777050300,7191.25,7191.75,7188.50,7189.25
1777050600,7189.00,7192.00,7187.75,7188.75
1777050900,7189.00,7189.25,7186.00,7186.00
1777051200,7186.00,7187.25,7182.75,7187.00
1777051500,7187.00,7188.75,7186.00,7186.00
1777051800,7186.00,7187.25,7183.00,7186.25
1777052100,7186.00,7191.50,7185.75,7187.75
1777052400,7187.75,7191.25,7187.25,7191.00
1777052700,7190.75,7191.75,7189.25,7189.75
1777053000,7189.75,7200.50,7189.00,7194.75
1777053300,7194.50,7196.25,7191.75,7192.00
1777053600,7192.25,7193.75,7190.25,7191.50
1777053900,7191.25,7193.25,7188.00,7192.00
1777054200,7192.00,7193.00,7189.00,7190.75
1777054500,7190.50,7191.75,7186.25,7187.75
1777054800,7187.75,7188.00,7185.00,7187.75
1777055100,7187.75,7189.75,7185.25,7185.50
1777055400,7185.75,7190.00,7185.25,7189.50
1777055700,7189.50,7191.50,7188.50,7190.00
1777056000,7190.00,7191.75,7187.75,7188.50
1777056300,7188.75,7190.25,7187.00,7188.25
1777056600,7188.00,7191.00,7187.25,7189.00
1777056900,7189.00,7191.50,7188.50,7191.00
1777057200,7191.00,7194.00,7191.00,7193.00
1777057500,7193.00,7197.00,7192.25,7196.50
1777057800,7196.75,7199.50,7196.25,7197.50
1777058100,7197.75,7200.25,7196.75,7197.50
1777058400,7197.50,7198.00,7193.00,7193.50
1777058700,7193.25,7194.25,7190.75,7192.75
1777059000,7193.00,7194.00,7190.25,7191.75
1777059300,7191.75,7192.25,7189.75,7192.25
1777059600,7192.25,7195.25,7191.25,7193.25
1777059900,7193.25,7194.00,7191.00,7194.00
1777060200,7194.00,7196.75,7191.00,7196.50
1777060500,7196.25,7199.00,7193.25,7194.75
1777060800,7194.75,7196.75,7194.00,7195.50
1777061100,7195.75,7197.25,7190.75,7193.50
1777061400,7193.25,7194.25,7191.75,7192.75
1777296600,7186.25,7195.75,7183.25,7191.50
1777296900,7191.25,7198.00,7190.50,7198.00
1777297200,7198.25,7198.50,7190.75,7191.50
1777297500,7191.25,7192.25,7178.75,7183.50
1777297800,7183.50,7194.25,7180.75,7194.00
1777298100,7194.00,7197.75,7193.00,7195.50
1777298400,7195.50,7196.75,7192.00,7193.75
1777298700,7194.00,7197.25,7191.25,7192.25
1777299000,7192.00,7195.50,7189.50,7193.00
1777299300,7193.00,7194.25,7188.75,7189.25
1777299600,7189.25,7191.50,7188.00,7191.25
1777299900,7191.50,7193.00,7188.75,7189.00
1777300200,7189.25,7189.50,7185.25,7188.25
1777300500,7188.50,7200.00,7187.75,7194.00
1777300800,7193.75,7196.50,7190.00,7194.00
1777301100,7194.50,7195.00,7190.00,7191.50
1777301400,7191.25,7193.25,7187.50,7190.00
1777301700,7190.25,7192.00,7187.75,7191.00
1777302000,7190.75,7192.75,7182.50,7183.75
1777302300,7183.50,7186.50,7182.25,7185.00
1777302600,7185.00,7186.25,7183.00,7183.00
1777302900,7183.00,7187.00,7181.50,7182.50
1777303200,7182.75,7184.00,7177.00,7180.00
1777303500,7180.00,7184.50,7178.50,7184.50
1777303800,7184.50,7187.00,7182.00,7184.25
1777304100,7184.25,7185.75,7182.75,7185.00
1777304400,7184.75,7188.75,7184.00,7187.25
1777304700,7187.25,7188.75,7185.50,7185.75
1777305000,7186.00,7187.25,7185.00,7186.75
1777305300,7186.75,7189.50,7185.75,7188.75
1777305600,7188.75,7189.75,7186.25,7189.25
1777305900,7189.25,7192.50,7189.00,7192.00
1777306200,7192.00,7195.25,7191.25,7194.00
1777306500,7194.00,7196.00,7194.00,7194.75
1777306800,7194.75,7195.25,7192.00,7192.75
1777307100,7192.75,7194.75,7192.50,7193.25
1777307400,7193.50,7196.75,7193.50,7196.25
1777307700,7196.50,7197.75,7195.50,7197.25
1777308000,7197.50,7197.75,7195.75,7196.00
1777308300,7196.00,7197.50,7195.75,7197.25
1777308600,7197.00,7197.25,7195.00,7195.25
1777308900,7195.00,7196.50,7193.50,7196.00
1777309200,7196.25,7198.50,7196.00,7197.00
1777309500,7197.25,7197.50,7195.50,7197.25
1777309800,7197.25,7198.25,7195.50,7198.00
1777310100,7197.75,7199.00,7193.75,7196.00
1777310400,7196.25,7202.25,7195.25,7198.50
1777310700,7198.25,7201.75,7197.50,7201.00
1777311000,7201.00,7207.00,7200.50,7207.00
1777311300,7206.75,7207.00,7201.75,7202.50
1777311600,7202.50,7203.50,7201.75,7203.00
1777311900,7203.00,7204.00,7202.00,7203.75
1777312200,7203.75,7204.75,7201.25,7202.25
1777312500,7202.25,7204.25,7202.00,7203.75
1777312800,7203.50,7205.25,7202.00,7203.75
1777313100,7203.75,7205.25,7203.00,7204.25
1777313400,7204.50,7206.00,7204.25,7205.50
1777313700,7205.50,7207.25,7204.75,7207.00
1777314000,7207.00,7207.25,7205.50,7206.00
1777314300,7206.00,7206.50,7204.75,7205.50
1777314600,7205.25,7207.00,7205.00,7206.00
1777314900,7206.25,7206.50,7205.25,7206.25
1777315200,7206.25,7206.75,7202.75,7203.50
1777315500,7203.50,7205.25,7201.75,7204.75
1777315800,7204.75,7206.00,7203.25,7203.50
1777316100,7203.25,7205.00,7203.00,7203.00
1777316400,7203.00,7204.75,7202.50,7203.25
1777316700,7203.25,7204.00,7201.50,7202.25
1777317000,7202.25,7204.50,7201.50,7204.00
1777317300,7204.00,7206.50,7203.75,7206.00
1777317600,7205.75,7206.50,7204.75,7205.50
1777317900,7205.50,7206.75,7205.00,7206.00
1777318200,7206.00,7208.00,7205.50,7206.25
1777318500,7206.00,7207.50,7203.50,7206.50
1777318800,7206.50,7207.00,7205.25,7206.75
1777319100,7206.75,7210.25,7206.25,7210.00
1777319400,7210.25,7211.50,7206.25,7207.00
1777319700,7207.00,7208.25,7204.75,7207.00
1777320000,7207.00,7207.75,7204.00,7205.00
1777320300,7204.75,7205.25,7203.25,7203.75
1777320600,7203.50,7205.50,7203.25,7204.75
1777383000,7172.00,7174.00,7161.50,7169.25
1777383300,7169.25,7175.75,7168.50,7174.50
1777383600,7174.25,7183.00,7172.50,7177.75
1777383900,7178.00,7180.00,7172.00,7176.25
1777384200,7176.25,7178.00,7168.25,7170.25
1777384500,7170.50,7171.50,7163.50,7169.75
1777384800,7169.50,7172.25,7164.75,7168.00
1777385100,7168.00,7177.50,7167.25,7175.00
1777385400,7175.25,7175.25,7168.75,7170.00
1777385700,7170.00,7172.25,7165.00,7167.25
1777386000,7167.50,7170.75,7165.00,7167.75
1777386300,7167.75,7170.25,7163.50,7166.50
1777386600,7166.75,7170.00,7162.00,7162.75
1777386900,7162.75,7163.50,7150.25,7154.50
1777387200,7154.50,7160.50,7150.50,7158.75
1777387500,7158.75,7160.75,7152.25,7154.75
1777387800,7154.50,7155.50,7146.25,7150.50
1777388100,7150.50,7159.75,7147.00,7159.25
1777388400,7159.00,7164.75,7158.25,7160.00
1777388700,7160.00,7161.75,7152.50,7155.00
1777389000,7154.75,7161.25,7154.25,7160.75
1777389300,7160.75,7162.25,7156.25,7160.25
1777389600,7160.25,7160.75,7153.50,7156.25
1777389900,7156.75,7156.75,7152.00,7152.75
1777390200,7152.75,7153.25,7148.00,7150.75
1777390500,7150.75,7155.50,7148.00,7152.75
1777390800,7152.50,7155.00,7151.00,7151.75
1777391100,7151.75,7153.75,7147.50,7149.50
1777391400,7149.75,7153.00,7149.25,7152.50
1777391700,7152.50,7154.25,7149.25,7153.75
1777392000,7153.75,7157.00,7151.75,7155.25
1777392300,7155.25,7158.75,7155.00,7156.75
1777392600,7156.75,7158.50,7154.75,7158.25
1777392900,7158.00,7158.50,7154.25,7157.25
1777393200,7157.50,7159.50,7156.50,7158.75
1777393500,7158.75,7159.75,7156.00,7157.25
1777393800,7157.50,7158.25,7151.75,7151.75
1777394100,7151.75,7153.25,7149.25,7150.50
1777394400,7150.50,7152.50,7147.25,7148.75
1777394700,7148.75,7151.50,7147.50,7151.25
1777395000,7151.25,7158.00,7149.00,7156.50
1777395300,7156.50,7157.25,7153.00,7155.50
1777395600,7155.50,7157.50,7149.25,7150.25
1777395900,7150.25,7152.75,7148.00,7152.25
1777396200,7152.25,7153.75,7149.75,7153.25
1777396500,7153.25,7154.00,7149.00,7149.75
1777396800,7150.25,7152.75,7149.50,7152.50
1777397100,7152.50,7157.00,7151.75,7155.00
1777397400,7154.75,7158.75,7154.75,7158.25
1777397700,7158.50,7162.00,7158.25,7159.75
1777398000,7160.00,7164.00,7159.00,7161.25
1777398300,7161.25,7163.00,7160.75,7161.00
1777398600,7161.00,7163.00,7159.50,7162.50
1777398900,7162.50,7165.50,7162.25,7164.50
1777399200,7164.50,7165.50,7162.00,7162.75
1777399500,7163.00,7165.00,7161.50,7164.00
1777399800,7163.75,7165.25,7162.25,7164.50
1777400100,7164.50,7169.00,7164.25,7168.25
1777400400,7168.00,7170.50,7165.75,7168.00
1777400700,7168.25,7169.75,7166.00,7167.25
1777401000,7167.25,7167.75,7163.50,7164.50
1777401300,7164.50,7165.00,7162.00,7164.50
1777401600,7164.50,7167.75,7164.25,7167.50
1777401900,7167.75,7168.50,7166.50,7167.50
1777402200,7167.75,7169.75,7167.00,7169.50
1777402500,7169.50,7170.00,7166.50,7169.00
1777402800,7169.25,7171.00,7168.25,7170.00
1777403100,7170.25,7174.25,7170.00,7173.50
1777403400,7173.50,7176.25,7172.25,7173.25
1777403700,7173.25,7173.25,7169.75,7170.50
1777404000,7170.25,7172.25,7168.00,7170.50
1777404300,7170.75,7171.75,7169.25,7170.25
1777404600,7170.00,7170.50,7166.25,7166.75
1777404900,7166.50,7170.00,7166.25,7169.75
1777405200,7169.75,7172.50,7169.50,7170.75
1777405500,7171.00,7172.25,7169.75,7172.00
1777405800,7172.00,7174.50,7168.50,7171.25
1777406100,7171.25,7173.50,7168.75,7171.50
1777406400,7171.75,7172.00,7167.50,7169.50
1777406700,7169.50,7174.50,7169.50,7174.25
1777407000,7173.75,7176.25,7173.25,7173.25
1777469400,7163.00,7165.00,7152.50,7154.50
1777469700,7154.25,7159.75,7152.75,7158.75
1777470000,7158.50,7159.50,7153.25,7153.25
1777470300,7153.25,7155.75,7149.50,7152.50
1777470600,7152.75,7160.50,7152.25,7159.50
1777470900,7159.50,7163.50,7158.75,7160.75
1777471200,7161.00,7161.25,7155.75,7160.50
1777471500,7160.50,7162.00,7158.25,7161.75
1777471800,7161.50,7165.75,7160.50,7164.50
1777472100,7164.75,7166.75,7162.50,7163.75
1777472400,7163.50,7167.50,7162.50,7166.75
1777472700,7167.00,7169.75,7166.50,7168.00
1777473000,7168.00,7172.75,7166.25,7172.25
1777473300,7172.25,7175.25,7171.25,7171.75
1777473600,7171.75,7172.75,7170.00,7171.75
1777473900,7171.75,7172.50,7168.25,7168.25
1777474200,7168.25,7170.50,7167.50,7169.75
1777474500,7169.50,7169.75,7167.25,7168.00
1777474800,7168.00,7168.75,7162.25,7164.25
1777475100,7164.25,7165.50,7159.25,7159.50
1777475400,7159.25,7160.00,7154.75,7155.75
1777475700,7155.75,7162.00,7154.25,7160.00
1777476000,7160.00,7162.75,7159.25,7161.50
1777476300,7161.50,7164.75,7159.25,7162.00
1777476600,7161.75,7164.00,7157.75,7161.75
1777476900,7161.75,7162.75,7158.25,7159.75
1777477200,7159.75,7161.00,7157.25,7159.00
1777477500,7158.75,7163.00,7158.50,7162.00
1777477800,7162.00,7163.50,7145.00,7148.50
1777478100,7148.75,7154.75,7145.25,7153.50
1777478400,7153.50,7158.25,7152.00,7157.50
1777478700,7157.75,7160.00,7155.50,7157.75
1777479000,7158.00,7161.00,7155.50,7155.50
1777479300,7155.75,7158.75,7151.50,7152.25
1777479600,7152.25,7156.50,7151.75,7155.75
1777479900,7155.75,7156.75,7149.50,7151.00
1777480200,7150.75,7150.75,7142.00,7144.00
1777480500,7144.00,7148.25,7143.00,7147.75
1777480800,7147.75,7152.00,7147.75,7151.00
1777481100,7151.00,7152.50,7148.75,7151.00
1777481400,7151.00,7153.75,7149.50,7151.25
1777481700,7151.00,7152.25,7147.25,7150.25
1777482000,7150.00,7151.00,7145.00,7148.50
1777482300,7148.50,7151.00,7147.50,7150.00
1777482600,7150.00,7151.50,7148.25,7149.50
1777482900,7149.50,7151.00,7146.75,7149.50
1777483200,7149.25,7155.00,7149.25,7150.50
1777483500,7150.50,7152.50,7148.50,7152.50
1777483800,7152.75,7155.75,7151.75,7153.25
1777484100,7153.00,7154.75,7152.25,7154.00
1777484400,7154.00,7154.50,7151.00,7153.50
1777484700,7153.50,7160.50,7153.00,7158.00
1777485000,7157.75,7160.75,7156.00,7156.50
1777485300,7156.50,7160.00,7155.25,7160.00
1777485600,7159.75,7160.50,7146.25,7147.75
1777485900,7147.75,7152.00,7140.50,7141.50
1777486200,7141.75,7145.50,7137.75,7143.75
1777486500,7143.75,7152.75,7142.50,7148.50
1777486800,7148.50,7152.50,7147.25,7148.75
1777487100,7148.75,7148.75,7144.50,7145.75
1777487400,7145.75,7146.50,7140.50,7143.75
1777487700,7143.75,7155.50,7142.50,7147.25
1777488000,7147.25,7147.75,7139.75,7140.00
1777488300,7140.25,7149.25,7136.75,7148.25
1777488600,7148.25,7153.50,7148.25,7149.50
1777488900,7149.25,7159.75,7148.75,7159.00
1777489200,7159.00,7161.50,7155.75,7157.00
1777489500,7157.00,7158.75,7153.00,7157.75
1777489800,7157.75,7166.25,7156.25,7165.50
1777490100,7165.50,7168.25,7163.75,7165.75
1777490400,7165.75,7166.50,7162.00,7165.25
1777490700,7165.50,7166.50,7161.75,7161.75
1777491000,7161.75,7162.50,7154.00,7157.25
1777491300,7157.25,7163.75,7156.00,7163.25
1777491600,7163.50,7164.25,7157.75,7159.00
1777491900,7158.75,7162.50,7158.50,7161.00
1777492200,7161.00,7164.25,7157.50,7163.75
1777492500,7163.75,7170.75,7159.00,7170.50
1777492800,7170.25,7191.00,7155.00,7178.25
1777493100,7177.50,7179.00,7165.75,7168.75
1777493400,7168.75,7170.00,7135.25,7138.00
1777555800,7200.00,7200.50,7180.75,7181.25
1777556100,7181.25,7183.50,7170.75,7171.00
1777556400,7171.25,7182.50,7166.75,7181.50
1777556700,7181.50,7185.00,7173.25,7177.75
1777557000,7178.00,7181.00,7167.00,7167.25
1777557300,7167.00,7168.25,7160.00,7165.25
1777557600,7165.25,7175.00,7164.50,7171.75
1777557900,7172.00,7175.75,7159.25,7164.75
1777558200,7164.50,7172.50,7161.25,7169.50
1777558500,7169.50,7169.50,7157.25,7168.50
1777558800,7168.75,7176.75,7168.25,7172.25
1777559100,7172.25,7174.25,7165.75,7173.25
1777559400,7173.25,7181.25,7168.00,7171.50
1777559700,7171.50,7173.00,7164.75,7166.00
1777560000,7166.50,7177.25,7166.50,7175.50
1777560300,7175.75,7184.25,7175.50,7181.50
1777560600,7181.50,7192.25,7180.25,7190.25
1777560900,7190.25,7194.75,7189.75,7192.00
1777561200,7192.00,7198.00,7191.00,7192.25
1777561500,7192.00,7197.50,7188.75,7197.25
1777561800,7197.25,7199.00,7191.75,7196.25
1777562100,7196.75,7198.25,7193.25,7195.50
1777562400,7195.50,7196.50,7191.50,7196.00
1777562700,7196.00,7199.50,7195.00,7197.75
1777563000,7197.50,7203.25,7197.00,7197.75
1777563300,7197.50,7197.50,7192.00,7193.25
1777563600,7193.25,7194.25,7190.75,7192.50
1777563900,7192.50,7194.00,7187.75,7194.00
1777564200,7194.00,7201.00,7193.25,7200.75
1777564500,7200.75,7204.25,7199.00,7199.50
1777564800,7199.25,7200.25,7194.00,7199.00
1777565100,7198.75,7203.00,7198.75,7200.50
1777565400,7200.25,7207.50,7199.75,7206.75
1777565700,7206.50,7207.25,7202.50,7205.25
1777566000,7205.50,7206.25,7202.50,7202.75
1777566300,7202.75,7205.75,7201.25,7205.50
1777566600,7205.50,7207.00,7203.75,7204.00
1777566900,7204.00,7205.50,7202.50,7205.25
1777567200,7205.50,7206.00,7200.25,7201.25
1777567500,7200.75,7202.50,7198.00,7201.75
1777567800,7201.50,7202.00,7195.25,7197.25
1777568100,7197.25,7197.50,7192.50,7197.25
1777568400,7197.25,7205.25,7196.75,7203.25
1777568700,7203.25,7206.25,7202.00,7206.00
1777569000,7205.75,7210.00,7205.00,7209.25
1777569300,7209.00,7209.25,7205.50,7208.25
1777569600,7208.25,7211.25,7205.75,7210.50
1777569900,7210.50,7212.50,7208.50,7211.75
1777570200,7211.75,7220.75,7211.75,7216.00
1777570500,7216.25,7219.00,7216.00,7218.75
1777570800,7218.75,7219.00,7216.50,7218.00
1777571100,7218.25,7222.75,7218.00,7221.50
1777571400,7221.50,7222.25,7219.50,7220.75
1777571700,7221.00,7225.50,7220.25,7224.50
1777572000,7224.75,7233.25,7224.25,7231.75
1777572300,7231.75,7232.00,7228.75,7229.25
1777572600,7229.25,7232.75,7228.50,7231.75
1777572900,7231.75,7235.00,7231.50,7232.50
1777573200,7232.25,7233.50,7230.50,7230.75
1777573500,7230.75,7232.75,7230.00,7232.25
1777573800,7232.50,7237.25,7232.25,7234.75
1777574100,7234.75,7239.50,7234.75,7238.75
1777574400,7238.50,7240.75,7238.25,7239.25
1777574700,7239.25,7241.00,7239.00,7240.50
1777575000,7240.50,7242.00,7238.00,7238.50
1777575300,7238.75,7239.75,7236.50,7237.25
1777575600,7237.25,7242.00,7236.25,7241.25
1777575900,7241.25,7245.00,7240.00,7242.75
1777576200,7242.75,7247.50,7242.25,7246.50
1777576500,7246.25,7247.75,7244.75,7245.00
1777576800,7245.00,7247.00,7244.00,7246.50
1777577100,7246.50,7247.50,7244.25,7244.75
1777577400,7245.00,7245.25,7241.25,7243.50
1777577700,7243.50,7246.50,7242.50,7245.75
1777578000,7246.00,7248.50,7242.75,7248.25
1777578300,7248.00,7249.75,7245.75,7249.25
1777578600,7249.25,7251.75,7242.25,7246.75
1777578900,7246.75,7251.50,7237.00,7238.25
1777579200,7238.25,7245.25,7237.75,7241.50
1777579500,7241.25,7247.00,7241.25,7243.75
1777579800,7243.75,7246.50,7243.25,7245.00
1777642200,7264.50,7275.00,7259.00,7274.75
1777642500,7274.75,7277.50,7272.25,7272.50
1777642800,7272.50,7277.75,7271.75,7276.50
1777643100,7276.25,7277.00,7270.75,7273.00
1777643400,7273.50,7280.50,7270.00,7277.25
1777643700,7277.25,7293.00,7277.00,7293.00
1777644000,7293.00,7298.25,7290.75,7295.25
1777644300,7295.50,7295.75,7289.50,7292.25
1777644600,7292.25,7298.75,7291.00,7296.50
1777644900,7296.50,7298.50,7293.75,7296.75
1777645200,7296.50,7300.75,7296.50,7297.50
1777645500,7297.75,7298.00,7293.75,7294.25
1777645800,7294.50,7294.75,7283.00,7284.75
1777646100,7284.75,7285.75,7274.50,7280.00
1777646400,7280.25,7284.75,7276.25,7281.00
1777646700,7281.00,7285.50,7279.50,7283.00
1777647000,7282.75,7284.75,7277.75,7280.25
1777647300,7280.00,7283.25,7278.25,7278.50
1777647600,7278.50,7279.50,7271.75,7274.50
1777647900,7274.75,7278.00,7272.00,7277.50
1777648200,7277.75,7281.50,7275.00,7281.25
1777648500,7281.25,7283.25,7279.00,7281.25
1777648800,7281.25,7285.25,7281.00,7284.50
1777649100,7284.25,7285.25,7281.25,7284.50
1777649400,7284.50,7287.00,7283.00,7284.00
1777649700,7284.25,7292.25,7283.25,7289.50
1777650000,7289.50,7292.25,7289.25,7292.00
1777650300,7292.00,7295.50,7291.50,7294.75
1777650600,7294.75,7295.75,7278.50,7286.50
1777650900,7287.00,7289.25,7284.00,7285.50
1777651200,7285.50,7287.75,7284.25,7285.25
1777651500,7285.50,7286.00,7276.25,7277.00
1777651800,7277.00,7279.25,7275.25,7276.75
1777652100,7276.50,7282.00,7276.00,7281.75
1777652400,7281.75,7283.50,7271.25,7277.00
1777652700,7277.00,7277.75,7270.00,7272.75
1777653000,7272.75,7274.25,7267.75,7271.50
1777653300,7271.50,7274.75,7269.50,7274.25
1777653600,7274.00,7274.75,7268.00,7268.25
1777653900,7268.25,7270.50,7266.00,7268.50
1777654200,7268.25,7273.25,7266.75,7273.00
1777654500,7273.00,7275.00,7270.00,7270.25
1777654800,7270.00,7276.00,7269.75,7272.75
1777655100,7272.75,7275.00,7272.25,7273.25
1777655400,7273.25,7276.50,7273.00,7276.50
1777655700,7276.25,7278.50,7274.25,7278.25
1777656000,7278.25,7280.50,7277.00,7278.75
1777656300,7279.00,7281.00,7278.25,7281.00
1777656600,7280.75,7282.50,7280.25,7280.75
1777656900,7280.75,7281.25,7277.50,7279.50
1777657200,7279.25,7281.75,7279.25,7280.25
1777657500,7280.25,7281.25,7279.25,7279.75
1777657800,7280.00,7283.75,7278.75,7281.25
1777658100,7281.25,7282.50,7279.25,7279.25
1777658400,7279.25,7280.75,7276.00,7276.25
1777658700,7276.25,7277.00,7272.75,7276.00
1777659000,7276.00,7276.50,7269.00,7269.50
1777659300,7269.50,7271.50,7266.25,7269.50
1777659600,7269.50,7272.50,7268.50,7272.00
1777659900,7272.25,7274.00,7270.00,7272.50
1777660200,7272.75,7273.50,7266.75,7267.25
1777660500,7267.00,7267.50,7263.75,7265.00
1777660800,7264.75,7266.25,7262.25,7263.50
1777661100,7263.25,7264.50,7259.00,7262.75
1777661400,7262.75,7264.75,7260.75,7261.75
1777661700,7261.50,7264.50,7260.75,7262.50
1777662000,7262.75,7267.00,7261.75,7265.25
1777662300,7265.25,7269.25,7265.25,7269.00
1777662600,7268.75,7272.50,7267.75,7271.75
1777662900,7271.50,7274.00,7271.00,7273.25
1777663200,7273.00,7274.00,7271.75,7273.75
1777663500,7273.50,7277.25,7273.50,7275.50
1777663800,7275.50,7276.50,7271.25,7273.50
1777664100,7273.50,7275.00,7271.75,7274.50
1777664400,7274.50,7275.25,7270.50,7272.50
1777664700,7272.50,7273.00,7269.50,7271.00
1777665000,7271.00,7272.75,7262.75,7264.00
1777665300,7264.00,7264.50,7255.75,7257.75
1777665600,7257.75,7258.50,7254.75,7255.00
1777665900,7254.75,7255.25,7252.00,7254.75
1777666200,7254.75,7255.75,7253.00,7254.25
1777901400,7250.25,7252.50,7242.25,7249.00
1777901700,7248.75,7252.00,7244.25,7248.25
1777902000,7248.00,7252.75,7246.00,7249.00
1777902300,7249.00,7256.25,7248.00,7253.75
1777902600,7253.75,7256.25,7250.50,7254.25
1777902900,7254.25,7257.75,7250.50,7257.50
1777903200,7257.50,7257.75,7252.25,7252.75
1777903500,7252.75,7256.75,7248.25,7250.50
1777903800,7250.50,7262.00,7249.50,7259.75
1777904100,7259.50,7264.25,7258.25,7264.00
1777904400,7264.00,7267.00,7262.25,7263.25
1777904700,7263.25,7265.75,7260.50,7262.25
1777905000,7262.00,7268.75,7261.00,7266.00
1777905300,7266.00,7270.00,7264.75,7267.75
1777905600,7268.00,7270.75,7267.50,7269.00
1777905900,7269.25,7270.75,7266.75,7267.75
1777906200,7267.50,7271.00,7267.50,7269.25
1777906500,7269.25,7270.25,7257.00,7258.75
1777906800,7259.00,7264.25,7252.00,7259.25
1777907100,7259.00,7261.25,7254.00,7257.25
1777907400,7257.50,7258.50,7249.75,7252.00
1777907700,7251.75,7254.50,7235.00,7237.50
1777908000,7237.25,7238.50,7223.75,7226.50
1777908300,7226.50,7237.25,7225.00,7234.00
1777908600,7234.00,7235.00,7224.50,7230.25
1777908900,7230.25,7235.00,7223.00,7228.00
1777909200,7227.75,7234.00,7222.00,7232.50
1777909500,7232.50,7232.75,7223.75,7225.25
1777909800,7225.00,7231.50,7219.00,7229.50
1777910100,7229.50,7232.50,7223.75,7225.25
1777910400,7225.25,7227.25,7218.75,7221.75
1777910700,7221.50,7222.50,7199.25,7210.00
1777911000,7210.00,7215.00,7204.25,7208.75
1777911300,7208.50,7225.50,7204.25,7221.25
1777911600,7221.50,7227.75,7219.50,7224.00
1777911900,7224.00,7228.00,7218.00,7219.50
1777912200,7219.50,7226.25,7217.75,7225.25
1777912500,7225.00,7225.75,7215.50,7218.00
1777912800,7217.75,7222.75,7217.50,7218.25
1777913100,7218.25,7220.50,7216.00,7218.75
1777913400,7218.25,7219.75,7212.75,7216.00
1777913700,7216.00,7218.25,7213.75,7215.00
1777914000,7215.00,7222.00,7214.25,7220.00
1777914300,7220.25,7225.00,7219.50,7224.00
1777914600,7224.00,7226.25,7221.25,7224.25
1777914900,7224.25,7234.75,7222.00,7232.50
1777915200,7232.50,7236.25,7230.50,7234.50
1777915500,7234.75,7236.00,7231.50,7235.25
1777915800,7235.50,7236.00,7230.50,7230.75
1777916100,7231.00,7231.25,7225.50,7230.50
1777916400,7230.50,7232.75,7227.75,7231.50
1777916700,7231.75,7233.25,7230.25,7232.50
1777917000,7232.50,7235.75,7232.25,7233.25
1777917300,7233.25,7235.50,7232.75,7232.75
1777917600,7232.75,7239.00,7232.25,7238.75
1777917900,7238.75,7239.50,7234.75,7236.25
1777918200,7236.25,7237.25,7233.75,7233.75
1777918500,7234.00,7234.50,7231.00,7232.00
1777918800,7231.75,7232.25,7224.50,7226.25
1777919100,7226.50,7227.75,7220.75,7226.75
1777919400,7226.75,7228.00,7223.50,7225.25
1777919700,7225.50,7225.50,7221.75,7224.50
1777920000,7224.50,7225.25,7219.00,7219.50
1777920300,7219.75,7224.25,7217.25,7223.75
1777920600,7224.00,7225.25,7218.50,7220.50
1777920900,7220.25,7225.25,7219.75,7224.00
1777921200,7223.75,7224.75,7220.50,7222.75
1777921500,7222.50,7231.50,7221.75,7228.25
1777921800,7228.00,7229.50,7226.75,7229.50
1777922100,7229.25,7231.00,7228.25,7228.25
1777922400,7228.25,7229.00,7226.25,7228.25
1777922700,7228.25,7230.00,7223.25,7226.75
1777923000,7226.50,7230.00,7226.25,7229.00
1777923300,7229.00,7231.50,7228.25,7228.75
1777923600,7228.75,7229.75,7225.75,7226.25
1777923900,7226.50,7231.00,7225.00,7230.50
1777924200,7230.50,7231.00,7223.50,7225.00
1777924500,7225.00,7231.75,7223.25,7231.25
1777924800,7231.00,7231.50,7225.50,7225.75
1777925100,7226.00,7227.75,7223.50,7224.00
1777925400,7223.75,7226.00,7222.75,7225.25
1777987800,7267.25,7272.00,7264.25,7272.00
1777988100,7272.00,7274.00,7268.00,7269.50
1777988400,7269.50,7273.00,7266.75,7271.00
1777988700,7271.50,7275.25,7270.00,7270.50
1777989000,7270.75,7277.25,7270.50,7272.50
1777989300,7272.75,7275.00,7272.00,7274.75
1777989600,7275.00,7277.75,7270.50,7277.00
1777989900,7276.75,7281.75,7275.75,7281.25
1777990200,7281.50,7283.50,7270.75,7272.25
1777990500,7272.50,7277.00,7266.50,7270.50
1777990800,7270.75,7282.00,7269.00,7281.00
1777991100,7280.75,7286.50,7280.25,7282.50
1777991400,7282.50,7283.50,7277.25,7279.50
1777991700,7279.25,7280.75,7274.75,7276.00
1777992000,7275.75,7280.00,7275.25,7276.50
1777992300,7276.25,7278.25,7273.00,7276.25
1777992600,7276.00,7278.75,7274.00,7278.75
1777992900,7278.50,7281.00,7278.00,7280.50
1777993200,7280.50,7284.50,7279.25,7284.25
1777993500,7284.00,7285.75,7282.00,7282.25
1777993800,7282.50,7285.75,7282.25,7284.75
1777994100,7284.75,7285.75,7282.75,7282.75
1777994400,7283.00,7284.25,7280.50,7280.75
1777994700,7280.75,7284.25,7280.50,7284.25
1777995000,7284.25,7284.75,7278.50,7278.75
1777995300,7279.00,7281.50,7278.75,7280.75
1777995600,7280.75,7281.00,7279.00,7280.50
1777995900,7280.75,7283.50,7280.50,7282.50
1777996200,7282.50,7283.50,7280.75,7281.25
1777996500,7281.50,7281.50,7278.75,7279.75
1777996800,7279.75,7283.00,7279.00,7282.25
1777997100,7282.25,7284.75,7282.00,7284.25
1777997400,7284.00,7285.25,7284.00,7284.00
1777997700,7284.00,7285.50,7283.00,7285.00
1777998000,7285.00,7288.75,7285.00,7286.50
1777998300,7286.50,7287.50,7280.00,7285.00
1777998600,7285.00,7285.25,7282.75,7284.00
1777998900,7284.00,7286.00,7283.25,7283.25
1777999200,7283.50,7284.50,7281.75,7283.50
1777999500,7283.50,7286.75,7282.75,7285.50
1777999800,7285.50,7286.00,7284.00,7284.75
1778000100,7284.75,7286.00,7283.75,7284.00
1778000400,7284.25,7285.25,7282.50,7284.25
1778000700,7284.00,7284.75,7280.50,7281.25
1778001000,7281.50,7282.75,7280.25,7282.00
1778001300,7282.00,7285.50,7281.75,7285.00
1778001600,7285.00,7286.00,7283.75,7285.00
1778001900,7285.00,7287.75,7284.75,7287.50
1778002200,7287.50,7289.00,7286.25,7287.00
1778002500,7287.25,7289.75,7286.75,7287.25
1778002800,7287.50,7288.50,7287.00,7287.50
1778003100,7287.75,7288.75,7287.50,7288.00
1778003400,7288.00,7291.25,7287.75,7290.00
1778003700,7290.25,7291.50,7289.00,7289.25
1778004000,7289.50,7291.00,7289.00,7291.00
1778004300,7290.75,7292.75,7290.25,7291.50
1778004600,7291.50,7296.00,7291.00,7295.50
1778004900,7295.25,7296.25,7293.75,7294.00
1778005200,7294.00,7295.75,7294.00,7294.00
1778005500,7294.00,7295.75,7293.50,7294.00
1778005800,7293.75,7294.50,7291.75,7292.00
1778006100,7292.00,7293.25,7290.50,7290.75
1778006400,7290.50,7292.50,7290.25,7291.50
1778006700,7292.00,7293.75,7291.50,7293.00
1778007000,7293.25,7294.00,7290.50,7292.25
1778007300,7292.25,7293.00,7291.75,7292.50
1778007600,7292.50,7294.50,7292.25,7294.50
1778007900,7294.25,7296.75,7294.00,7296.75
1778008200,7296.75,7299.50,7296.25,7296.75
1778008500,7296.75,7298.25,7295.00,7298.25
1778008800,7298.00,7299.00,7296.50,7299.00
1778009100,7299.00,7300.00,7296.50,7296.50
1778009400,7296.50,7298.50,7295.75,7296.25
1778009700,7296.50,7297.75,7294.00,7297.25
1778010000,7297.25,7297.50,7295.25,7297.00
1778010300,7297.00,7297.50,7293.75,7294.00
1778010600,7294.00,7294.00,7285.00,7286.75
1778010900,7286.75,7288.25,7282.50,7286.75
1778011200,7286.75,7289.50,7285.75,7289.25
1778011500,7289.25,7290.50,7287.25,7288.00
1778011800,7288.25,7290.75,7288.00,7290.25
1778074200,7331.00,7341.25,7327.25,7341.00
1778074500,7340.75,7344.75,7339.25,7340.00
1778074800,7340.00,7341.75,7337.50,7341.00
1778075100,7341.00,7344.50,7338.25,7340.25
1778075400,7340.25,7347.00,7331.25,7346.00
1778075700,7346.00,7347.50,7340.75,7346.00
1778076000,7346.00,7349.50,7342.75,7343.50
1778076300,7343.50,7347.75,7336.25,7347.25
1778076600,7347.00,7351.75,7346.50,7350.25
1778076900,7350.25,7352.00,7345.00,7347.00
1778077200,7347.00,7352.25,7346.25,7352.25
1778077500,7352.25,7356.50,7349.25,7350.00
1778077800,7350.00,7359.50,7349.50,7359.25
1778078100,7359.25,7362.75,7358.75,7362.25
1778078400,7362.25,7369.00,7361.75,7368.00
1778078700,7368.25,7370.00,7364.25,7367.50
1778079000,7367.25,7369.25,7366.25,7368.75
1778079300,7369.00,7372.00,7368.75,7371.25
1778079600,7371.25,7374.75,7370.50,7373.25
1778079900,7373.25,7374.75,7367.75,7368.50
1778080200,7368.25,7371.75,7363.50,7366.75
1778080500,7367.00,7372.00,7365.00,7371.75
1778080800,7371.75,7373.50,7371.00,7372.00
1778081100,7372.00,7372.75,7369.50,7370.00
1778081400,7370.00,7371.25,7367.50,7369.25
1778081700,7369.00,7370.00,7364.00,7364.50
1778082000,7364.25,7366.75,7358.75,7362.75
1778082300,7362.75,7366.75,7361.00,7365.00
1778082600,7365.00,7367.50,7363.00,7367.00
1778082900,7367.00,7368.50,7365.25,7365.50
1778083200,7365.50,7368.50,7363.75,7367.25
1778083500,7367.50,7368.75,7364.75,7365.75
1778083800,7365.75,7369.25,7365.25,7368.25
1778084100,7368.50,7369.50,7367.50,7367.75
1778084400,7367.50,7368.75,7366.75,7367.75
1778084700,7367.75,7369.75,7366.25,7366.75
1778085000,7366.75,7367.75,7365.50,7367.00
1778085300,7367.00,7367.00,7364.25,7366.00
1778085600,7366.00,7367.50,7364.75,7365.00
1778085900,7365.50,7365.75,7361.00,7362.50
1778086200,7362.75,7363.50,7358.00,7358.25
1778086500,7358.25,7362.00,7354.50,7359.00
1778086800,7359.25,7362.00,7356.00,7362.00
1778087100,7361.75,7365.50,7361.00,7363.75
1778087400,7363.75,7366.75,7363.75,7364.75
1778087700,7364.50,7365.75,7363.00,7365.25
1778088000,7365.25,7367.50,7364.50,7365.75
1778088300,7366.00,7366.75,7364.25,7366.25
1778088600,7366.00,7368.25,7366.00,7366.75
1778088900,7366.75,7368.25,7365.75,7365.75
1778089200,7366.00,7368.25,7364.75,7368.25
1778089500,7368.25,7369.50,7367.50,7368.00
1778089800,7368.00,7370.00,7367.25,7369.25
1778090100,7369.00,7371.00,7368.75,7371.00
1778090400,7370.75,7372.50,7369.75,7371.75
1778090700,7371.75,7375.00,7371.50,7374.50
1778091000,7374.75,7375.75,7373.00,7374.50
1778091300,7374.50,7380.00,7374.50,7378.50
1778091600,7378.75,7381.75,7378.50,7380.50
1778091900,7380.50,7381.00,7379.25,7380.00
1778092200,7380.00,7382.00,7378.50,7382.00
1778092500,7381.75,7384.50,7380.75,7382.00
1778092800,7381.75,7382.00,7379.75,7379.75
1778093100,7380.00,7381.25,7377.25,7378.25
1778093400,7378.25,7380.75,7376.75,7380.25
1778093700,7380.25,7381.00,7379.00,7379.00
1778094000,7379.25,7384.50,7379.00,7383.00
1778094300,7383.25,7387.00,7382.25,7385.00
1778094600,7385.25,7388.00,7385.00,7387.50
1778094900,7387.50,7388.50,7385.75,7388.00
1778095200,7387.75,7390.00,7387.00,7388.50
1778095500,7388.25,7389.50,7386.00,7388.25
1778095800,7388.25,7388.25,7385.25,7386.00
1778096100,7386.00,7390.00,7385.75,7389.50
1778096400,7389.75,7390.00,7386.50,7386.75
1778096700,7386.75,7389.75,7385.75,7386.75
1778097000,7386.75,7395.75,7386.50,7394.25
1778097300,7394.25,7395.75,7386.75,7386.75
1778097600,7386.75,7391.00,7384.75,7388.75
1778097900,7388.75,7391.50,7388.25,7389.25
1778098200,7389.00,7395.75,7385.75,7394.00
1778160600,7399.25,7400.25,7393.25,7394.00
1778160900,7393.75,7395.00,7391.00,7393.50
1778161200,7393.75,7394.50,7390.25,7391.00
1778161500,7391.00,7393.00,7384.25,7385.00
1778161800,7385.25,7389.00,7383.75,7388.75
1778162100,7388.75,7391.50,7385.50,7387.75
1778162400,7387.50,7394.25,7387.25,7394.00
1778162700,7393.75,7397.50,7392.00,7395.50
1778163000,7395.50,7396.75,7393.25,7393.50
1778163300,7393.25,7396.00,7388.75,7394.00
1778163600,7394.00,7399.00,7393.50,7394.50
1778163900,7394.50,7397.50,7392.75,7393.75
1778164200,7394.00,7396.75,7393.00,7396.00
1778164500,7395.75,7400.75,7393.75,7400.00
1778164800,7400.25,7401.75,7398.75,7400.25
1778165100,7400.25,7404.00,7398.25,7400.50
1778165400,7400.50,7405.75,7399.75,7405.75
1778165700,7405.75,7409.50,7405.50,7409.50
1778166000,7409.50,7410.00,7405.50,7406.75
1778166300,7406.75,7407.00,7400.25,7404.75
1778166600,7404.75,7406.25,7400.75,7401.50
1778166900,7401.25,7404.50,7400.75,7402.50
1778167200,7402.25,7404.00,7397.25,7399.00
1778167500,7399.25,7400.75,7391.00,7397.75
1778167800,7397.50,7404.75,7396.75,7403.50
1778168100,7403.50,7404.25,7400.50,7400.50
1778168400,7400.50,7403.75,7398.75,7401.25
1778168700,7401.25,7402.50,7396.50,7396.50
1778169000,7396.75,7398.00,7393.50,7396.75
1778169300,7397.00,7397.25,7386.00,7388.00
1778169600,7388.00,7388.75,7381.25,7382.00
1778169900,7382.00,7382.25,7377.25,7382.00
1778170200,7382.00,7382.00,7374.00,7375.25
1778170500,7375.25,7375.25,7366.00,7367.00
1778170800,7367.00,7375.75,7365.50,7375.25
1778171100,7375.00,7382.25,7375.00,7382.00
1778171400,7382.00,7386.50,7379.25,7384.25
1778171700,7384.25,7384.50,7375.00,7375.75
1778172000,7375.50,7380.00,7373.25,7376.00
1778172300,7376.25,7377.00,7371.75,7372.75
1778172600,7372.75,7373.50,7368.00,7372.00
1778172900,7372.25,7373.25,7364.00,7368.50
1778173200,7368.50,7371.00,7364.75,7368.25
1778173500,7368.50,7374.75,7366.00,7370.00
1778173800,7370.00,7371.50,7364.75,7368.00
1778174100,7368.00,7368.00,7360.25,7362.00
1778174400,7361.75,7370.25,7359.50,7369.75
1778174700,7369.50,7374.00,7345.50,7354.25
1778175000,7354.50,7360.00,7349.75,7358.25
1778175300,7358.25,7364.75,7355.25,7362.00
1778175600,7362.00,7365.25,7354.75,7355.75
1778175900,7355.75,7357.25,7351.75,7353.50
1778176200,7353.50,7356.00,7349.50,7352.75
1778176500,7353.00,7366.00,7351.25,7365.25
1778176800,7365.50,7366.75,7359.50,7363.00
1778177100,7363.00,7369.75,7360.50,7361.75
1778177400,7362.00,7365.50,7358.50,7364.50
1778177700,7364.75,7370.50,7364.25,7366.75
1778178000,7366.75,7368.75,7362.50,7363.00
1778178300,7363.00,7363.50,7359.75,7361.00
1778178600,7361.00,7367.75,7360.50,7365.50
1778178900,7365.75,7367.25,7357.75,7362.25
1778179200,7362.25,7363.50,7347.50,7351.25
1778179500,7351.25,7355.50,7345.50,7350.25
1778179800,7350.00,7355.75,7347.25,7353.75
1778180100,7353.50,7360.25,7351.25,7359.75
1778180400,7359.75,7362.50,7354.75,7357.50
1778180700,7357.50,7360.75,7355.75,7357.50
1778181000,7357.50,7363.75,7356.50,7360.50
1778181300,7360.50,7362.00,7351.75,7354.50
1778181600,7354.50,7355.75,7349.50,7350.50
1778181900,7350.50,7356.50,7348.25,7354.00
1778182200,7353.75,7359.25,7352.50,7358.00
1778182500,7358.25,7362.50,7356.75,7362.00
1778182800,7361.75,7363.50,7358.50,7361.50
1778183100,7361.50,7362.75,7358.00,7361.00
1778183400,7361.00,7367.50,7354.75,7358.00
1778183700,7358.00,7365.00,7356.00,7364.25
1778184000,7364.50,7378.75,7354.75,7373.25
1778184300,7373.50,7373.75,7366.75,7367.75
1778184600,7368.00,7370.00,7367.00,7369.50
1778247000,7395.75,7399.75,7393.25,7399.25
1778247300,7399.50,7401.00,7394.75,7395.75
1778247600,7395.75,7399.75,7392.00,7399.25
1778247900,7399.50,7409.50,7399.25,7407.25
1778248200,7407.25,7410.75,7405.00,7406.50
1778248500,7406.50,7417.25,7405.25,7414.00
1778248800,7413.50,7417.50,7409.25,7414.50
1778249100,7414.75,7415.50,7409.75,7412.75
1778249400,7412.50,7416.00,7409.25,7415.25
1778249700,7415.25,7417.00,7412.50,7416.00
1778250000,7416.00,7420.25,7415.25,7419.50
1778250300,7419.50,7422.75,7414.25,7415.00
1778250600,7415.00,7415.75,7410.50,7412.25
1778250900,7412.25,7416.75,7408.25,7416.75
1778251200,7416.50,7418.75,7414.75,7418.75
1778251500,7418.75,7421.75,7416.75,7418.75
1778251800,7418.75,7420.00,7417.25,7420.00
1778252100,7420.00,7421.50,7417.50,7417.75
1778252400,7418.00,7420.50,7417.00,7417.75
1778252700,7418.00,7420.75,7414.00,7414.25
1778253000,7414.25,7416.50,7411.50,7412.75
1778253300,7412.75,7413.00,7407.25,7410.75
1778253600,7410.75,7416.50,7409.75,7412.50
1778253900,7412.50,7416.00,7411.50,7416.00
1778254200,7416.00,7417.00,7410.00,7416.50
1778254500,7416.50,7420.75,7415.75,7419.50
1778254800,7419.75,7420.50,7412.50,7414.50
1778255100,7414.50,7420.25,7413.25,7417.75
1778255400,7417.75,7418.75,7414.50,7417.25
1778255700,7417.00,7418.25,7413.75,7415.75
1778256000,7415.75,7419.75,7415.75,7418.25
1778256300,7418.25,7422.25,7417.75,7419.25
1778256600,7419.50,7421.50,7417.75,7420.50
1778256900,7420.50,7422.25,7419.25,7419.50
1778257200,7419.50,7421.25,7419.00,7420.75
1778257500,7421.00,7424.50,7420.00,7422.25
1778257800,7422.50,7423.25,7420.00,7421.50
1778258100,7421.75,7422.75,7418.25,7420.75
1778258400,7420.75,7421.25,7415.00,7415.00
1778258700,7415.25,7420.25,7415.25,7420.25
1778259000,7420.25,7420.25,7416.50,7417.25
1778259300,7417.25,7417.75,7415.50,7416.00
1778259600,7415.75,7422.00,7414.75,7421.75
1778259900,7421.75,7423.00,7418.25,7420.25
1778260200,7420.25,7420.50,7418.00,7418.50
1778260500,7418.50,7422.00,7418.25,7422.00
1778260800,7421.75,7424.00,7420.75,7423.25
1778261100,7423.25,7425.00,7423.00,7424.00
1778261400,7423.50,7424.75,7422.50,7423.75
1778261700,7423.50,7426.25,7421.25,7421.25
1778262000,7421.50,7422.25,7419.50,7419.50
1778262300,7419.75,7422.75,7418.75,7419.25
1778262600,7419.25,7420.75,7417.50,7420.75
1778262900,7420.75,7421.75,7418.50,7418.50
1778263200,7418.50,7428.25,7418.25,7422.75
1778263500,7422.50,7424.00,7420.00,7421.00
1778263800,7421.00,7425.25,7420.50,7425.00
1778264100,7424.75,7426.50,7423.75,7424.50
1778264400,7424.50,7426.00,7424.00,7424.75
1778264700,7424.75,7425.25,7423.25,7424.25
1778265000,7424.25,7426.75,7422.75,7422.75
1778265300,7422.75,7423.50,7421.25,7421.75
1778265600,7421.50,7422.50,7419.00,7419.25
1778265900,7419.25,7419.50,7415.25,7416.25
1778266200,7416.25,7417.00,7410.75,7412.50
1778266500,7412.50,7414.25,7407.50,7410.50
1778266800,7410.50,7414.75,7410.25,7412.75
1778267100,7412.75,7417.25,7411.25,7415.00
1778267400,7415.00,7416.75,7413.75,7414.75
1778267700,7414.75,7418.50,7414.00,7418.00
1778268000,7418.00,7418.75,7416.00,7416.25
1778268300,7416.25,7417.50,7412.75,7413.00
1778268600,7413.00,7417.25,7411.50,7417.00
1778268900,7416.75,7418.75,7415.25,7417.75
1778269200,7417.50,7420.75,7417.50,7419.75
1778269500,7420.00,7421.25,7418.00,7418.25
1778269800,7418.50,7421.75,7417.25,7421.00
1778270100,7420.75,7422.00,7417.00,7421.25
1778270400,7421.00,7424.50,7418.25,7423.50
1778270700,7423.50,7424.00,7422.00,7422.25
1778271000,7422.00,7422.50,7420.25,7420.50
1778506200,7410.25,7424.75,7410.25,7424.75
1778506500,7424.50,7424.50,7419.50,7421.50
1778506800,7421.25,7429.75,7420.50,7429.50
1778507100,7429.25,7437.25,7429.00,7433.75
1778507400,7433.75,7437.00,7430.00,7431.00
1778507700,7430.75,7433.75,7429.00,7432.75
1778508000,7432.50,7433.75,7430.75,7431.50
1778508300,7431.50,7434.50,7430.50,7433.75
1778508600,7433.50,7436.75,7431.25,7436.25
1778508900,7436.25,7441.00,7435.50,7441.00
1778509200,7440.75,7442.00,7439.00,7441.00
1778509500,7441.25,7442.00,7430.25,7430.25
1778509800,7430.50,7433.00,7421.50,7430.50
1778510100,7430.50,7434.00,7428.25,7432.00
1778510400,7432.00,7437.00,7431.75,7435.50
1778510700,7435.75,7438.00,7432.25,7436.75
1778511000,7436.75,7444.75,7436.25,7444.25
1778511300,7444.00,7445.75,7440.25,7443.00
1778511600,7442.75,7443.75,7440.50,7442.25
1778511900,7442.50,7443.00,7440.50,7442.50
1778512200,7442.25,7442.75,7436.50,7437.25
1778512500,7437.50,7441.50,7435.75,7441.25
1778512800,7441.25,7444.25,7440.00,7444.00
1778513100,7444.00,7447.25,7443.25,7447.00
1778513400,7447.00,7448.25,7444.75,7445.50
1778513700,7445.25,7447.00,7443.75,7447.00
1778514000,7447.00,7448.25,7443.00,7444.75
1778514300,7444.75,7446.75,7443.25,7445.50
1778514600,7445.25,7449.00,7443.50,7448.00
1778514900,7448.25,7449.75,7447.00,7448.25
1778515200,7448.50,7449.25,7446.50,7447.00
1778515500,7447.00,7448.00,7446.50,7446.75
1778515800,7447.00,7448.25,7446.00,7447.25
1778516100,7447.50,7448.25,7446.00,7446.75
1778516400,7446.50,7449.25,7445.50,7449.25
1778516700,7449.25,7450.50,7448.75,7449.50
1778517000,7449.25,7450.50,7448.00,7449.00
1778517300,7448.75,7449.75,7447.00,7447.00
1778517600,7447.00,7447.50,7434.00,7443.00
1778517900,7442.75,7445.25,7441.00,7441.00
1778518200,7441.25,7442.50,7438.50,7439.25
1778518500,7439.25,7441.00,7436.50,7439.50
1778518800,7439.50,7442.00,7439.25,7441.00
1778519100,7441.25,7443.00,7439.50,7440.50
1778519400,7440.50,7440.50,7435.75,7436.50
1778519700,7436.50,7437.50,7434.50,7435.50
1778520000,7435.75,7442.50,7434.75,7442.00
1778520300,7442.00,7445.00,7441.50,7444.00
1778520600,7444.00,7448.50,7444.00,7447.50
1778520900,7447.50,7450.50,7447.00,7449.25
1778521200,7449.25,7453.00,7448.25,7452.75
1778521500,7452.75,7454.00,7449.25,7449.75
1778521800,7450.00,7451.00,7448.25,7448.50
1778522100,7448.50,7450.25,7447.75,7448.25
1778522400,7448.25,7452.75,7448.00,7452.25
1778522700,7452.50,7452.50,7451.25,7451.75
1778523000,7451.75,7452.00,7449.00,7449.75
1778523300,7449.50,7450.50,7448.75,7449.50
1778523600,7449.50,7451.50,7446.75,7449.25
1778523900,7449.00,7449.75,7448.50,7449.75
1778524200,7449.50,7449.75,7446.75,7447.00
1778524500,7447.25,7448.00,7443.75,7444.25
1778524800,7444.25,7445.50,7442.25,7444.00
1778525100,7444.00,7444.00,7441.00,7441.25
1778525400,7441.25,7442.00,7438.75,7439.75
1778525700,7439.50,7440.25,7431.25,7431.50
1778526000,7431.50,7434.75,7428.25,7428.75
1778526300,7429.00,7436.25,7428.00,7435.75
1778526600,7435.75,7438.00,7432.50,7434.00
1778526900,7433.75,7434.25,7430.00,7431.75
1778527200,7431.75,7432.50,7427.25,7430.50
1778527500,7430.25,7433.00,7429.25,7431.25
1778527800,7431.25,7435.00,7429.50,7432.50
1778528100,7432.25,7433.00,7430.00,7432.50
1778528400,7432.75,7433.75,7428.25,7428.25
1778528700,7428.25,7433.50,7427.75,7433.00
1778529000,7432.75,7436.75,7431.25,7435.25
1778529300,7435.25,7439.00,7433.75,7438.75
1778529600,7438.75,7440.25,7435.25,7436.00
1778529900,7436.00,7436.00,7433.75,7434.75
1778530200,7434.75,7436.25,7426.00,7434.50
1778592600,7414.25,7417.50,7406.75,7408.75
1778592900,7408.50,7408.50,7400.25,7406.00
1778593200,7405.75,7413.00,7403.00,7412.25
1778593500,7412.25,7414.00,7401.00,7402.75
1778593800,7402.50,7409.50,7399.25,7404.00
1778594100,7403.75,7404.25,7393.75,7395.75
1778594400,7396.25,7398.25,7391.50,7395.75
1778594700,7396.00,7401.25,7394.75,7398.25
1778595000,7398.00,7406.50,7395.25,7406.25
1778595300,7406.25,7408.75,7402.50,7407.00
1778595600,7406.75,7407.75,7399.50,7400.75
1778595900,7400.75,7403.50,7390.25,7394.25
1778596200,7394.25,7394.75,7380.25,7385.25
1778596500,7385.25,7392.00,7380.00,7391.50
1778596800,7391.75,7397.25,7387.75,7391.25
1778597100,7391.25,7391.50,7385.25,7386.25
1778597400,7386.00,7388.25,7381.50,7385.00
1778597700,7385.00,7386.50,7381.50,7382.75
1778598000,7382.75,7384.25,7378.50,7379.75
1778598300,7379.75,7385.50,7377.50,7385.25
1778598600,7385.00,7385.75,7376.75,7377.25
1778598900,7377.50,7377.50,7371.25,7374.75
1778599200,7374.75,7375.75,7364.50,7365.75
1778599500,7366.00,7369.25,7363.25,7368.00
1778599800,7368.25,7375.50,7366.25,7373.50
1778600100,7373.50,7378.00,7370.00,7376.00
1778600400,7376.00,7380.75,7373.00,7380.50
1778600700,7380.50,7382.75,7377.50,7378.25
1778601000,7378.25,7380.00,7375.50,7376.25
1778601300,7376.00,7377.50,7368.75,7370.00
1778601600,7370.00,7378.75,7366.25,7377.75
1778601900,7377.75,7378.50,7371.50,7373.00
1778602200,7372.75,7380.00,7372.00,7378.50
1778602500,7378.50,7379.25,7375.25,7375.50
1778602800,7375.50,7378.00,7370.75,7373.50
1778603100,7373.50,7375.25,7371.75,7372.75
1778603400,7372.50,7373.25,7367.00,7370.50
1778603700,7370.50,7375.50,7370.50,7373.00
1778604000,7373.25,7374.75,7367.75,7369.50
1778604300,7369.25,7371.25,7363.50,7366.25
1778604600,7366.25,7368.50,7363.50,7365.50
1778604900,7365.25,7367.50,7363.75,7366.50
1778605200,7366.50,7375.25,7365.25,7374.00
1778605500,7374.00,7379.25,7373.75,7375.25
1778605800,7375.50,7378.75,7374.50,7378.50
1778606100,7378.50,7386.50,7378.25,7385.75
1778606400,7385.75,7395.50,7385.75,7390.50
1778606700,7390.50,7391.25,7386.25,7388.75
1778607000,7388.75,7395.25,7386.50,7394.75
1778607300,7394.75,7394.75,7387.50,7391.75
1778607600,7391.75,7394.75,7391.00,7393.00
1778607900,7393.25,7394.25,7389.25,7391.75
1778608200,7392.00,7396.50,7390.25,7396.50
1778608500,7396.25,7397.25,7392.50,7396.00
1778608800,7396.00,7398.00,7392.50,7397.00
1778609100,7396.75,7397.25,7392.50,7394.50
1778609400,7394.50,7396.75,7392.00,7395.75
1778609700,7396.00,7398.50,7395.25,7397.25
1778610000,7397.50,7403.50,7397.00,7402.75
1778610300,7403.00,7410.00,7403.00,7406.75
1778610600,7406.75,7409.75,7405.50,7406.25
1778610900,7406.00,7409.25,7403.50,7405.75
1778611200,7405.75,7408.50,7405.25,7407.25
1778611500,7407.50,7408.00,7402.50,7405.75
1778611800,7405.75,7409.00,7404.00,7407.25
1778612100,7407.00,7410.50,7404.50,7405.00
1778612400,7405.00,7408.50,7404.75,7407.50
1778612700,7407.50,7411.50,7405.75,7409.75
1778613000,7409.50,7418.50,7409.50,7416.25
1778613300,7416.50,7419.50,7414.75,7415.00
1778613600,7415.25,7415.75,7410.50,7415.00
1778613900,7414.75,7416.50,7414.50,7416.00
1778614200,7416.00,7426.00,7415.75,7424.00
1778614500,7424.25,7424.50,7422.00,7423.00
1778614800,7423.00,7425.75,7421.00,7424.75
1778615100,7424.75,7427.00,7422.50,7426.00
1778615400,7426.00,7434.00,7426.00,7428.50
1778615700,7428.75,7431.00,7424.50,7428.00
1778616000,7428.00,7428.50,7418.25,7419.25
1778616300,7419.25,7420.00,7416.50,7418.00
1778616600,7418.00,7420.25,7415.50,7420.00
1778679000,7429.25,7429.50,7416.75,7420.25
1778679300,7420.50,7420.50,7411.00,7412.25
1778679600,7412.25,7419.00,7409.50,7413.25
1778679900,7413.25,7413.50,7399.00,7407.75
1778680200,7407.75,7414.50,7404.00,7414.25
1778680500,7414.25,7417.00,7408.50,7413.25
1778680800,7413.25,7418.50,7412.00,7416.50
1778681100,7416.50,7419.50,7414.50,7415.50
1778681400,7415.25,7421.25,7414.00,7420.50
1778681700,7420.25,7422.25,7415.75,7417.50
1778682000,7417.50,7429.25,7416.75,7428.75
1778682300,7428.75,7432.00,7426.50,7427.50
1778682600,7427.50,7431.25,7425.50,7431.25
1778682900,7431.00,7431.50,7422.00,7424.00
1778683200,7424.00,7430.00,7422.00,7428.50
1778683500,7428.50,7430.25,7425.25,7429.25
1778683800,7429.50,7434.25,7428.00,7433.25
1778684100,7433.50,7434.50,7430.75,7432.75
1778684400,7433.00,7438.25,7432.50,7436.25
1778684700,7436.25,7436.50,7432.75,7435.75
1778685000,7435.75,7436.75,7431.25,7434.00
1778685300,7434.00,7437.25,7433.75,7437.00
1778685600,7437.25,7438.25,7435.50,7436.50
1778685900,7436.75,7438.00,7433.50,7437.25
1778686200,7437.25,7440.75,7433.75,7440.50
1778686500,7440.50,7442.75,7439.75,7442.25
1778686800,7442.50,7447.00,7442.25,7445.50
1778687100,7445.75,7446.00,7443.00,7443.50
1778687400,7443.25,7444.75,7439.75,7444.00
1778687700,7444.00,7444.25,7440.00,7442.00
1778688000,7442.00,7446.50,7439.75,7446.25
1778688300,7446.50,7448.25,7444.00,7448.00
1778688600,7448.00,7451.75,7447.00,7451.25
1778688900,7451.25,7453.25,7449.50,7451.75
1778689200,7452.00,7463.75,7451.25,7461.25
1778689500,7461.50,7464.75,7457.75,7462.25
1778689800,7462.25,7463.50,7458.75,7462.25
1778690100,7462.25,7463.50,7460.75,7461.75
1778690400,7461.75,7463.25,7460.75,7461.00
1778690700,7461.00,7462.50,7459.00,7460.25
1778691000,7460.25,7463.50,7459.75,7463.25
1778691300,7463.50,7467.75,7463.25,7465.25
1778691600,7465.50,7470.75,7465.50,7469.00
1778691900,7469.25,7473.75,7469.00,7472.00
1778692200,7472.00,7474.00,7470.50,7471.25
1778692500,7471.25,7472.50,7468.75,7469.50
1778692800,7469.50,7471.50,7468.25,7468.25
1778693100,7468.25,7473.00,7467.75,7471.00
1778693400,7470.75,7471.75,7467.25,7467.50
1778693700,7467.50,7470.00,7466.50,7468.50
1778694000,7468.50,7471.50,7468.50,7471.00
1778694300,7471.00,7472.50,7470.25,7470.50
1778694600,7470.50,7472.50,7470.00,7470.00
1778694900,7470.00,7470.50,7466.00,7466.25
1778695200,7466.25,7472.25,7465.75,7472.00
1778695500,7472.00,7473.50,7470.50,7472.50
1778695800,7472.50,7478.75,7472.25,7478.00
1778696100,7478.25,7483.75,7478.25,7481.00
1778696400,7481.00,7483.75,7480.25,7481.75
1778696700,7481.75,7482.75,7479.75,7480.25
1778697000,7480.25,7480.25,7476.75,7478.25
1778697300,7478.00,7478.25,7473.25,7475.50
1778697600,7475.50,7477.25,7473.25,7473.25
1778697900,7473.25,7477.25,7473.00,7475.50
1778698200,7475.50,7478.50,7474.50,7477.25
1778698500,7477.50,7477.50,7470.75,7471.25
1778698800,7471.50,7476.50,7471.25,7476.25
1778699100,7476.25,7478.75,7473.75,7478.25
1778699400,7478.00,7480.50,7477.75,7480.50
1778699700,7480.25,7482.25,7478.25,7481.00
1778700000,7481.50,7482.00,7475.50,7476.00
1778700300,7476.00,7479.75,7475.00,7479.75
1778700600,7479.75,7480.25,7475.50,7476.50
1778700900,7476.75,7479.50,7475.00,7478.75
1778701200,7478.75,7480.00,7477.75,7479.75
1778701500,7479.75,7481.25,7478.25,7478.75
1778701800,7479.00,7479.00,7468.00,7470.00
1778702100,7470.25,7471.25,7467.75,7468.50
1778702400,7468.75,7472.00,7466.75,7469.25
1778702700,7469.25,7472.75,7468.50,7471.50
1778703000,7471.75,7473.75,7470.75,7472.50
1778765400,7481.00,7492.75,7479.75,7492.25
1778765700,7492.25,7498.25,7487.00,7497.50
1778766000,7497.25,7500.50,7496.50,7498.25
1778766300,7498.25,7503.25,7496.00,7501.00
1778766600,7501.25,7503.50,7493.25,7494.50
1778766900,7494.25,7499.00,7486.25,7488.25
1778767200,7488.25,7497.25,7486.75,7496.75
1778767500,7497.00,7499.25,7492.00,7494.50
1778767800,7494.75,7500.50,7492.25,7499.00
1778768100,7499.00,7505.50,7498.75,7505.00
1778768400,7505.00,7508.00,7502.75,7503.50
1778768700,7503.75,7504.00,7499.25,7503.75
1778769000,7503.75,7504.75,7501.50,7504.00
1778769300,7504.00,7511.00,7501.75,7510.75
1778769600,7510.50,7514.75,7509.50,7514.50
1778769900,7514.50,7517.25,7514.50,7517.00
1778770200,7516.75,7520.25,7514.75,7517.75
1778770500,7518.00,7520.00,7515.75,7516.25
1778770800,7516.50,7523.00,7515.50,7520.75
1778771100,7520.50,7523.25,7520.00,7522.00
1778771400,7522.25,7525.00,7521.50,7524.75
1778771700,7525.00,7530.25,7525.00,7529.25
1778772000,7529.00,7532.25,7528.00,7529.50
1778772300,7529.75,7533.00,7529.50,7529.75
1778772600,7529.75,7533.00,7529.00,7531.25
1778772900,7531.50,7532.00,7526.50,7529.25
1778773200,7529.25,7532.75,7528.00,7532.25
1778773500,7532.25,7532.75,7530.25,7532.50
1778773800,7532.50,7532.75,7530.75,7531.25
1778774100,7531.00,7537.50,7531.00,7537.00
1778774400,7537.25,7539.50,7536.25,7539.00
1778774700,7539.00,7540.00,7536.00,7536.25
1778775000,7536.25,7538.25,7533.50,7534.00
1778775300,7534.00,7538.00,7534.00,7534.75
1778775600,7534.75,7538.00,7530.75,7530.75
1778775900,7531.00,7532.00,7522.75,7524.50
1778776200,7524.25,7527.00,7518.00,7520.75
1778776500,7520.50,7525.75,7520.00,7525.50
1778776800,7525.75,7527.75,7522.25,7522.75
1778777100,7522.75,7526.75,7518.75,7524.75
1778777400,7525.00,7525.25,7519.25,7522.00
1778777700,7522.00,7522.75,7515.75,7522.75
1778778000,7522.50,7527.50,7522.25,7526.00
1778778300,7526.00,7526.25,7518.50,7518.50
1778778600,7518.50,7522.25,7513.75,7515.00
1778778900,7514.75,7516.25,7508.00,7509.00
1778779200,7509.00,7513.75,7507.00,7511.50
1778779500,7511.50,7513.75,7507.25,7513.50
1778779800,7513.50,7517.75,7511.00,7515.00
1778780100,7515.00,7522.00,7514.75,7520.75
1778780400,7521.00,7523.75,7518.00,7521.75
1778780700,7521.75,7526.75,7521.50,7526.00
1778781000,7525.75,7527.00,7522.50,7523.50
1778781300,7523.25,7526.00,7521.25,7521.50
1778781600,7521.50,7521.50,7510.75,7513.25
1778781900,7513.25,7518.00,7512.00,7517.75
1778782200,7517.75,7522.75,7516.00,7522.75
1778782500,7522.75,7527.50,7522.00,7527.00
1778782800,7527.00,7527.50,7522.50,7524.50
1778783100,7524.25,7525.25,7518.00,7520.00
1778783400,7520.00,7525.50,7519.75,7522.25
1778783700,7522.25,7524.25,7519.50,7522.00
1778784000,7522.00,7524.25,7517.75,7522.00
1778784300,7521.75,7525.25,7519.25,7524.75
1778784600,7524.50,7525.50,7522.00,7524.00
1778784900,7524.00,7528.00,7523.25,7527.50
1778785200,7527.50,7531.25,7527.25,7529.25
1778785500,7529.25,7530.50,7526.25,7530.25
1778785800,7530.25,7531.25,7526.00,7528.50
1778786100,7528.50,7530.50,7527.75,7528.50
1778786400,7528.50,7530.75,7527.25,7528.50
1778786700,7528.50,7529.25,7524.50,7524.75
1778787000,7525.00,7529.75,7524.00,7527.50
1778787300,7527.50,7529.75,7525.25,7528.50
1778787600,7528.25,7531.25,7527.75,7529.50
1778787900,7529.50,7530.50,7526.75,7527.50
1778788200,7527.75,7529.00,7522.75,7526.25
1778788500,7526.50,7527.25,7522.50,7526.00
1778788800,7526.00,7530.00,7525.75,7528.75
1778789100,7528.75,7529.00,7527.25,7527.75
1778789400,7527.50,7529.00,7526.75,7527.00
1778851800,7459.50,7460.75,7434.00,7442.75
1778852100,7443.00,7443.50,7431.50,7432.50
1778852400,7432.50,7442.00,7426.75,7427.75
1778852700,7427.50,7438.00,7420.00,7437.25
1778853000,7437.25,7448.00,7428.75,7445.50
1778853300,7445.25,7451.00,7430.50,7432.25
1778853600,7432.50,7441.75,7430.25,7434.50
1778853900,7434.75,7442.00,7432.25,7438.00
1778854200,7437.75,7452.25,7436.75,7452.25
1778854500,7452.00,7463.00,7448.50,7461.00
1778854800,7461.00,7467.75,7459.00,7459.50
1778855100,7459.25,7460.50,7449.00,7452.50
1778855400,7452.50,7462.25,7451.50,7462.00
1778855700,7461.75,7463.75,7456.50,7459.50
1778856000,7459.50,7463.50,7457.25,7461.00
1778856300,7461.25,7462.25,7449.25,7452.00
1778856600,7452.25,7455.75,7444.25,7455.50
1778856900,7455.25,7457.75,7449.25,7450.75
1778857200,7450.50,7455.50,7444.25,7448.50
1778857500,7448.50,7454.25,7442.00,7454.25
1778857800,7454.00,7455.25,7445.75,7449.50
1778858100,7449.50,7454.50,7447.75,7453.25
1778858400,7453.50,7458.75,7452.00,7453.50
1778858700,7453.75,7455.50,7448.25,7453.50
1778859000,7453.50,7460.50,7453.00,7454.25
1778859300,7454.25,7460.00,7450.50,7451.25
1778859600,7451.25,7454.00,7439.00,7442.00
1778859900,7442.25,7444.75,7438.25,7439.50
1778860200,7439.50,7439.75,7433.50,7436.00
1778860500,7436.00,7444.50,7431.50,7443.25
1778860800,7443.75,7447.25,7438.25,7440.25
1778861100,7440.25,7445.50,7437.25,7444.25
1778861400,7444.25,7445.50,7437.75,7445.00
1778861700,7445.00,7445.00,7439.25,7443.50
1778862000,7443.50,7453.25,7442.50,7452.25
1778862300,7452.50,7454.75,7449.25,7453.75
1778862600,7454.00,7455.50,7450.75,7455.00
1778862900,7455.00,7455.25,7451.25,7454.00
1778863200,7454.25,7456.75,7451.00,7456.50
1778863500,7456.50,7458.00,7454.00,7454.50
1778863800,7454.50,7457.25,7443.25,7444.75
1778864100,7444.75,7452.25,7444.25,7450.25
1778864400,7450.25,7452.50,7447.25,7451.75
1778864700,7451.75,7457.75,7450.50,7456.50
1778865000,7456.25,7458.25,7455.00,7457.25
1778865300,7457.50,7458.75,7453.50,7458.75
1778865600,7458.75,7466.00,7457.75,7465.75
1778865900,7465.75,7470.50,7465.50,7466.50
1778866200,7466.25,7469.75,7465.50,7469.25
1778866500,7469.25,7469.75,7464.25,7467.50
1778866800,7467.50,7468.00,7461.50,7465.00
1778867100,7465.25,7467.25,7463.00,7464.00
1778867400,7464.00,7468.25,7464.00,7467.75
1778867700,7467.75,7471.00,7466.00,7470.50
1778868000,7470.75,7473.25,7470.50,7472.00
1778868300,7471.75,7475.75,7470.75,7471.00
1778868600,7471.00,7472.75,7469.75,7470.75
1778868900,7470.75,7471.50,7456.75,7458.50
1778869200,7458.50,7467.75,7457.25,7463.25
1778869500,7463.00,7465.00,7456.00,7458.25
1778869800,7458.50,7459.25,7445.00,7449.25
1778870100,7449.25,7456.00,7449.00,7455.75
1778870400,7455.50,7455.75,7449.75,7455.00
1778870700,7454.75,7455.25,7449.75,7453.25
1778871000,7453.00,7458.25,7451.50,7457.75
1778871300,7457.50,7459.75,7453.25,7457.25
1778871600,7457.25,7458.50,7449.00,7449.50
1778871900,7449.50,7451.75,7446.50,7448.00
1778872200,7447.75,7448.50,7443.75,7446.75
1778872500,7446.75,7448.00,7441.25,7445.50
1778872800,7445.50,7448.50,7443.00,7443.00
1778873100,7443.00,7444.75,7442.00,7442.75
1778873400,7442.50,7447.75,7442.25,7444.75
1778873700,7444.75,7449.00,7441.75,7448.00
1778874000,7448.00,7449.50,7440.50,7441.50
1778874300,7441.50,7445.75,7439.25,7444.00
1778874600,7444.00,7444.00,7429.50,7431.00
1778874900,7431.00,7434.75,7427.00,7432.50
1778875200,7432.25,7433.00,7415.25,7420.75
1778875500,7420.50,7421.00,7413.00,7413.25
1778875800,7413.25,7420.00,7409.50,7420.00
1779111000,7438.25,7440.75,7424.75,7425.50
1779111300,7425.50,7430.00,7422.75,7427.00
1779111600,7427.25,7433.00,7419.50,7420.00
1779111900,7420.25,7433.00,7415.25,7428.50
1779112200,7428.75,7449.25,7428.25,7449.25
1779112500,7449.25,7454.25,7444.00,7446.00
1779112800,7445.75,7445.75,7428.75,7431.75
1779113100,7431.75,7444.00,7425.75,7444.00
1779113400,7443.75,7447.00,7435.75,7439.25
1779113700,7439.25,7447.25,7438.00,7445.75
1779114000,7445.75,7448.25,7435.25,7440.25
1779114300,7440.25,7444.25,7432.25,7435.25
1779114600,7435.00,7438.25,7411.50,7414.50
1779114900,7414.25,7421.25,7404.25,7419.50
1779115200,7419.25,7427.50,7411.25,7423.00
1779115500,7423.00,7424.25,7412.75,7415.25
1779115800,7415.25,7428.00,7414.25,7421.75
1779116100,7421.75,7426.00,7420.00,7423.00
1779116400,7423.00,7430.50,7407.75,7413.00
1779116700,7412.50,7416.75,7407.50,7408.00
1779117000,7407.75,7415.00,7405.00,7412.50
1779117300,7412.25,7414.25,7399.50,7403.25
1779117600,7403.25,7407.50,7399.25,7403.50
1779117900,7403.50,7409.00,7395.00,7396.00
1779118200,7396.25,7405.75,7391.50,7405.25
1779118500,7405.25,7413.00,7404.50,7408.00
1779118800,7408.25,7414.00,7401.75,7402.25
1779119100,7402.25,7410.00,7401.25,7405.00
1779119400,7405.00,7410.00,7399.50,7409.00
1779119700,7409.00,7412.00,7401.50,7403.00
1779120000,7403.00,7405.00,7396.75,7398.75
1779120300,7399.00,7404.50,7397.75,7402.50
1779120600,7402.75,7409.25,7401.75,7409.25
1779120900,7409.00,7413.50,7408.00,7412.00
1779121200,7412.00,7419.00,7404.50,7407.75
1779121500,7408.00,7409.00,7384.75,7388.25
1779121800,7388.00,7398.50,7381.75,7394.25
1779122100,7394.25,7401.00,7393.25,7397.00
1779122400,7397.25,7398.00,7390.50,7391.25
1779122700,7391.25,7395.50,7391.00,7394.50
1779123000,7394.50,7409.00,7394.00,7407.75
1779123300,7408.00,7413.50,7403.75,7405.00
1779123600,7404.75,7409.25,7399.00,7408.75
1779123900,7408.50,7413.25,7406.50,7410.00
1779124200,7410.25,7414.25,7407.25,7407.25
1779124500,7407.50,7414.25,7405.50,7412.00
1779124800,7412.25,7412.75,7406.25,7408.50
1779125100,7408.75,7413.75,7406.50,7413.50
1779125400,7413.50,7414.00,7406.25,7408.00
1779125700,7408.00,7408.25,7402.00,7404.00
1779126000,7404.00,7411.25,7403.00,7407.75
1779126300,7408.00,7409.00,7403.25,7406.25
1779126600,7406.25,7413.25,7405.50,7409.25
1779126900,7409.25,7411.75,7407.00,7410.25
1779127200,7410.25,7411.25,7397.75,7398.50
1779127500,7398.50,7400.75,7393.50,7395.75
1779127800,7395.50,7397.25,7390.00,7390.25
1779128100,7390.25,7391.25,7381.25,7384.25
1779128400,7384.25,7386.25,7380.75,7382.75
1779128700,7382.75,7387.00,7376.50,7386.75
1779129000,7387.00,7391.50,7384.50,7387.50
1779129300,7387.50,7391.00,7383.50,7383.75
1779129600,7383.50,7385.75,7379.25,7385.75
1779129900,7385.50,7387.25,7378.75,7379.00
1779130200,7379.00,7381.00,7374.25,7377.00
1779130500,7377.00,7381.25,7372.75,7376.50
1779130800,7376.50,7420.50,7375.75,7404.50
1779131100,7404.50,7411.00,7395.50,7403.00
1779131400,7403.00,7407.25,7399.00,7400.75
1779131700,7400.75,7405.25,7395.50,7397.25
1779132000,7397.50,7402.25,7391.75,7392.00
1779132300,7392.00,7396.00,7386.25,7395.25
1779132600,7395.25,7403.50,7392.75,7401.00
1779132900,7401.00,7410.75,7400.50,7410.25
1779133200,7410.25,7419.00,7410.00,7418.50
1779133500,7418.25,7425.25,7415.75,7423.50
1779133800,7423.75,7428.00,7419.00,7425.00
1779134100,7425.25,7428.00,7418.50,7426.50
1779134400,7426.25,7428.50,7420.00,7420.25
1779134700,7420.00,7421.75,7417.00,7420.50
1779135000,7420.50,7423.50,7419.75,7421.75
1779197400,7386.75,7392.25,7380.50,7384.50
1779197700,7384.25,7396.00,7377.50,7393.00
1779198000,7393.00,7394.00,7373.25,7375.00
1779198300,7375.00,7392.75,7369.75,7385.00
1779198600,7384.75,7399.00,7380.75,7397.00
1779198900,7397.25,7402.00,7391.00,7392.50
1779199200,7392.50,7393.00,7378.50,7388.75
1779199500,7388.75,7390.25,7367.25,7372.25
1779199800,7372.50,7378.00,7366.75,7368.25
1779200100,7368.00,7370.50,7362.25,7364.25
1779200400,7364.50,7367.00,7356.25,7366.25
1779200700,7366.00,7370.25,7360.25,7363.25
1779201000,7363.25,7371.75,7359.00,7361.75
1779201300,7361.75,7371.00,7361.50,7369.00
1779201600,7369.00,7373.75,7363.50,7366.50
1779201900,7366.50,7368.50,7353.75,7358.25
1779202200,7358.25,7362.25,7354.75,7358.00
1779202500,7357.75,7371.00,7356.75,7370.75
1779202800,7370.50,7375.00,7366.75,7373.00
1779203100,7373.00,7374.00,7365.50,7371.50
1779203400,7371.75,7376.25,7371.75,7374.50
1779203700,7374.75,7378.75,7368.75,7369.00
1779204000,7369.00,7371.25,7358.75,7359.25
1779204300,7359.25,7365.50,7355.50,7361.25
1779204600,7361.25,7372.00,7359.00,7365.25
1779204900,7365.25,7374.75,7362.75,7373.25
1779205200,7373.00,7378.50,7370.50,7374.50
1779205500,7374.50,7378.00,7370.50,7378.00
1779205800,7377.75,7378.50,7370.00,7372.50
1779206100,7372.50,7372.50,7364.25,7369.00
1779206400,7369.00,7379.25,7368.00,7375.75
1779206700,7375.75,7376.00,7365.00,7365.00
1779207000,7365.25,7367.75,7361.75,7367.00
1779207300,7367.00,7376.50,7366.50,7376.00
1779207600,7375.75,7380.00,7372.50,7379.75
1779207900,7379.75,7386.50,7379.75,7384.00
1779208200,7384.00,7390.50,7382.25,7387.25
1779208500,7387.25,7390.00,7383.50,7389.25
1779208800,7389.25,7393.50,7389.25,7393.25
1779209100,7393.25,7395.50,7391.25,7394.00
1779209400,7394.00,7400.25,7392.25,7399.00
1779209700,7399.25,7402.00,7398.00,7400.25
1779210000,7400.25,7406.25,7398.25,7405.25
1779210300,7405.25,7406.25,7402.50,7405.25
1779210600,7405.25,7409.25,7404.50,7407.50
1779210900,7407.75,7412.75,7407.50,7412.00
1779211200,7411.75,7415.25,7409.50,7414.25
1779211500,7414.25,7415.00,7406.50,7409.00
1779211800,7408.75,7414.75,7406.50,7406.50
1779212100,7406.75,7411.50,7406.00,7411.25
1779212400,7411.50,7413.50,7408.75,7410.00
1779212700,7410.25,7410.50,7402.00,7406.25
1779213000,7406.50,7406.75,7399.00,7403.75
1779213300,7403.75,7407.00,7401.75,7406.75
1779213600,7406.75,7409.25,7404.75,7408.00
1779213900,7408.00,7410.50,7405.25,7410.00
1779214200,7410.00,7411.75,7408.25,7408.50
1779214500,7408.50,7410.00,7404.50,7406.75
1779214800,7406.75,7407.25,7397.25,7401.50
1779215100,7401.50,7406.25,7396.75,7397.50
1779215400,7397.50,7401.50,7394.25,7399.25
1779215700,7399.50,7402.25,7395.00,7395.50
1779216000,7395.50,7398.25,7393.75,7397.25
1779216300,7397.00,7397.50,7392.00,7395.75
1779216600,7395.50,7395.75,7387.50,7387.50
1779216900,7387.50,7387.50,7380.50,7383.00
1779217200,7382.75,7388.00,7382.25,7384.50
1779217500,7384.50,7393.25,7383.25,7391.25
1779217800,7391.25,7399.50,7390.75,7399.00
1779218100,7399.25,7400.50,7392.00,7392.00
1779218400,7392.00,7393.50,7380.50,7380.75
1779218700,7380.75,7387.50,7377.25,7386.50
1779219000,7386.50,7389.25,7381.50,7382.00
1779219300,7382.00,7383.75,7378.25,7380.50
1779219600,7380.50,7381.00,7376.25,7377.50
1779219900,7377.50,7379.75,7375.00,7377.00
1779220200,7377.25,7377.75,7366.75,7368.00
1779220500,7368.00,7379.25,7365.00,7377.50
1779220800,7377.75,7378.25,7369.50,7370.75
1779221100,7370.50,7376.75,7369.50,7375.25
1779221400,7375.50,7377.50,7373.25,7374.75
1779283800,7394.75,7398.75,7388.75,7394.25
1779284100,7394.25,7394.50,7380.75,7387.00
1779284400,7387.00,7400.75,7384.50,7398.00
1779284700,7398.00,7410.75,7397.00,7398.50
1779285000,7398.50,7405.00,7391.50,7398.25
1779285300,7398.25,7401.25,7394.75,7399.50
1779285600,7399.75,7400.75,7388.75,7389.75
1779285900,7389.75,7391.50,7384.00,7385.75
1779286200,7385.50,7397.75,7376.75,7391.50
1779286500,7391.25,7424.00,7390.25,7411.50
1779286800,7411.50,7420.25,7405.50,7407.50
1779287100,7407.50,7418.00,7403.25,7417.75
1779287400,7417.50,7428.50,7417.50,7420.50
1779287700,7420.50,7423.00,7412.50,7418.00
1779288000,7417.75,7421.50,7414.75,7421.50
1779288300,7421.50,7423.50,7414.50,7418.75
1779288600,7419.00,7427.00,7417.25,7426.00
1779288900,7425.75,7433.50,7424.25,7430.75
1779289200,7430.75,7434.00,7426.50,7427.00
1779289500,7426.75,7429.00,7424.25,7427.50
1779289800,7427.50,7428.25,7425.25,7426.75
1779290100,7426.50,7458.00,7426.50,7442.50
1779290400,7442.50,7446.25,7438.50,7440.50
1779290700,7440.50,7441.50,7430.25,7431.75
1779291000,7431.75,7438.25,7430.75,7438.25
1779291300,7438.25,7440.50,7437.00,7437.75
1779291600,7438.00,7443.25,7435.50,7442.25
1779291900,7442.25,7446.50,7440.75,7446.50
1779292200,7446.50,7448.25,7443.50,7446.25
1779292500,7446.25,7446.50,7437.75,7441.25
1779292800,7441.50,7442.75,7437.50,7441.25
1779293100,7441.50,7444.25,7438.75,7440.50
1779293400,7440.50,7441.75,7437.00,7439.50
1779293700,7439.50,7440.25,7434.00,7435.75
1779294000,7435.75,7436.25,7427.50,7430.75
1779294300,7430.50,7430.50,7423.75,7428.25
1779294600,7428.25,7432.75,7424.50,7425.50
1779294900,7425.75,7429.75,7423.50,7427.25
1779295200,7427.00,7438.00,7426.25,7438.00
1779295500,7438.00,7439.25,7426.75,7430.00
1779295800,7430.00,7433.75,7430.00,7433.25
1779296100,7433.50,7434.75,7425.25,7432.25
1779296400,7433.00,7436.25,7428.50,7429.75
1779296700,7429.50,7431.00,7427.25,7428.75
1779297000,7429.00,7439.75,7426.25,7435.25
1779297300,7435.00,7438.25,7433.75,7436.00
1779297600,7436.00,7438.50,7433.75,7435.25
1779297900,7435.25,7442.50,7434.50,7440.50
1779298200,7440.50,7443.25,7436.75,7438.75
1779298500,7438.75,7446.25,7437.75,7443.00
1779298800,7442.75,7443.50,7440.00,7441.25
1779299100,7441.50,7442.50,7437.75,7440.25
1779299400,7440.25,7441.00,7435.00,7435.00
1779299700,7435.00,7438.50,7434.75,7437.75
1779300000,7437.50,7441.50,7431.25,7439.75
1779300300,7439.50,7443.50,7438.00,7439.00
1779300600,7439.25,7440.50,7437.00,7439.25
1779300900,7439.25,7441.75,7438.50,7439.50
1779301200,7439.25,7440.75,7435.25,7436.25
1779301500,7435.75,7440.00,7434.75,7439.50
1779301800,7439.50,7443.00,7439.50,7442.50
1779302100,7442.75,7447.25,7441.50,7446.00
1779302400,7446.25,7446.50,7436.00,7436.50
1779302700,7436.50,7441.25,7435.25,7439.50
1779303000,7439.75,7441.50,7437.25,7439.25
1779303300,7439.25,7442.00,7439.00,7440.25
1779303600,7440.25,7446.00,7440.00,7440.75
1779303900,7441.00,7443.00,7439.25,7440.75
1779304200,7440.50,7444.25,7438.75,7444.25
1779304500,7444.00,7446.50,7442.75,7445.75
1779304800,7445.50,7448.50,7444.50,7446.25
1779305100,7446.25,7447.50,7445.25,7447.00
1779305400,7447.25,7448.50,7444.25,7447.50
1779305700,7447.25,7454.50,7447.25,7452.75
1779306000,7452.75,7453.25,7450.50,7451.00
1779306300,7451.00,7453.00,7448.50,7449.75
1779306600,7450.00,7453.75,7444.50,7448.75
1779306900,7449.00,7453.00,7446.50,7451.50
1779307200,7451.50,7452.00,7445.50,7447.00
1779307500,7447.25,7450.00,7445.25,7448.50
1779307800,7448.50,7450.50,7444.50,7448.00
1779370200,7423.75,7424.25,7411.25,7422.50
1779370500,7422.25,7423.00,7412.25,7414.00
1779370800,7414.00,7419.50,7410.00,7412.75
1779371100,7413.25,7420.75,7410.75,7412.50
1779371400,7412.50,7434.75,7412.00,7433.50
1779371700,7433.25,7438.75,7428.00,7435.50
1779372000,7435.25,7443.75,7433.25,7438.00
1779372300,7438.00,7441.75,7433.75,7441.50
1779372600,7441.25,7442.00,7429.50,7431.50
1779372900,7431.50,7432.75,7419.25,7419.50
1779373200,7419.50,7421.75,7411.75,7416.00
1779373500,7416.25,7423.50,7414.50,7422.50
1779373800,7422.25,7430.25,7418.50,7421.75
1779374100,7421.75,7428.75,7420.75,7426.50
1779374400,7426.50,7428.00,7417.00,7423.00
1779374700,7422.75,7425.50,7413.50,7419.00
1779375000,7418.75,7423.50,7414.00,7423.25
1779375300,7423.25,7430.00,7421.50,7426.75
1779375600,7426.75,7428.75,7420.75,7422.50
1779375900,7422.50,7423.00,7407.75,7414.00
1779376200,7413.75,7431.25,7409.00,7427.25
1779376500,7426.50,7429.25,7424.00,7427.00
1779376800,7426.75,7431.00,7424.00,7426.00
1779377100,7426.00,7428.25,7424.00,7425.25
1779377400,7425.25,7427.00,7415.00,7416.75
1779377700,7416.75,7427.25,7415.25,7426.75
1779378000,7427.00,7430.75,7424.25,7428.50
1779378300,7428.50,7434.75,7428.25,7434.25
1779378600,7434.25,7435.50,7431.25,7432.50
1779378900,7432.50,7434.00,7429.25,7430.25
1779379200,7430.00,7436.50,7429.75,7434.75
1779379500,7434.75,7437.25,7430.75,7436.75
1779379800,7436.75,7437.00,7429.50,7431.75
1779380100,7431.75,7432.50,7427.50,7429.00
1779380400,7429.00,7430.75,7420.75,7425.50
1779380700,7425.25,7426.75,7422.25,7425.25
1779381000,7425.25,7428.75,7423.50,7427.50
1779381300,7427.50,7429.00,7420.75,7424.25
1779381600,7424.50,7427.25,7422.50,7426.25
1779381900,7426.50,7429.00,7419.75,7422.00
1779382200,7422.00,7424.75,7418.00,7423.00
1779382500,7423.00,7426.50,7422.50,7426.25
1779382800,7426.25,7430.75,7426.25,7427.50
1779383100,7427.50,7430.00,7427.00,7427.50
1779383400,7427.50,7449.25,7427.25,7442.50
1779383700,7442.25,7462.00,7440.75,7454.75
1779384000,7454.75,7468.00,7448.00,7457.25
1779384300,7457.25,7460.25,7455.25,7459.00
1779384600,7458.75,7464.50,7457.00,7460.25
1779384900,7460.50,7466.25,7460.00,7465.50
1779385200,7465.25,7474.00,7465.25,7473.00
1779385500,7473.00,7476.25,7469.00,7475.75
1779385800,7476.00,7484.25,7473.50,7483.50
1779386100,7483.50,7486.75,7474.25,7474.50
1779386400,7474.50,7478.75,7466.00,7467.00
1779386700,7467.00,7474.00,7464.75,7471.75
1779387000,7472.00,7473.00,7465.00,7466.25
1779387300,7466.25,7469.75,7463.00,7469.25
1779387600,7469.25,7473.25,7467.50,7473.00
1779387900,7473.00,7474.00,7469.50,7470.75
1779388200,7470.75,7473.00,7468.25,7470.50
1779388500,7470.25,7471.75,7466.50,7468.25
1779388800,7468.25,7474.75,7468.00,7472.50
1779389100,7472.25,7474.00,7458.00,7461.25
1779389400,7461.50,7467.25,7440.25,7440.75
1779389700,7440.75,7448.25,7438.00,7447.75
1779390000,7447.75,7456.75,7447.25,7456.25
1779390300,7456.25,7462.25,7450.00,7461.75
1779390600,7461.75,7463.25,7457.75,7462.75
1779390900,7462.50,7466.00,7461.75,7465.50
1779391200,7465.50,7466.50,7461.50,7463.75
1779391500,7464.00,7466.50,7461.25,7464.50
1779391800,7464.25,7466.25,7461.00,7461.50
1779392100,7461.50,7466.25,7461.25,7465.00
1779392400,7464.75,7467.75,7458.25,7461.25
1779392700,7461.25,7466.00,7459.25,7463.75
1779393000,7463.75,7467.75,7456.75,7460.25
1779393300,7460.25,7469.75,7457.50,7465.25
1779393600,7465.25,7469.50,7463.25,7467.00
1779393900,7466.75,7470.00,7466.00,7468.00
1779394200,7468.25,7468.50,7466.50,7468.50
1779456600,7496.75,7508.25,7491.00,7506.50
1779456900,7506.50,7514.25,7504.75,7512.75
1779457200,7512.75,7516.25,7503.75,7508.50
1779457500,7508.25,7515.50,7505.00,7508.50
1779457800,7508.25,7509.00,7500.50,7507.00
1779458100,7507.25,7511.25,7501.50,7509.75
1779458400,7510.25,7510.25,7492.00,7496.25
1779458700,7496.00,7496.00,7487.00,7495.50
1779459000,7495.50,7498.00,7489.25,7489.75
1779459300,7489.75,7495.00,7488.00,7488.50
1779459600,7488.75,7490.25,7478.75,7483.75
1779459900,7484.00,7491.50,7483.00,7491.00
1779460200,7491.25,7494.25,7488.50,7493.75
1779460500,7493.75,7497.75,7493.00,7494.50
1779460800,7495.00,7499.75,7493.75,7498.00
1779461100,7498.25,7499.00,7491.75,7495.75
1779461400,7495.75,7496.75,7493.25,7496.75
1779461700,7496.50,7501.75,7495.25,7499.75
1779462000,7499.50,7503.25,7498.75,7502.25
1779462300,7502.50,7506.00,7501.25,7505.00
1779462600,7505.00,7505.75,7501.50,7504.50
1779462900,7504.75,7509.25,7503.25,7509.00
1779463200,7509.00,7509.25,7505.25,7507.25
1779463500,7507.00,7513.50,7505.25,7513.50
1779463800,7513.75,7515.50,7509.75,7510.75
1779464100,7510.75,7513.50,7509.25,7511.25
1779464400,7511.00,7512.50,7508.75,7512.25
1779464700,7512.00,7513.00,7507.75,7508.50
1779465000,7508.50,7512.00,7508.00,7510.75
1779465300,7510.75,7511.75,7508.75,7510.50
1779465600,7511.00,7512.25,7506.75,7510.50
1779465900,7510.50,7511.25,7507.00,7508.00
1779466200,7507.75,7510.25,7506.00,7508.25
1779466500,7508.25,7508.50,7503.50,7503.50
1779466800,7503.75,7508.00,7502.75,7504.00
1779467100,7504.00,7508.25,7503.25,7508.25
1779467400,7508.25,7510.75,7504.25,7504.50
1779467700,7504.75,7508.00,7502.75,7504.25
1779468000,7504.25,7507.25,7503.50,7504.50
1779468300,7504.75,7510.00,7504.50,7506.00
1779468600,7506.25,7509.50,7505.00,7509.25
1779468900,7509.25,7509.50,7505.00,7507.25
1779469200,7507.25,7512.50,7507.25,7512.50
1779469500,7512.50,7513.50,7510.75,7511.75
1779469800,7511.75,7513.00,7510.00,7510.75
1779470100,7510.75,7512.50,7500.50,7503.00
1779470400,7503.25,7508.75,7501.50,7508.00
1779470700,7508.00,7522.50,7507.50,7522.25
1779471000,7522.25,7524.00,7513.25,7513.75
1779471300,7514.00,7518.50,7512.25,7517.50
1779471600,7517.50,7518.25,7514.25,7514.75
1779471900,7514.75,7515.50,7511.25,7512.00
1779472200,7511.50,7512.75,7505.25,7507.50
1779472500,7507.50,7510.75,7506.75,7508.00
1779472800,7508.25,7511.25,7502.75,7505.75
1779473100,7505.50,7508.75,7505.25,7507.75
1779473400,7507.75,7509.25,7504.25,7506.50
1779473700,7506.50,7509.00,7503.75,7507.75
1779474000,7507.75,7510.00,7506.75,7509.25
1779474300,7509.50,7510.25,7506.00,7507.25
1779474600,7507.25,7508.00,7504.75,7507.00
1779474900,7506.75,7508.75,7500.75,7506.00
1779475200,7505.75,7509.00,7505.50,7507.50
1779475500,7507.75,7509.00,7503.50,7504.75
1779475800,7505.00,7508.50,7504.25,7507.50
1779476100,7507.75,7507.75,7505.25,7505.25
1779476400,7505.50,7506.75,7496.00,7499.75
1779476700,7499.75,7500.75,7495.50,7498.75
1779477000,7499.00,7500.50,7495.75,7497.75
1779477300,7498.00,7498.75,7494.50,7498.00
1779477600,7497.75,7497.75,7494.00,7496.00
1779477900,7496.00,7496.25,7489.25,7489.75
1779478200,7490.00,7493.50,7486.75,7492.50
1779478500,7492.50,7495.50,7490.75,7493.00
1779478800,7492.75,7494.00,7487.50,7490.50
1779479100,7490.75,7491.25,7483.75,7489.00
1779479400,7488.75,7492.00,7484.50,7489.00
1779479700,7488.75,7497.00,7488.50,7490.75
1779480000,7491.00,7492.00,7487.25,7490.25
1779480300,7490.00,7493.00,7490.00,7492.75
1779480600,7492.75,7495.00,7492.25,7494.25
1779715800,7558.50,7563.50,7558.25,7563.00
1779716100,7563.25,7564.75,7562.00,7564.75
1779716400,7564.75,7565.00,7563.50,7564.00
1779716700,7564.25,7565.25,7561.75,7563.25
1779717000,7563.50,7564.75,7562.75,7564.75
1779717300,7564.75,7565.75,7564.50,7565.25
1779717600,7565.00,7565.50,7562.75,7563.00
1779717900,7563.00,7564.25,7561.50,7562.00
1779718200,7562.00,7562.75,7560.25,7560.25
1779718500,7560.25,7561.50,7559.75,7560.75
1779718800,7560.50,7560.75,7558.75,7559.50
1779719100,7559.75,7560.25,7558.75,7559.25
1779719400,7559.50,7559.50,7555.25,7556.75
1779719700,7556.50,7557.50,7556.00,7556.25
1779720000,7556.50,7556.50,7554.00,7554.75
1779720300,7554.50,7558.00,7554.00,7557.75
1779720600,7557.50,7558.25,7555.25,7555.75
1779720900,7555.50,7557.00,7554.25,7555.50
1779721200,7555.50,7556.25,7554.25,7555.00
1779721500,7555.25,7555.50,7554.25,7555.50
1779721800,7555.50,7570.00,7555.25,7564.00
1779722100,7564.25,7565.75,7561.25,7562.50
1779722400,7562.75,7564.00,7559.50,7559.50
1779722700,7559.50,7563.75,7558.50,7558.50
1779723000,7558.25,7560.00,7556.75,7559.75
1779723300,7559.75,7560.50,7558.00,7558.00
1779723600,7558.00,7560.25,7557.00,7559.25
1779723900,7559.00,7560.75,7558.50,7560.00
1779724200,7560.00,7560.50,7558.00,7558.25
1779724500,7558.25,7559.25,7557.50,7558.50
1779724800,7558.75,7559.50,7557.00,7558.25
1779725100,7558.25,7559.00,7557.25,7558.00
1779725400,7558.00,7559.25,7557.50,7558.75
1779725700,7559.00,7559.75,7557.25,7557.50
1779726000,7557.50,7557.75,7556.00,7556.50
1779726300,7556.25,7557.25,7555.75,7555.75
1779726600,7555.75,7557.00,7555.25,7556.75
1779726900,7557.00,7558.00,7556.50,7557.50
1779727200,7557.25,7558.75,7556.75,7558.50
1779727500,7558.75,7562.50,7556.50,7562.50
1779727800,7562.25,7563.25,7559.50,7560.00
1779728100,7560.25,7564.75,7559.75,7564.50
1779802200,7534.00,7538.25,7527.25,7528.00
1779802500,7528.00,7533.75,7524.75,7531.00
1779802800,7531.00,7540.75,7530.25,7540.00
1779803100,7540.00,7545.00,7540.00,7543.50
1779803400,7543.50,7544.00,7529.50,7535.00
1779803700,7535.25,7541.50,7534.25,7541.50
1779804000,7541.50,7546.00,7538.75,7545.00
1779804300,7545.00,7548.25,7544.25,7547.25
1779804600,7547.00,7548.50,7544.25,7548.00
1779804900,7548.25,7550.25,7545.25,7549.75
1779805200,7549.75,7552.00,7548.50,7549.25
1779805500,7549.25,7552.75,7546.75,7549.75
1779805800,7549.50,7551.75,7547.25,7548.00
1779806100,7548.00,7555.25,7547.25,7551.25
1779806400,7551.25,7555.25,7551.00,7554.25
1779806700,7554.25,7554.75,7551.00,7551.00
1779807000,7551.00,7554.25,7548.25,7549.50
1779807300,7549.25,7549.75,7545.75,7547.75
1779807600,7548.00,7548.75,7540.00,7541.25
1779807900,7541.25,7543.50,7537.25,7542.75
1779808200,7542.75,7543.50,7538.50,7539.50
1779808500,7539.50,7539.50,7534.00,7537.50
1779808800,7537.50,7538.25,7533.25,7535.00
1779809100,7535.25,7537.75,7530.75,7532.00
1779809400,7531.75,7533.75,7528.75,7532.00
1779809700,7531.75,7533.50,7525.25,7531.75
1779810000,7532.00,7532.50,7526.00,7527.25
1779810300,7527.25,7528.00,7522.50,7524.25
1779810600,7524.25,7525.75,7517.25,7518.75
1779810900,7519.00,7523.75,7517.00,7523.00
1779811200,7523.00,7527.75,7522.75,7526.00
1779811500,7525.75,7527.50,7521.25,7522.25
1779811800,7522.00,7525.00,7519.75,7522.75
1779812100,7522.50,7527.00,7521.50,7526.75
1779812400,7526.75,7528.50,7525.00,7527.75
1779812700,7527.75,7531.25,7527.25,7531.00
1779813000,7531.00,7534.00,7530.25,7533.25
1779813300,7533.25,7534.00,7530.50,7530.50
1779813600,7530.50,7530.75,7525.50,7526.25
1779813900,7526.00,7528.00,7522.00,7522.00
1779814200,7522.25,7526.00,7522.00,7525.75
1779814500,7525.50,7526.50,7523.00,7523.75
1779814800,7523.50,7528.25,7522.50,7524.50
1779815100,7524.50,7526.50,7523.25,7524.50
1779815400,7524.75,7527.50,7523.75,7526.25
1779815700,7526.50,7526.75,7521.00,7521.25
1779816000,7521.25,7523.75,7519.75,7521.00
1779816300,7521.00,7522.00,7518.50,7519.75
1779816600,7519.75,7524.50,7518.25,7524.25
1779816900,7524.25,7525.25,7521.50,7521.75
1779817200,7522.00,7523.25,7519.75,7521.75
1779817500,7522.00,7526.25,7522.00,7525.50
1779817800,7525.50,7527.00,7524.00,7524.00
1779818100,7524.00,7524.75,7521.25,7524.00
1779818400,7523.75,7526.00,7521.50,7525.25
1779818700,7525.50,7527.75,7524.75,7527.50
1779819000,7527.75,7530.75,7527.25,7530.00
1779819300,7530.25,7533.25,7530.00,7533.25
1779819600,7533.25,7533.75,7530.75,7532.50
1779819900,7532.25,7533.50,7529.50,7530.25
1779820200,7530.25,7533.75,7529.75,7533.50
1779820500,7533.25,7533.25,7529.75,7530.75
1779820800,7530.75,7531.00,7527.50,7527.50
1779821100,7527.50,7529.00,7526.25,7526.50
1779821400,7526.75,7529.50,7525.25,7527.25
1779821700,7527.25,7528.25,7523.75,7524.50
1779822000,7524.50,7526.75,7522.00,7525.50
1779822300,7525.75,7528.00,7524.25,7527.75
1779822600,7527.50,7528.00,7525.00,7525.50
1779822900,7525.50,7528.75,7525.25,7528.00
1779823200,7527.75,7529.25,7526.75,7528.50
1779823500,7528.50,7529.50,7527.50,7528.75
1779823800,7528.50,7533.25,7528.50,7532.75
1779824100,7533.00,7536.25,7532.25,7536.00
1779824400,7535.75,7539.00,7535.25,7538.50
1779824700,7538.50,7541.00,7537.00,7539.25
1779825000,7539.50,7542.25,7537.75,7540.25
1779825300,7540.25,7540.75,7534.25,7539.00
1779825600,7539.25,7540.75,7536.75,7537.25
1779825900,7537.25,7538.00,7536.25,7537.25
1779826200,7537.00,7537.75,7536.00,7536.00
1779888600,7542.00,7546.25,7539.25,7542.25
1779888900,7542.00,7544.75,7535.75,7538.75
1779889200,7538.75,7538.75,7525.75,7528.00
1779889500,7528.00,7534.25,7526.50,7528.75
1779889800,7529.00,7537.75,7528.25,7534.50
1779890100,7534.25,7538.50,7531.50,7537.75
1779890400,7538.25,7546.50,7534.75,7545.75
1779890700,7545.50,7546.25,7534.00,7539.25
1779891000,7539.00,7542.25,7535.50,7541.50
1779891300,7541.25,7546.75,7539.75,7545.75
1779891600,7546.00,7547.25,7534.00,7534.50
1779891900,7535.00,7535.00,7528.75,7533.50
1779892200,7533.75,7539.50,7525.75,7536.75
1779892500,7536.50,7543.00,7534.50,7542.75
1779892800,7542.75,7543.75,7535.25,7537.50
1779893100,7537.50,7539.00,7532.75,7532.75
1779893400,7533.00,7537.25,7532.75,7536.00
1779893700,7536.00,7536.25,7528.00,7530.00
1779894000,7530.00,7534.00,7527.00,7530.50
1779894300,7530.75,7534.75,7528.50,7533.00
1779894600,7533.00,7534.75,7531.00,7531.50
1779894900,7531.50,7531.75,7524.25,7524.50
1779895200,7524.50,7528.00,7522.00,7527.50
1779895500,7527.25,7528.75,7525.00,7528.50
1779895800,7528.75,7535.25,7528.00,7531.50
1779896100,7531.50,7532.00,7524.00,7524.25
1779896400,7524.50,7527.75,7518.50,7519.25
1779896700,7519.25,7524.00,7516.50,7519.75
1779897000,7520.00,7526.00,7518.50,7523.75
1779897300,7523.75,7525.75,7520.50,7524.25
1779897600,7524.25,7526.50,7519.00,7520.75
1779897900,7520.75,7528.00,7520.75,7528.00
1779898200,7528.00,7530.75,7527.25,7529.00
1779898500,7529.00,7531.50,7526.75,7527.00
1779898800,7527.00,7531.00,7526.75,7530.50
1779899100,7530.25,7530.50,7528.25,7529.75
1779899400,7529.50,7533.00,7527.75,7531.00
1779899700,7531.25,7534.75,7531.25,7533.75
1779900000,7534.00,7537.50,7533.75,7535.50
1779900300,7535.75,7538.25,7534.75,7538.00
1779900600,7538.00,7539.50,7533.50,7534.00
1779900900,7534.25,7534.25,7529.25,7531.00
1779901200,7531.25,7532.00,7528.00,7528.75
1779901500,7528.75,7529.75,7514.75,7516.00
1779901800,7515.75,7522.25,7515.75,7522.00
1779902100,7522.00,7527.00,7520.50,7526.25
1779902400,7526.00,7527.75,7525.25,7527.25
1779902700,7527.25,7528.25,7524.25,7524.75
1779903000,7524.75,7529.25,7524.50,7529.00
1779903300,7529.00,7532.50,7528.50,7529.75
1779903600,7530.00,7530.50,7526.50,7527.25
1779903900,7527.25,7528.00,7525.00,7528.00
1779904200,7528.00,7532.00,7527.75,7532.00
1779904500,7532.00,7534.00,7530.25,7530.50
1779904800,7530.50,7531.25,7526.50,7528.50
1779905100,7528.50,7531.75,7526.50,7531.50
1779905400,7531.25,7534.00,7530.50,7533.75
1779905700,7533.75,7537.50,7532.25,7536.75
1779906000,7536.75,7539.50,7536.00,7539.00
1779906300,7539.00,7541.50,7538.50,7540.75
1779906600,7540.75,7542.50,7539.25,7540.25
1779906900,7540.50,7541.00,7537.50,7541.00
1779907200,7541.00,7542.75,7539.75,7541.75
1779907500,7541.75,7544.00,7541.50,7541.75
1779907800,7541.75,7544.25,7540.75,7542.00
1779908100,7542.00,7543.75,7541.25,7542.00
1779908400,7541.75,7543.75,7540.00,7543.25
1779908700,7543.25,7545.25,7542.00,7543.75
1779909000,7543.75,7544.25,7542.25,7543.00
1779909300,7542.75,7543.75,7541.25,7542.25
1779909600,7542.50,7543.75,7540.25,7541.00
1779909900,7541.00,7541.00,7536.75,7539.50
1779910200,7539.25,7541.50,7537.25,7539.25
1779910500,7539.50,7542.75,7539.25,7541.75
1779910800,7541.75,7542.75,7539.00,7542.50
1779911100,7542.75,7542.75,7537.25,7537.50
1779911400,7537.25,7541.50,7535.25,7538.00
1779911700,7538.25,7541.50,7536.75,7539.75
1779912000,7540.00,7542.00,7538.50,7540.50
1779912300,7540.50,7542.75,7539.25,7542.25
1779912600,7542.25,7544.00,7541.25,7543.00
1779975000,7535.25,7537.25,7527.75,7530.00
1779975300,7530.00,7530.00,7525.50,7527.25
1779975600,7527.25,7530.25,7525.50,7528.75
1779975900,7528.50,7532.00,7526.00,7527.25
1779976200,7527.25,7537.25,7526.25,7531.75
1779976500,7531.75,7536.25,7530.50,7535.75
1779976800,7535.75,7539.75,7533.50,7536.50
1779977100,7536.25,7540.25,7533.50,7540.25
1779977400,7540.25,7574.00,7535.00,7564.75
1779977700,7564.75,7568.75,7555.50,7564.50
1779978000,7564.75,7566.25,7553.25,7557.50
1779978300,7557.75,7562.00,7556.50,7561.50
1779978600,7561.50,7564.00,7552.50,7553.00
1779978900,7553.00,7556.75,7551.00,7553.25
1779979200,7553.25,7559.00,7552.25,7558.50
1779979500,7558.50,7562.25,7552.25,7557.50
1779979800,7557.50,7563.50,7557.50,7562.00
1779980100,7561.75,7563.00,7558.25,7562.75
1779980400,7562.75,7571.75,7561.50,7571.50
1779980700,7571.75,7573.50,7568.50,7570.00
1779981000,7569.75,7570.75,7566.75,7567.25
1779981300,7567.25,7569.75,7565.00,7568.25
1779981600,7568.25,7571.75,7568.00,7570.75
1779981900,7571.00,7575.50,7570.50,7573.25
1779982200,7573.50,7575.00,7571.75,7574.00
1779982500,7574.25,7576.50,7572.50,7575.25
1779982800,7575.25,7575.50,7572.75,7574.00
1779983100,7574.00,7575.75,7572.25,7573.00
1779983400,7573.00,7576.50,7573.00,7574.50
1779983700,7574.25,7577.00,7573.25,7575.00
1779984000,7574.75,7575.25,7570.75,7573.25
1779984300,7573.25,7575.25,7573.00,7574.75
1779984600,7574.75,7576.25,7573.75,7576.00
1779984900,7576.00,7579.75,7574.00,7579.00
1779985200,7579.00,7582.75,7576.50,7580.75
1779985500,7580.50,7581.75,7577.50,7578.00
1779985800,7578.00,7578.50,7576.00,7576.50
1779986100,7576.50,7577.50,7574.50,7575.75
1779986400,7575.75,7579.00,7575.50,7578.50
1779986700,7578.50,7579.50,7577.00,7577.25
1779987000,7577.25,7578.25,7576.50,7577.25
1779987300,7577.25,7582.00,7577.00,7581.00
1779987600,7581.25,7583.00,7580.25,7581.25
1779987900,7581.25,7582.25,7578.25,7578.25
1779988200,7578.50,7579.25,7576.50,7577.00
1779988500,7576.75,7577.75,7575.00,7575.50
1779988800,7575.25,7579.25,7575.25,7578.50
1779989100,7578.50,7579.25,7576.25,7576.50
1779989400,7576.75,7578.50,7575.50,7576.00
1779989700,7576.00,7578.75,7575.00,7578.25
1779990000,7578.50,7579.75,7577.50,7578.75
1779990300,7579.00,7582.50,7578.50,7582.00
1779990600,7582.00,7583.75,7581.25,7582.50
1779990900,7582.50,7582.50,7580.25,7581.00
1779991200,7581.00,7583.00,7580.00,7582.75
1779991500,7582.75,7583.00,7581.00,7581.00
1779991800,7581.00,7581.25,7578.75,7579.25
1779992100,7579.25,7582.50,7578.00,7580.50
1779992400,7580.25,7582.25,7579.25,7582.25
1779992700,7582.00,7582.75,7581.00,7581.75
1779993000,7581.75,7582.00,7578.75,7579.25
1779993300,7579.00,7579.50,7577.00,7577.75
1779993600,7577.50,7579.25,7576.75,7577.50
1779993900,7577.75,7578.25,7576.00,7577.00
1779994200,7576.75,7579.50,7576.00,7579.25
1779994500,7579.00,7580.00,7576.50,7576.50
1779994800,7576.50,7578.25,7575.25,7578.00
1779995100,7577.75,7579.25,7577.75,7578.25
1779995400,7578.25,7579.50,7576.25,7576.75
1779995700,7576.75,7578.75,7576.00,7577.25
1779996000,7577.50,7580.00,7576.75,7580.00
1779996300,7579.75,7582.25,7579.75,7582.25
1779996600,7582.00,7585.25,7581.75,7584.00
1779996900,7584.00,7586.25,7583.00,7586.25
1779997200,7586.25,7586.50,7582.00,7582.25
1779997500,7582.00,7584.75,7581.50,7582.25
1779997800,7582.00,7584.00,7579.75,7583.00
1779998100,7582.75,7584.25,7580.50,7582.00
1779998400,7582.00,7585.50,7580.25,7585.25
1779998700,7585.25,7588.75,7585.25,7587.75
1779999000,7587.50,7590.25,7587.50,7589.75
1780061400,7590.50,7594.50,7586.75,7591.75
1780061700,7591.50,7598.75,7591.00,7598.50
1780062000,7598.75,7606.00,7597.00,7605.75
1780062300,7605.75,7608.75,7603.75,7607.25
1780062600,7607.25,7610.00,7604.00,7609.75
1780062900,7609.75,7609.75,7606.25,7609.00
1780063200,7608.75,7611.75,7606.00,7607.50
1780063500,7607.75,7609.00,7603.25,7603.75
1780063800,7604.00,7608.50,7602.50,7604.00
1780064100,7604.00,7604.25,7595.50,7598.50
1780064400,7598.50,7600.75,7593.25,7593.50
1780064700,7593.25,7598.00,7589.00,7597.00
1780065000,7597.00,7599.75,7592.75,7599.50
1780065300,7599.50,7600.25,7586.75,7586.75
1780065600,7587.00,7590.25,7581.75,7582.50
1780065900,7582.25,7584.00,7577.50,7580.50
1780066200,7580.50,7598.00,7579.50,7588.75
1780066500,7588.75,7595.75,7588.50,7590.75
1780066800,7590.75,7594.75,7589.25,7594.00
1780067100,7593.75,7598.25,7590.25,7597.25
1780067400,7597.25,7603.75,7597.25,7603.25
1780067700,7603.50,7604.75,7599.00,7599.25
1780068000,7599.25,7600.75,7593.50,7599.25
1780068300,7599.25,7603.25,7595.25,7598.50
1780068600,7598.50,7602.75,7597.75,7600.25
1780068900,7600.25,7603.75,7597.75,7602.00
1780069200,7602.00,7604.00,7595.25,7597.50
1780069500,7597.25,7599.00,7593.25,7596.75
1780069800,7596.75,7599.50,7594.50,7597.00
1780070100,7596.75,7597.75,7593.75,7594.50
1780070400,7594.75,7600.00,7593.50,7599.50
1780070700,7599.75,7603.50,7598.75,7603.00
1780071000,7603.00,7605.25,7602.00,7603.50
1780071300,7603.25,7604.25,7598.25,7599.00
1780071600,7598.75,7603.25,7598.25,7600.50
1780071900,7600.50,7600.50,7597.00,7597.75
1780072200,7597.75,7604.50,7595.25,7603.00
1780072500,7603.00,7608.00,7602.25,7607.00
1780072800,7607.25,7608.75,7604.25,7605.25
1780073100,7605.25,7606.00,7601.75,7602.00
1780073400,7602.00,7602.25,7598.00,7599.75
1780073700,7600.00,7600.50,7595.50,7597.75
1780074000,7598.00,7600.50,7596.00,7596.75
1780074300,7596.75,7598.75,7595.25,7598.00
1780074600,7597.75,7599.75,7595.50,7597.75
1780074900,7597.75,7600.25,7597.50,7598.50
1780075200,7598.25,7599.25,7592.00,7597.00
1780075500,7597.00,7597.25,7593.50,7596.25
1780075800,7596.00,7597.25,7593.50,7595.25
1780076100,7595.25,7596.25,7592.75,7593.75
1780076400,7594.00,7595.00,7590.25,7590.75
1780076700,7590.75,7592.25,7590.00,7591.25
1780077000,7591.00,7593.25,7588.50,7588.50
1780077300,7588.50,7588.75,7582.50,7583.25
1780077600,7583.25,7588.25,7581.75,7588.00
1780077900,7588.25,7590.00,7587.25,7590.00
1780078200,7590.00,7591.75,7586.25,7587.75
1780078500,7588.00,7590.00,7586.25,7589.75
1780078800,7589.75,7593.00,7589.50,7592.50
1780079100,7592.50,7594.50,7591.00,7593.25
1780079400,7593.50,7598.25,7593.25,7597.25
1780079700,7597.25,7598.00,7594.50,7597.00
1780080000,7596.75,7597.50,7593.75,7594.50
1780080300,7594.50,7594.75,7584.50,7588.50
1780080600,7588.75,7590.50,7585.25,7587.50
1780080900,7587.50,7589.25,7584.50,7585.50
1780081200,7585.25,7589.75,7583.75,7589.25
1780081500,7589.25,7593.75,7589.00,7593.25
1780081800,7593.25,7595.75,7592.25,7594.50
1780082100,7594.25,7595.25,7590.25,7592.75
1780082400,7592.50,7596.75,7591.50,7595.50
1780082700,7595.50,7599.50,7593.75,7599.25
1780083000,7599.25,7603.00,7599.00,7602.75
1780083300,7602.75,7605.75,7601.25,7605.00
1780083600,7605.00,7607.00,7602.50,7602.50
1780083900,7602.75,7604.25,7600.25,7602.50
1780084200,7602.50,7604.00,7594.50,7596.25
1780084500,7596.25,7599.00,7593.25,7595.00
1780084800,7595.25,7598.75,7593.00,7598.25
1780085100,7598.50,7599.00,7595.50,7597.50
1780085400,7597.75,7597.75,7594.50,7596.50
1780320600,7583.00,7590.00,7576.00,7586.00
1780320900,7585.75,7594.50,7584.75,7591.25
1780321200,7591.25,7595.00,7587.50,7591.25
1780321500,7591.25,7596.00,7590.75,7592.50
1780321800,7592.75,7596.50,7588.25,7589.50
1780322100,7589.50,7590.75,7584.00,7585.25
1780322400,7585.25,7591.00,7582.00,7585.00
1780322700,7584.75,7593.25,7583.50,7592.25
1780323000,7592.25,7592.75,7584.25,7587.75
1780323300,7587.75,7596.25,7585.25,7587.50
1780323600,7587.25,7593.75,7586.50,7590.25
1780323900,7590.25,7591.75,7586.00,7587.25
1780324200,7587.00,7590.25,7583.75,7585.75
1780324500,7585.75,7587.75,7581.50,7582.25
1780324800,7582.50,7588.00,7581.00,7586.50
1780325100,7586.50,7588.50,7583.00,7585.00
1780325400,7585.00,7587.25,7582.00,7583.75
1780325700,7583.75,7585.00,7581.00,7585.00
1780326000,7585.00,7587.00,7582.75,7586.50
1780326300,7586.50,7591.25,7583.00,7588.50
1780326600,7588.50,7589.50,7585.00,7587.75
1780326900,7587.50,7589.50,7586.00,7587.00
1780327200,7587.00,7592.25,7586.75,7591.00
1780327500,7591.00,7591.50,7588.00,7590.00
1780327800,7589.75,7601.75,7589.75,7598.50
1780328100,7598.75,7602.75,7598.25,7602.50
1780328400,7602.50,7603.00,7600.00,7601.25
1780328700,7601.50,7601.75,7597.25,7597.25
1780329000,7597.50,7600.00,7596.25,7598.25
1780329300,7598.50,7598.50,7595.00,7595.50
1780329600,7595.50,7600.50,7595.50,7597.00
1780329900,7597.25,7597.50,7595.00,7596.00
1780330200,7596.25,7596.25,7591.25,7593.25
1780330500,7593.50,7594.50,7587.00,7592.00
1780330800,7592.00,7595.75,7591.25,7595.50
1780331100,7595.50,7596.75,7593.75,7596.25
1780331400,7596.25,7601.00,7596.00,7599.50
1780331700,7599.75,7600.75,7597.25,7599.75
1780332000,7600.00,7601.00,7598.75,7599.00
1780332300,7599.00,7599.75,7596.75,7599.50
1780332600,7599.25,7607.25,7598.75,7606.75
1780332900,7607.00,7609.25,7606.00,7607.75
1780333200,7607.75,7608.50,7602.50,7602.50
1780333500,7602.75,7604.50,7598.75,7599.50
1780333800,7599.25,7602.50,7599.25,7601.50
1780334100,7601.50,7602.50,7599.50,7601.75
1780334400,7601.75,7605.50,7601.50,7604.50
1780334700,7604.50,7614.00,7603.00,7613.75
1780335000,7614.00,7616.25,7606.75,7608.00
1780335300,7608.00,7613.50,7607.00,7613.00
1780335600,7613.00,7632.75,7612.00,7623.50
1780335900,7623.25,7629.00,7623.25,7625.00
1780336200,7625.00,7628.00,7623.75,7627.75
1780336500,7628.00,7628.25,7623.25,7624.00
1780336800,7624.50,7625.50,7623.75,7624.75
1780337100,7624.75,7626.25,7624.25,7625.50
1780337400,7625.50,7626.75,7622.00,7622.75
1780337700,7622.75,7626.75,7622.25,7626.75
1780338000,7626.75,7627.50,7626.00,7627.00
1780338300,7627.00,7628.25,7626.50,7627.25
1780338600,7627.25,7627.50,7624.25,7626.25
1780338900,7626.25,7627.50,7625.00,7625.50
1780339200,7625.75,7628.00,7625.00,7627.50
1780339500,7627.75,7627.75,7624.50,7624.75
1780339800,7625.00,7625.75,7623.50,7625.00
1780340100,7625.00,7627.25,7624.00,7624.50
1780340400,7624.25,7625.75,7622.75,7625.50
1780340700,7625.50,7626.00,7623.00,7625.00
1780341000,7625.00,7625.50,7623.25,7623.25
1780341300,7623.50,7624.75,7622.75,7623.25
1780341600,7623.25,7625.00,7623.00,7625.00
1780341900,7625.00,7626.75,7624.25,7625.75
1780342200,7625.50,7625.75,7621.00,7621.25
1780342500,7621.25,7622.25,7619.25,7620.75
1780342800,7620.50,7620.75,7617.75,7619.00
1780343100,7619.00,7620.00,7615.00,7615.50
1780343400,7615.75,7617.00,7611.00,7611.50
1780343700,7611.75,7614.25,7610.50,7613.75
1780344000,7614.00,7615.50,7613.25,7614.75
1780344300,7615.00,7616.00,7613.50,7614.25
1780344600,7614.50,7616.25,7613.75,7615.75
1780407000,7598.25,7605.25,7596.50,7602.50
1780407300,7602.50,7603.75,7597.50,7597.75
1780407600,7597.75,7601.25,7595.50,7601.25
1780407900,7601.00,7604.75,7600.75,7604.25
1780408200,7604.25,7605.50,7602.00,7602.75
1780408500,7602.75,7604.50,7601.25,7604.00
1780408800,7604.00,7606.00,7599.25,7605.75
1780409100,7605.75,7607.00,7603.75,7606.75
1780409400,7606.75,7611.50,7606.25,7609.50
1780409700,7609.50,7611.25,7607.75,7611.00
1780410000,7610.75,7612.50,7606.75,7608.00
1780410300,7608.00,7610.50,7603.00,7605.00
1780410600,7605.00,7613.25,7604.75,7613.25
1780410900,7613.25,7616.00,7612.25,7613.00
1780411200,7613.00,7617.25,7611.75,7617.00
1780411500,7617.00,7621.00,7616.00,7620.75
1780411800,7620.75,7624.00,7620.00,7623.25
1780412100,7623.50,7625.25,7621.50,7625.25
1780412400,7625.25,7625.75,7622.00,7622.75
1780412700,7622.75,7629.25,7621.50,7629.25
1780413000,7629.25,7630.00,7626.25,7628.00
1780413300,7628.00,7629.75,7627.25,7629.50
1780413600,7629.50,7632.00,7628.75,7630.00
1780413900,7630.00,7631.00,7626.50,7627.00
1780414200,7626.75,7627.25,7624.75,7625.75
1780414500,7626.00,7628.50,7625.25,7625.75
1780414800,7626.00,7626.50,7623.75,7624.50
1780415100,7624.50,7627.25,7623.75,7625.00
1780415400,7625.25,7626.25,7623.50,7624.75
1780415700,7624.75,7626.50,7623.75,7624.75
1780416000,7624.75,7625.25,7621.50,7623.25
1780416300,7623.25,7626.75,7622.75,7625.00
1780416600,7625.00,7628.00,7624.25,7626.50
1780416900,7626.50,7626.75,7622.75,7623.25
1780417200,7623.25,7624.00,7620.00,7623.25
1780417500,7623.00,7623.50,7620.50,7621.00
1780417800,7621.00,7623.25,7620.00,7620.50
1780418100,7620.50,7621.50,7618.75,7620.00
1780418400,7620.25,7622.25,7620.00,7620.75
1780418700,7620.75,7624.75,7620.50,7624.75
1780419000,7624.75,7626.25,7624.00,7624.50
1780419300,7624.25,7627.25,7624.00,7626.50
1780419600,7626.50,7627.25,7624.50,7626.75
1780419900,7626.75,7627.50,7624.00,7625.50
1780420200,7625.50,7626.75,7623.75,7626.50
1780420500,7626.75,7626.75,7620.50,7621.50
1780420800,7621.75,7622.75,7618.75,7619.25
1780421100,7619.25,7619.50,7617.00,7618.00
1780421400,7618.25,7621.25,7617.50,7618.50
1780421700,7618.50,7619.00,7615.50,7616.00
1780422000,7616.00,7620.00,7615.50,7618.75
1780422300,7618.50,7620.50,7618.25,7620.25
1780422600,7620.00,7621.00,7618.75,7618.75
1780422900,7618.75,7618.75,7616.00,7616.50
1780423200,7616.75,7618.50,7616.00,7617.00
1780423500,7616.75,7620.00,7616.75,7619.50
1780423800,7619.25,7621.75,7618.00,7618.50
1780424100,7618.50,7618.75,7616.50,7617.25
1780424400,7617.25,7619.00,7616.50,7617.75
1780424700,7617.75,7619.00,7616.75,7617.50
1780425000,7617.50,7620.25,7617.00,7618.00
1780425300,7618.00,7618.00,7614.75,7615.00
1780425600,7615.00,7617.25,7614.25,7616.50
1780425900,7616.50,7618.25,7615.75,7618.00
1780426200,7618.00,7619.00,7616.50,7617.50
1780426500,7617.50,7620.00,7617.25,7618.75
1780426800,7618.75,7622.25,7618.75,7622.00
1780427100,7621.75,7622.25,7620.50,7622.00
1780427400,7622.00,7622.75,7620.00,7620.50
1780427700,7620.50,7622.00,7620.25,7621.25
1780428000,7621.25,7623.75,7621.00,7623.50
1780428300,7623.50,7623.75,7620.50,7621.50
1780428600,7621.50,7623.00,7621.00,7622.50
1780428900,7622.50,7623.00,7621.00,7621.25
1780429200,7621.25,7622.25,7620.00,7620.00
1780429500,7620.00,7623.00,7619.50,7622.75
1780429800,7623.00,7625.50,7620.75,7624.00
1780430100,7623.50,7625.25,7622.25,7623.50
1780430400,7623.50,7627.50,7623.25,7627.50
1780430700,7627.50,7630.00,7627.25,7628.00
1780431000,7627.75,7629.00,7626.75,7627.00
1780493400,7608.50,7614.75,7606.75,7609.25
1780493700,7609.25,7609.50,7602.50,7605.75
1780494000,7605.75,7605.75,7591.75,7592.75
1780494300,7592.25,7594.50,7575.25,7578.50
1780494600,7578.25,7589.75,7574.00,7585.00
1780494900,7585.00,7590.00,7584.25,7586.25
1780495200,7586.00,7593.75,7585.25,7590.50
1780495500,7590.50,7592.50,7588.25,7591.25
1780495800,7591.50,7596.50,7591.25,7596.25
1780496100,7596.25,7597.00,7587.00,7589.25
1780496400,7589.50,7593.00,7587.00,7590.25
1780496700,7590.25,7595.25,7590.00,7595.00
1780497000,7594.75,7597.75,7592.00,7592.75
1780497300,7593.25,7597.25,7590.75,7596.25
1780497600,7596.25,7596.25,7591.50,7591.50
1780497900,7591.50,7592.25,7586.25,7587.50
1780498200,7587.25,7591.50,7583.75,7589.50
1780498500,7589.50,7590.50,7586.50,7589.00
1780498800,7589.25,7592.25,7588.75,7590.00
1780499100,7590.00,7590.50,7585.50,7588.75
1780499400,7588.50,7592.00,7586.50,7587.25
1780499700,7587.25,7589.75,7585.75,7587.75
1780500000,7588.00,7589.25,7580.50,7582.75
1780500300,7582.75,7589.00,7580.25,7588.50
1780500600,7588.50,7590.00,7581.75,7583.50
1780500900,7583.50,7584.75,7578.75,7580.50
1780501200,7580.75,7581.50,7578.00,7579.25
1780501500,7579.00,7580.00,7574.75,7579.25
1780501800,7579.00,7582.75,7577.00,7580.00
1780502100,7579.75,7581.50,7577.75,7579.25
1780502400,7579.25,7581.50,7576.75,7580.75
1780502700,7580.50,7582.00,7576.25,7578.00
1780503000,7577.75,7581.00,7577.50,7579.75
1780503300,7579.75,7579.75,7571.75,7576.25
1780503600,7576.00,7576.75,7567.50,7568.25
1780503900,7568.00,7571.50,7565.75,7570.25
1780504200,7570.00,7573.50,7569.00,7571.00
1780504500,7571.00,7571.25,7565.75,7566.00
1780504800,7566.00,7567.75,7562.50,7567.75
1780505100,7567.75,7573.25,7567.50,7572.75
1780505400,7572.75,7575.00,7570.50,7572.50
1780505700,7572.75,7578.75,7571.00,7578.25
1780506000,7578.25,7578.50,7573.00,7574.00
1780506300,7573.75,7578.75,7572.00,7576.00
1780506600,7576.00,7576.75,7568.00,7570.00
1780506900,7569.75,7571.00,7567.00,7568.75
1780507200,7568.75,7572.75,7568.25,7572.50
1780507500,7572.50,7573.75,7570.25,7573.25
1780507800,7573.25,7576.25,7568.75,7576.00
1780508100,7576.25,7578.75,7575.00,7577.25
1780508400,7577.00,7581.00,7576.50,7579.25
1780508700,7579.25,7580.50,7577.75,7579.25
1780509000,7579.50,7583.75,7579.25,7583.75
1780509300,7583.75,7585.00,7582.50,7583.00
1780509600,7583.25,7583.75,7581.00,7582.75
1780509900,7582.75,7583.00,7579.75,7580.75
1780510200,7580.75,7582.25,7578.50,7580.50
1780510500,7580.75,7582.25,7577.00,7582.25
1780510800,7582.25,7584.50,7578.25,7584.25
1780511100,7584.50,7587.75,7584.00,7587.25
1780511400,7587.00,7588.00,7584.25,7584.75
1780511700,7584.50,7586.25,7582.75,7584.75
1780512000,7584.75,7585.25,7583.00,7584.50
1780512300,7584.75,7586.25,7583.25,7583.50
1780512600,7583.25,7585.00,7582.25,7583.75
1780512900,7583.50,7585.00,7582.75,7583.25
1780513200,7583.25,7583.50,7575.75,7577.75
1780513500,7577.75,7581.25,7577.50,7578.75
1780513800,7579.00,7579.25,7574.25,7577.50
1780514100,7577.50,7581.75,7576.25,7578.75
1780514400,7578.50,7579.25,7574.25,7574.25
1780514700,7574.50,7576.00,7573.25,7575.75
1780515000,7575.75,7577.00,7573.50,7575.50
1780515300,7575.50,7581.75,7574.75,7581.00
1780515600,7580.75,7582.75,7579.75,7580.75
1780515900,7580.50,7582.50,7578.75,7581.50
1780516200,7581.25,7582.25,7573.50,7574.25
1780516500,7574.00,7577.00,7568.50,7572.25
1780516800,7572.50,7573.50,7567.50,7569.50
1780517100,7569.25,7569.75,7566.00,7567.75
1780517400,7567.75,7570.00,7566.00,7567.25
1780579800,7548.50,7557.25,7541.75,7556.50
1780580100,7556.25,7561.50,7551.75,7556.75
1780580400,7556.75,7557.50,7547.00,7548.00
1780580700,7548.25,7556.00,7543.50,7553.50
1780581000,7553.25,7561.50,7549.25,7555.25
1780581300,7555.50,7564.50,7553.50,7559.75
1780581600,7559.25,7562.75,7553.25,7553.25
1780581900,7553.50,7556.25,7549.75,7554.50
1780582200,7554.50,7564.25,7554.00,7561.50
1780582500,7561.75,7565.00,7559.25,7559.50
1780582800,7559.50,7569.75,7558.25,7569.75
1780583100,7569.25,7570.50,7566.75,7568.00
1780583400,7567.75,7569.25,7563.75,7567.50
1780583700,7567.50,7568.00,7562.50,7564.25
1780584000,7564.25,7569.50,7564.25,7565.75
1780584300,7565.75,7570.00,7561.25,7565.00
1780584600,7565.00,7567.25,7562.75,7566.25
1780584900,7566.25,7569.75,7565.50,7569.75
1780585200,7569.75,7575.00,7569.50,7572.50
1780585500,7572.75,7582.75,7572.25,7581.50
1780585800,7581.50,7584.00,7579.25,7583.25
1780586100,7583.50,7587.50,7582.50,7584.50
1780586400,7584.25,7585.75,7581.25,7585.25
1780586700,7585.25,7586.50,7583.25,7586.50
1780587000,7586.50,7587.50,7582.75,7584.00
1780587300,7584.25,7585.50,7582.50,7584.25
1780587600,7584.25,7585.25,7579.50,7580.75
1780587900,7580.50,7582.25,7575.75,7577.00
1780588200,7577.00,7581.75,7575.50,7580.25
1780588500,7580.00,7582.50,7578.50,7581.00
1780588800,7581.25,7583.25,7579.50,7582.25
1780589100,7582.25,7591.50,7581.75,7589.75
1780589400,7590.00,7592.00,7589.00,7590.00
1780589700,7590.25,7593.75,7590.00,7592.00
1780590000,7592.00,7595.00,7591.25,7594.25
1780590300,7594.50,7594.75,7591.75,7593.50
1780590600,7593.50,7593.50,7588.50,7591.25
1780590900,7591.25,7596.50,7590.75,7595.50
1780591200,7595.50,7596.75,7593.75,7595.75
1780591500,7595.75,7596.50,7593.75,7595.25
1780591800,7595.25,7597.50,7595.00,7596.75
1780592100,7596.75,7597.50,7596.00,7596.25
1780592400,7596.25,7597.25,7594.00,7595.25
1780592700,7595.25,7597.75,7594.00,7597.25
1780593000,7597.25,7598.00,7595.25,7596.25
1780593300,7596.25,7597.00,7595.00,7596.50
1780593600,7596.50,7597.00,7594.25,7596.25
1780593900,7596.25,7600.00,7596.25,7599.25
1780594200,7599.25,7602.50,7598.50,7600.50
1780594500,7600.50,7600.75,7598.25,7599.25
1780594800,7599.25,7601.25,7599.25,7600.50
1780595100,7600.75,7602.25,7599.25,7602.25
1780595400,7602.25,7603.00,7601.00,7601.75
1780595700,7602.00,7605.50,7601.50,7604.75
1780596000,7604.75,7606.75,7603.75,7605.75
1780596300,7605.50,7606.75,7604.50,7605.50
1780596600,7605.50,7606.75,7604.50,7604.75
1780596900,7605.00,7607.00,7603.50,7606.75
1780597200,7606.75,7607.50,7605.50,7606.00
1780597500,7606.25,7607.25,7605.50,7606.25
1780597800,7606.25,7607.00,7604.25,7606.00
1780598100,7606.00,7607.50,7605.50,7606.00
1780598400,7606.00,7606.50,7605.00,7605.75
1780598700,7605.75,7607.75,7604.75,7606.75
1780599000,7607.00,7607.50,7606.00,7606.25
1780599300,7606.50,7606.50,7603.00,7604.25
1780599600,7604.50,7607.25,7604.25,7607.25
1780599900,7607.00,7609.00,7606.75,7607.25
1780600200,7607.25,7607.75,7605.00,7606.00
1780600500,7606.00,7606.25,7604.00,7605.00
1780600800,7605.25,7608.25,7604.75,7608.00
1780601100,7608.00,7611.50,7607.50,7610.75
1780601400,7610.75,7611.50,7609.25,7609.75
1780601700,7609.75,7611.00,7609.00,7610.25
1780602000,7610.25,7610.25,7606.00,7606.25
1780602300,7606.25,7607.50,7604.50,7606.75
1780602600,7606.75,7608.50,7602.25,7604.25
1780602900,7604.00,7604.25,7598.25,7599.75
1780603200,7599.50,7602.00,7594.25,7595.00
1780603500,7595.00,7596.75,7593.00,7595.25
1780603800,7595.25,7595.75,7593.00,7594.00
1780666200,7548.00,7552.75,7540.50,7550.50
1780666500,7550.50,7550.50,7536.25,7540.25
1780666800,7540.25,7541.00,7526.75,7527.50
1780667100,7527.25,7531.00,7517.50,7518.50
1780667400,7518.50,7525.75,7518.25,7524.25
1780667700,7524.25,7524.75,7510.75,7511.50
1780668000,7511.50,7520.25,7505.75,7513.75
1780668300,7514.00,7522.50,7508.75,7522.00
1780668600,7522.00,7526.50,7517.00,7525.25
1780668900,7525.00,7533.50,7524.75,7533.25
1780669200,7533.25,7533.25,7521.00,7521.25
1780669500,7521.25,7522.00,7512.75,7516.50
1780669800,7516.25,7528.75,7515.00,7528.25
1780670100,7528.25,7531.50,7524.75,7526.00
1780670400,7525.75,7527.50,7516.25,7519.75
1780670700,7519.50,7522.25,7515.00,7518.00
1780671000,7518.00,7522.50,7516.50,7520.50
1780671300,7520.25,7525.00,7518.75,7522.75
1780671600,7523.00,7526.25,7515.75,7519.25
1780671900,7519.25,7520.75,7512.25,7513.50
1780672200,7513.50,7516.50,7507.25,7507.25
1780672500,7507.50,7511.75,7506.25,7511.00
1780672800,7510.75,7512.25,7499.75,7503.25
1780673100,7503.25,7508.00,7502.75,7505.75
1780673400,7505.50,7509.00,7500.75,7501.00
1780673700,7501.00,7503.75,7491.75,7492.50
1780674000,7492.50,7495.00,7488.50,7490.00
1780674300,7490.00,7494.00,7486.25,7488.25
1780674600,7488.00,7493.00,7487.00,7492.00
1780674900,7491.75,7493.50,7488.50,7490.00
1780675200,7490.25,7490.50,7484.00,7485.25
1780675500,7485.25,7485.50,7475.00,7476.50
1780675800,7476.50,7483.00,7474.25,7479.00
1780676100,7478.75,7479.25,7470.25,7472.50
1780676400,7472.50,7479.00,7471.00,7475.75
1780676700,7475.75,7480.00,7471.50,7471.75
1780677000,7471.75,7472.50,7463.00,7466.75
1780677300,7466.75,7470.00,7461.00,7466.75
1780677600,7466.75,7468.50,7453.25,7456.75
1780677900,7456.50,7460.25,7448.75,7460.25
1780678200,7460.25,7471.00,7457.00,7469.75
1780678500,7469.75,7470.50,7464.00,7469.75
1780678800,7470.00,7470.25,7457.25,7463.50
1780679100,7463.00,7463.25,7457.50,7459.50
1780679400,7459.50,7461.00,7453.75,7458.50
1780679700,7458.50,7459.75,7452.50,7457.25
1780680000,7457.25,7466.00,7452.25,7465.00
1780680300,7465.00,7465.50,7458.25,7464.75
1780680600,7464.75,7467.25,7459.75,7466.75
1780680900,7466.50,7474.25,7466.50,7473.75
1780681200,7473.75,7477.75,7460.75,7462.50
1780681500,7462.75,7468.00,7460.50,7464.25
1780681800,7464.25,7466.25,7461.75,7465.50
1780682100,7465.50,7471.75,7464.50,7471.50
1780682400,7471.50,7472.50,7458.25,7458.50
1780682700,7458.25,7460.50,7455.25,7456.75
1780683000,7456.50,7458.75,7445.50,7445.75
1780683300,7446.00,7446.25,7437.25,7438.75
1780683600,7438.75,7444.50,7438.00,7439.75
1780683900,7439.50,7440.00,7429.50,7433.50
1780684200,7433.25,7435.75,7428.50,7430.75
1780684500,7431.00,7432.50,7425.50,7430.50
1780684800,7430.50,7431.00,7421.75,7424.75
1780685100,7424.75,7424.75,7410.25,7421.00
1780685400,7420.75,7423.50,7409.00,7413.75
1780685700,7413.75,7426.25,7412.00,7416.50
1780686000,7416.25,7418.25,7407.00,7415.00
1780686300,7415.00,7415.75,7399.50,7404.50
1780686600,7404.50,7405.25,7393.25,7396.75
1780686900,7396.75,7396.75,7379.75,7388.00
1780687200,7387.75,7393.75,7383.00,7393.50
1780687500,7393.75,7409.25,7393.25,7409.25
1780687800,7409.00,7409.75,7397.00,7404.00
1780688100,7404.00,7413.00,7402.25,7411.75
1780688400,7411.75,7412.50,7394.75,7402.75
1780688700,7402.75,7414.75,7401.00,7412.50
1780689000,7412.50,7423.00,7409.00,7416.50
1780689300,7416.25,7416.25,7397.25,7400.25
1780689600,7400.25,7401.50,7374.00,7378.25
1780689900,7378.00,7379.00,7370.50,7375.25
1780690200,7375.25,7375.25,7364.25,7368.25
1780925400,7457.25,7469.50,7445.00,7445.50
1780925700,7445.50,7450.50,7438.75,7439.50
1780926000,7439.25,7454.25,7437.75,7450.25
1780926300,7450.50,7458.75,7444.00,7448.75
1780926600,7449.00,7460.50,7442.25,7455.25
1780926900,7455.25,7456.75,7431.00,7431.50
1780927200,7431.50,7446.75,7429.00,7435.00
1780927500,7434.75,7448.50,7433.50,7446.25
1780927800,7446.25,7447.75,7437.00,7439.50
1780928100,7439.50,7441.25,7431.50,7438.75
1780928400,7438.75,7446.75,7434.50,7444.50
1780928700,7444.50,7453.25,7442.25,7447.75
1780929000,7447.75,7452.50,7445.75,7451.50
1780929300,7451.75,7459.50,7449.75,7455.25
1780929600,7455.25,7458.00,7442.00,7448.50
1780929900,7448.25,7466.25,7448.25,7458.50
1780930200,7458.75,7466.50,7456.00,7463.75
1780930500,7464.00,7473.50,7459.25,7473.25
1780930800,7473.25,7476.25,7469.00,7469.25
1780931100,7469.25,7476.75,7468.50,7474.25
1780931400,7474.50,7475.25,7469.75,7470.50
1780931700,7470.75,7474.75,7467.00,7471.50
1780932000,7471.50,7473.75,7464.00,7472.25
1780932300,7472.25,7472.25,7453.75,7455.25
1780932600,7455.25,7456.50,7440.75,7444.00
1780932900,7444.00,7458.75,7441.25,7457.25
1780933200,7457.25,7461.75,7453.75,7459.75
1780933500,7459.75,7466.00,7455.25,7456.25
1780933800,7456.00,7464.25,7456.00,7458.00
1780934100,7458.00,7458.00,7447.25,7449.75
1780934400,7450.00,7455.25,7444.00,7451.00
1780934700,7450.75,7454.75,7447.00,7449.00
1780935000,7448.75,7455.00,7445.75,7453.00
1780935300,7453.25,7459.75,7452.50,7459.25
1780935600,7459.25,7462.25,7450.75,7452.50
1780935900,7452.75,7457.00,7443.25,7443.75
1780936200,7444.00,7448.75,7441.25,7441.75
1780936500,7441.75,7446.75,7437.25,7439.75
1780936800,7439.75,7445.75,7438.00,7443.50
1780937100,7443.50,7452.25,7442.25,7447.00
1780937400,7447.25,7449.50,7444.50,7446.25
1780937700,7446.25,7447.25,7441.00,7441.50
1780938000,7441.50,7442.00,7425.50,7429.75
1780938300,7429.75,7437.25,7428.00,7430.75
1780938600,7430.75,7432.25,7423.00,7431.50
1780938900,7431.25,7434.00,7423.00,7426.00
1780939200,7426.00,7431.00,7423.25,7427.00
1780939500,7427.00,7443.00,7425.75,7442.75
1780939800,7442.25,7446.50,7432.25,7438.25
1780940100,7438.25,7439.50,7427.75,7434.25
1780940400,7434.00,7435.75,7426.00,7426.25
1780940700,7426.50,7436.50,7426.25,7436.25
1780941000,7436.25,7439.75,7432.00,7437.25
1780941300,7437.25,7438.00,7431.25,7433.75
1780941600,7433.75,7441.75,7433.50,7438.50
1780941900,7438.50,7445.75,7438.25,7441.25
1780942200,7442.00,7443.50,7432.75,7435.00
1780942500,7435.00,7440.50,7434.75,7438.25
1780942800,7438.50,7441.50,7435.00,7440.00
1780943100,7439.75,7443.50,7438.00,7442.00
1780943400,7442.25,7447.25,7440.00,7440.25
1780943700,7440.25,7443.50,7431.00,7432.00
1780944000,7432.00,7436.00,7430.25,7431.50
1780944300,7431.50,7438.00,7431.25,7432.50
1780944600,7432.75,7436.25,7431.25,7435.00
1780944900,7435.25,7437.75,7431.00,7431.75
1780945200,7432.00,7434.25,7427.25,7432.00
1780945500,7432.00,7434.00,7424.25,7424.25
1780945800,7424.00,7424.50,7414.75,7414.75
1780946100,7415.00,7418.50,7411.50,7414.50
1780946400,7414.50,7419.25,7406.25,7407.25
1780946700,7407.25,7414.75,7403.75,7414.50
1780947000,7414.50,7424.25,7413.50,7417.00
1780947300,7417.25,7421.50,7413.00,7416.25
1780947600,7416.00,7420.00,7411.25,7416.00
1780947900,7415.75,7421.75,7413.50,7415.50
1780948200,7415.75,7422.25,7410.50,7414.75
1780948500,7415.00,7418.25,7411.75,7415.50
1780948800,7416.00,7418.75,7411.25,7417.50
1780949100,7417.50,7419.00,7413.25,7416.00
1780949400,7416.25,7417.75,7412.50,7413.25
1781011800,7458.50,7463.75,7454.50,7458.25
1781012100,7458.50,7470.75,7456.75,7466.00
1781012400,7466.00,7475.50,7463.25,7475.25
1781012700,7475.00,7491.00,7474.00,7489.75
1781013000,7489.50,7490.00,7473.00,7473.75
1781013300,7473.50,7476.75,7464.00,7465.50
1781013600,7465.50,7472.50,7459.50,7462.75
1781013900,7462.75,7469.50,7460.25,7461.25
1781014200,7461.50,7461.50,7435.75,7437.00
1781014500,7437.00,7441.25,7415.50,7422.75
1781014800,7422.75,7441.75,7415.50,7441.00
1781015100,7440.75,7443.50,7429.50,7433.25
1781015400,7433.25,7439.00,7425.00,7433.50
1781015700,7433.50,7437.25,7426.00,7430.75
1781016000,7430.75,7434.25,7405.50,7407.75
1781016300,7407.75,7410.50,7371.75,7374.00
1781016600,7374.00,7387.50,7367.75,7387.25
1781016900,7387.25,7399.50,7379.50,7399.00
1781017200,7399.25,7402.75,7390.75,7391.25
1781017500,7391.50,7401.50,7384.25,7400.75
1781017800,7401.00,7405.50,7390.00,7396.50
1781018100,7396.75,7399.00,7383.25,7384.00
1781018400,7383.75,7388.50,7362.25,7362.50
1781018700,7362.75,7363.25,7329.25,7331.50
1781019000,7331.75,7339.50,7326.00,7334.00
1781019300,7334.25,7339.25,7327.00,7336.00
1781019600,7336.00,7346.25,7333.75,7339.75
1781019900,7339.50,7343.75,7337.25,7341.25
1781020200,7341.00,7349.00,7331.75,7333.00
1781020500,7332.75,7334.50,7311.00,7312.50
1781020800,7312.50,7327.25,7311.00,7317.75
1781021100,7317.50,7319.00,7299.25,7304.75
1781021400,7304.50,7315.00,7299.50,7307.00
1781021700,7307.00,7307.25,7278.75,7281.00
1781022000,7281.25,7296.75,7274.50,7296.25
1781022300,7296.00,7303.00,7290.25,7295.00
1781022600,7295.00,7307.75,7285.00,7294.25
1781022900,7294.50,7305.50,7250.50,7254.75
1781023200,7255.50,7271.00,7247.00,7268.00
1781023500,7268.00,7278.75,7262.50,7270.00
1781023800,7270.00,7276.25,7257.50,7258.25
1781024100,7258.25,7288.25,7257.00,7287.25
1781024400,7287.50,7308.25,7285.25,7305.50
1781024700,7305.25,7309.75,7296.75,7304.00
1781025000,7303.75,7312.00,7293.00,7307.00
1781025300,7307.00,7322.00,7300.50,7320.50
1781025600,7320.25,7334.50,7316.50,7326.00
1781025900,7326.00,7334.00,7320.25,7329.00
1781026200,7328.75,7338.75,7323.25,7338.50
1781026500,7338.50,7347.25,7331.50,7342.50
1781026800,7342.75,7361.00,7340.50,7351.00
1781027100,7351.25,7353.75,7331.00,7333.50
1781027400,7333.50,7353.25,7333.25,7346.50
1781027700,7346.25,7353.25,7345.25,7347.25
1781028000,7347.75,7354.50,7342.50,7347.50
1781028300,7347.25,7359.25,7345.00,7357.50
1781028600,7357.75,7358.00,7347.00,7354.25
1781028900,7354.00,7367.00,7347.50,7365.75
1781029200,7366.00,7373.50,7359.25,7372.50
1781029500,7372.25,7373.25,7361.25,7373.00
1781029800,7373.00,7384.00,7370.50,7378.75
1781030100,7378.75,7384.75,7375.75,7381.25
1781030400,7381.75,7382.00,7364.75,7366.00
1781030700,7366.25,7377.25,7365.00,7377.25
1781031000,7377.25,7384.00,7373.00,7378.50
1781031300,7378.50,7393.50,7377.75,7389.50
1781031600,7389.50,7396.25,7383.00,7395.00
1781031900,7394.75,7398.75,7385.75,7386.50
1781032200,7386.75,7386.75,7373.25,7374.50
1781032500,7375.00,7376.25,7356.50,7358.25
1781032800,7358.50,7365.50,7353.50,7361.50
1781033100,7361.25,7370.50,7356.75,7367.75
1781033400,7367.50,7372.00,7362.00,7367.25
1781033700,7367.50,7368.75,7357.00,7357.75
1781034000,7357.75,7360.75,7347.75,7356.25
1781034300,7356.25,7360.00,7347.50,7352.50
1781034600,7352.75,7384.50,7352.75,7383.75
1781034900,7383.50,7395.25,7382.25,7391.75
1781035200,7391.75,7399.00,7384.00,7399.00
1781035500,7398.75,7399.00,7385.00,7387.50
1781035800,7387.50,7389.50,7383.00,7385.50
1781098200,7355.00,7360.25,7338.25,7338.25
1781098500,7338.50,7373.25,7335.25,7366.50
1781098800,7366.25,7382.50,7353.00,7382.00
1781099100,7382.00,7390.25,7373.75,7386.75
1781099400,7387.00,7387.00,7367.75,7377.00
1781099700,7377.25,7387.75,7373.25,7378.00
1781100000,7378.00,7393.50,7370.75,7386.50
1781100300,7386.25,7395.00,7379.25,7391.75
1781100600,7391.75,7397.00,7385.00,7387.50
1781100900,7387.75,7391.75,7378.50,7386.00
1781101200,7386.00,7404.75,7382.50,7403.00
1781101500,7403.00,7404.75,7386.75,7392.75
1781101800,7392.50,7399.25,7378.25,7399.25
1781102100,7399.00,7400.00,7380.50,7386.00
1781102400,7385.75,7393.25,7376.25,7376.50
1781102700,7376.50,7381.75,7365.50,7370.00
1781103000,7370.25,7377.75,7362.25,7366.75
1781103300,7366.50,7370.00,7343.00,7348.75
1781103600,7349.25,7365.00,7339.75,7351.50
1781103900,7351.50,7353.00,7337.75,7338.50
1781104200,7338.50,7341.00,7326.75,7327.50
1781104500,7327.50,7328.25,7315.50,7322.25
1781104800,7322.25,7344.25,7320.75,7339.00
1781105100,7338.50,7346.25,7334.50,7334.75
1781105400,7334.75,7344.00,7325.75,7330.75
1781105700,7330.75,7337.25,7321.00,7328.50
1781106000,7328.25,7346.25,7324.00,7343.00
1781106300,7343.00,7348.50,7309.75,7320.25
1781106600,7320.00,7337.00,7305.25,7328.25
1781106900,7328.25,7342.00,7321.50,7340.00
1781107200,7340.25,7346.00,7330.50,7336.00
1781107500,7335.75,7341.25,7325.75,7329.75
1781107800,7329.25,7329.75,7319.50,7323.00
1781108100,7322.75,7331.00,7321.50,7325.75
1781108400,7325.75,7329.75,7319.25,7321.75
1781108700,7321.75,7330.00,7320.75,7327.25
1781109000,7327.25,7337.00,7320.50,7336.25
1781109300,7336.75,7344.00,7330.75,7340.25
1781109600,7340.25,7343.50,7324.75,7328.75
1781109900,7328.75,7328.75,7314.50,7320.25
1781110200,7320.00,7331.00,7317.25,7322.75
1781110500,7322.75,7326.00,7315.25,7324.00
1781110800,7324.00,7334.50,7320.50,7332.00
1781111100,7332.00,7332.50,7315.75,7317.00
1781111400,7317.00,7318.00,7307.25,7310.75
1781111700,7310.50,7315.00,7307.00,7310.50
1781112000,7310.00,7316.25,7308.00,7315.50
1781112300,7315.25,7319.00,7311.00,7317.00
1781112600,7316.75,7317.50,7303.25,7309.00
1781112900,7309.50,7309.50,7301.00,7302.25
1781113200,7302.25,7306.50,7298.75,7300.25
1781113500,7300.50,7327.50,7299.00,7324.00
1781113800,7323.75,7326.25,7310.00,7320.50
1781114100,7320.50,7328.75,7318.50,7327.25
1781114400,7327.00,7338.50,7325.75,7337.25
1781114700,7337.50,7338.25,7325.25,7325.75
1781115000,7326.00,7333.25,7324.75,7328.25
1781115300,7328.00,7333.25,7315.00,7318.50
1781115600,7318.25,7325.00,7313.50,7319.75
1781115900,7320.00,7322.00,7314.50,7316.50
1781116200,7316.25,7316.50,7309.25,7311.25
1781116500,7311.00,7312.00,7302.00,7305.75
1781116800,7306.00,7309.25,7301.50,7305.75
1781117100,7306.00,7306.25,7299.00,7300.00
1781117400,7299.75,7301.50,7290.50,7298.00
1781117700,7298.25,7299.50,7290.50,7295.00
1781118000,7295.25,7302.00,7289.25,7294.25
1781118300,7294.25,7302.00,7290.50,7298.50
1781118600,7298.50,7299.50,7288.25,7291.50
1781118900,7291.75,7293.50,7283.50,7286.25
1781119200,7286.00,7286.25,7278.75,7282.50
1781119500,7282.25,7284.00,7276.00,7281.00
1781119800,7281.00,7293.00,7277.75,7290.75
1781120100,7291.00,7298.00,7287.75,7296.25
1781120400,7296.25,7298.75,7287.75,7293.75
1781120700,7294.00,7295.75,7283.75,7290.00
1781121000,7290.00,7300.50,7275.75,7290.00
1781121300,7289.75,7294.00,7275.00,7276.00
1781121600,7276.00,7279.25,7267.00,7274.00
1781121900,7273.25,7275.00,7261.00,7268.00
1781122200,7268.00,7274.25,7267.75,7271.25
1781184600,7308.00,7311.00,7290.75,7292.50
1781184900,7292.75,7302.75,7287.50,7292.25
1781185200,7292.50,7296.50,7283.00,7291.25
1781185500,7291.25,7317.75,7287.25,7305.75
1781185800,7305.75,7335.25,7305.75,7330.25
1781186100,7330.25,7335.25,7313.75,7317.00
1781186400,7317.00,7335.75,7314.50,7330.50
1781186700,7330.50,7330.50,7317.00,7320.50
1781187000,7320.25,7321.75,7297.25,7298.00
1781187300,7298.25,7304.50,7289.00,7290.50
1781187600,7290.50,7316.25,7289.25,7311.25
1781187900,7311.25,7317.50,7296.25,7308.00
1781188200,7307.75,7313.00,7296.25,7302.75
1781188500,7302.75,7320.25,7300.75,7311.00
1781188800,7311.25,7318.50,7305.00,7305.50
1781189100,7305.50,7309.75,7298.00,7301.00
1781189400,7300.75,7302.00,7290.25,7292.75
1781189700,7293.00,7293.00,7270.25,7275.50
1781190000,7275.25,7282.50,7263.00,7278.50
1781190300,7279.00,7292.75,7272.25,7285.75
1781190600,7285.50,7298.25,7284.00,7293.00
1781190900,7293.00,7303.75,7286.25,7292.50
1781191200,7292.75,7307.00,7290.75,7301.75
1781191500,7302.00,7305.75,7291.00,7291.00
1781191800,7291.00,7297.75,7286.25,7294.50
1781192100,7294.75,7308.75,7293.50,7304.25
1781192400,7304.50,7314.25,7293.75,7298.00
1781192700,7298.00,7303.75,7292.50,7296.75
1781193000,7296.75,7297.50,7289.00,7292.00
1781193300,7292.00,7303.00,7287.50,7300.00
1781193600,7300.50,7310.00,7294.75,7299.50
1781193900,7299.50,7312.00,7296.25,7309.75
1781194200,7309.50,7321.00,7307.75,7318.50
1781194500,7318.50,7322.50,7312.75,7317.25
1781194800,7317.25,7319.75,7304.25,7305.00
1781195100,7305.00,7307.25,7297.00,7298.00
1781195400,7298.00,7317.75,7293.25,7312.75
1781195700,7312.50,7318.50,7304.75,7307.00
1781196000,7307.00,7308.75,7302.75,7305.75
1781196300,7305.75,7309.00,7300.50,7302.75
1781196600,7302.50,7303.75,7290.25,7291.00
1781196900,7290.75,7292.25,7284.25,7284.75
1781197200,7285.00,7292.00,7275.00,7278.00
1781197500,7278.00,7288.25,7277.25,7287.25
1781197800,7287.50,7292.00,7281.50,7282.75
1781198100,7283.00,7285.75,7273.50,7276.50
1781198400,7276.25,7281.75,7272.00,7280.00
1781198700,7279.75,7346.50,7278.50,7345.25
1781199000,7345.25,7371.50,7342.00,7362.25
1781199300,7362.50,7366.50,7352.25,7363.00
1781199600,7362.75,7386.50,7358.75,7382.25
1781199900,7382.50,7385.50,7365.25,7368.25
1781200200,7368.25,7369.50,7353.75,7363.25
1781200500,7363.00,7371.25,7357.50,7369.00
1781200800,7369.00,7376.50,7347.50,7352.50
1781201100,7352.75,7359.00,7345.25,7352.00
1781201400,7351.75,7363.00,7350.75,7363.00
1781201700,7362.75,7377.75,7361.00,7375.50
1781202000,7375.50,7375.50,7357.75,7365.50
1781202300,7364.75,7369.50,7362.50,7364.50
1781202600,7364.75,7373.75,7362.75,7365.25
1781202900,7365.25,7369.50,7361.25,7363.00
1781203200,7363.00,7370.50,7360.50,7369.25
1781203500,7369.25,7379.50,7368.00,7378.50
1781203800,7378.50,7383.25,7377.00,7377.50
1781204100,7377.25,7379.50,7371.75,7377.50
1781204400,7377.50,7387.00,7377.25,7384.00
1781204700,7383.75,7385.25,7372.25,7381.25
1781205000,7381.50,7392.75,7380.50,7389.25
1781205300,7389.50,7394.50,7387.25,7393.75
1781205600,7393.75,7396.75,7391.00,7393.00
1781205900,7393.25,7402.00,7391.50,7399.00
1781206200,7399.00,7417.75,7398.75,7416.00
1781206500,7416.00,7419.75,7407.50,7409.00
1781206800,7409.25,7418.50,7406.25,7413.50
1781207100,7413.25,7413.25,7398.50,7399.00
1781207400,7399.25,7404.75,7392.50,7401.75
1781207700,7401.50,7403.75,7393.25,7394.50
1781208000,7394.75,7402.00,7390.25,7397.50
1781208300,7398.00,7405.75,7398.00,7402.75
1781208600,7403.00,7409.75,7399.75,7407.00
1781271000,7423.50,7424.75,7395.50,7401.50
1781271300,7401.75,7411.00,7399.50,7408.75
1781271600,7408.75,7410.00,7374.00,7375.25
1781271900,7375.25,7383.00,7366.50,7373.00
1781272200,7373.00,7382.50,7368.25,7377.25
1781272500,7377.25,7390.75,7375.00,7383.00
1781272800,7383.25,7407.75,7381.75,7404.25
1781273100,7404.50,7419.00,7399.25,7418.25
1781273400,7418.50,7421.75,7404.00,7409.75
1781273700,7409.50,7428.00,7409.25,7419.75
1781274000,7420.00,7425.00,7405.50,7408.00
1781274300,7408.25,7418.50,7408.00,7412.50
1781274600,7412.25,7421.75,7409.25,7414.75
1781274900,7414.50,7429.00,7413.50,7420.75
1781275200,7421.00,7421.50,7395.75,7396.50
1781275500,7396.50,7403.50,7388.25,7391.25
1781275800,7391.25,7434.50,7390.50,7433.50
1781276100,7433.50,7443.50,7426.25,7440.75
1781276400,7440.75,7446.50,7433.00,7437.75
1781276700,7437.50,7445.25,7435.75,7441.25
1781277000,7441.25,7450.50,7438.50,7448.25
1781277300,7448.25,7453.75,7442.50,7453.25
1781277600,7453.50,7461.50,7449.25,7459.75
1781277900,7459.75,7461.00,7454.75,7458.75
1781278200,7458.50,7459.25,7444.50,7444.50
1781278500,7444.75,7455.50,7430.00,7436.50
1781278800,7436.75,7437.50,7424.75,7426.25
1781279100,7426.25,7435.75,7410.75,7412.25
1781279400,7412.25,7429.75,7408.50,7426.50
1781279700,7426.50,7427.00,7401.25,7405.75
1781280000,7405.75,7411.75,7398.50,7406.00
1781280300,7406.00,7415.75,7401.25,7413.50
1781280600,7413.00,7440.00,7406.25,7427.25
1781280900,7427.25,7439.00,7420.00,7423.25
1781281200,7423.00,7428.25,7416.25,7424.00
1781281500,7424.00,7429.00,7418.50,7423.25
1781281800,7423.25,7428.75,7419.25,7427.25
1781282100,7427.50,7428.75,7419.00,7424.00
1781282400,7424.00,7431.75,7420.00,7421.75
1781282700,7421.75,7431.00,7421.25,7430.50
1781283000,7430.25,7432.75,7426.00,7427.25
1781283300,7427.50,7433.25,7420.00,7432.25
1781283600,7432.50,7438.25,7431.00,7437.50
1781283900,7437.50,7447.00,7435.50,7439.50
1781284200,7439.75,7440.75,7429.00,7436.75
1781284500,7437.25,7443.25,7434.25,7442.25
1781284800,7442.25,7444.75,7438.75,7441.25
1781285100,7441.00,7443.00,7433.75,7438.50
1781285400,7438.25,7440.00,7430.75,7431.75
1781285700,7431.50,7437.25,7430.75,7434.50
1781286000,7434.25,7438.25,7431.75,7434.00
1781286300,7434.25,7438.75,7433.25,7435.75
1781286600,7435.75,7438.00,7433.75,7435.50
1781286900,7436.00,7436.00,7426.00,7430.50
1781287200,7430.50,7432.75,7426.50,7428.25
1781287500,7428.25,7430.25,7422.50,7427.25
1781287800,7426.75,7437.75,7426.00,7427.75
1781288100,7427.75,7430.00,7422.00,7424.00
1781288400,7424.00,7427.25,7421.75,7424.75
1781288700,7425.00,7431.25,7422.50,7430.25
1781289000,7430.00,7436.25,7429.50,7434.25
1781289300,7434.00,7435.50,7432.00,7435.50
1781289600,7435.25,7441.25,7435.25,7440.00
1781289900,7440.25,7440.75,7435.00,7437.50
1781290200,7437.50,7439.25,7432.75,7438.50
1781290500,7438.50,7438.75,7427.00,7427.75
1781290800,7427.75,7438.25,7427.00,7437.50
1781291100,7437.50,7439.75,7433.25,7435.75
1781291400,7435.75,7436.25,7430.25,7432.00
1781291700,7431.75,7434.75,7427.50,7434.25
1781292000,7434.00,7435.25,7431.50,7434.25
1781292300,7434.25,7437.50,7431.25,7432.25
1781292600,7432.00,7433.75,7422.75,7423.50
1781292900,7423.25,7435.75,7418.50,7424.00
1781293200,7424.25,7429.50,7421.75,7426.25
1781293500,7426.00,7428.75,7422.50,7427.00
1781293800,7427.00,7430.75,7425.75,7430.00
1781294100,7430.00,7438.00,7429.50,7433.50
1781294400,7433.25,7439.25,7433.00,7437.25
1781294700,7437.25,7440.00,7436.00,7438.75
1781295000,7438.75,7442.50,7438.25,7442.50
1781530200,7535.00,7547.50,7534.00,7543.50
1781530500,7543.25,7551.25,7543.25,7547.75
1781530800,7547.25,7549.50,7542.00,7545.00
1781531100,7545.00,7555.75,7545.00,7554.50
1781531400,7554.75,7557.75,7552.50,7553.75
1781531700,7553.75,7557.50,7549.00,7550.00
1781532000,7550.00,7556.50,7547.25,7553.50
1781532300,7553.50,7556.25,7546.00,7549.00
1781532600,7549.00,7549.75,7541.50,7546.75
1781532900,7547.00,7550.50,7542.75,7549.75
1781533200,7550.00,7551.75,7543.25,7547.25
1781533500,7547.00,7554.00,7546.75,7553.25
1781533800,7553.50,7554.50,7546.50,7549.25
1781534100,7549.00,7552.75,7547.25,7550.50
1781534400,7550.75,7551.25,7547.75,7549.75
1781534700,7550.00,7555.50,7550.00,7552.00
1781535000,7551.75,7557.50,7551.75,7556.25
1781535300,7556.00,7561.00,7555.25,7559.25
1781535600,7559.25,7564.75,7559.00,7563.25
1781535900,7563.25,7564.75,7560.75,7564.00
1781536200,7564.25,7565.00,7561.00,7563.75
1781536500,7564.00,7565.25,7561.75,7563.00
1781536800,7563.25,7567.50,7562.75,7565.50
1781537100,7565.50,7570.00,7565.00,7568.75
1781537400,7568.75,7571.75,7565.00,7565.75
1781537700,7566.00,7571.00,7565.50,7569.75
1781538000,7569.75,7573.00,7568.75,7571.75
1781538300,7572.00,7578.00,7571.75,7577.25
1781538600,7577.25,7579.00,7576.00,7577.50
1781538900,7577.25,7580.25,7576.00,7578.75
1781539200,7579.00,7584.25,7578.25,7581.50
1781539500,7581.50,7582.25,7579.50,7580.25
1781539800,7580.25,7582.25,7577.50,7579.00
1781540100,7579.00,7580.25,7576.50,7578.75
1781540400,7578.75,7582.25,7578.25,7581.50
1781540700,7581.50,7583.00,7579.75,7582.00
1781541000,7582.00,7583.50,7579.00,7579.25
1781541300,7579.25,7581.00,7575.25,7576.25
1781541600,7576.50,7579.75,7574.75,7576.50
1781541900,7576.50,7576.50,7572.25,7574.00
1781542200,7574.00,7576.75,7573.50,7574.00
1781542500,7574.25,7576.75,7573.00,7575.50
1781542800,7575.25,7577.50,7570.25,7575.25
1781543100,7575.25,7576.75,7568.50,7571.00
1781543400,7570.75,7576.00,7570.25,7575.00
1781543700,7574.75,7579.25,7574.00,7576.75
1781544000,7576.50,7580.00,7575.75,7578.50
1781544300,7578.75,7580.75,7576.75,7578.25
1781544600,7578.25,7580.00,7574.25,7576.25
1781544900,7576.25,7578.50,7576.00,7577.00
1781545200,7577.25,7577.50,7574.00,7574.50
1781545500,7574.50,7575.50,7572.75,7574.50
1781545800,7574.50,7575.50,7571.00,7571.00
1781546100,7571.00,7571.25,7567.50,7569.00
1781546400,7569.00,7570.25,7563.50,7565.00
1781546700,7565.00,7569.00,7563.75,7567.25
1781547000,7567.25,7569.75,7566.75,7569.25
1781547300,7569.25,7571.00,7567.75,7568.25
1781547600,7568.00,7568.75,7565.75,7566.75
1781547900,7566.75,7568.25,7563.50,7564.25
1781548200,7564.50,7567.00,7561.25,7565.25
1781548500,7565.50,7570.00,7564.75,7569.25
1781548800,7569.25,7570.75,7567.25,7569.50
1781549100,7569.75,7571.75,7568.50,7569.50
1781549400,7569.25,7570.25,7567.50,7568.75
1781549700,7568.50,7569.75,7566.00,7567.50
1781550000,7567.00,7567.75,7564.50,7565.25
1781550300,7565.25,7566.75,7564.00,7565.50
1781550600,7565.50,7568.25,7564.00,7567.25
1781550900,7567.25,7569.75,7566.00,7566.75
1781551200,7567.00,7567.25,7563.25,7563.75
1781551500,7563.75,7564.50,7560.50,7560.50
1781551800,7560.50,7563.50,7558.75,7559.75
1781552100,7560.00,7560.75,7558.00,7560.25
1781552400,7560.25,7562.25,7559.25,7560.75
1781552700,7560.25,7566.50,7560.00,7564.50
1781553000,7564.25,7564.25,7555.25,7556.75
1781553300,7556.75,7565.75,7551.50,7564.75
1781553600,7564.50,7566.25,7563.25,7564.25
1781553900,7564.25,7564.25,7561.75,7563.50
1781554200,7563.25,7564.00,7561.00,7562.75
1781616600,7561.75,7570.25,7558.50,7568.25
1781616900,7568.50,7570.25,7564.00,7564.00
1781617200,7563.75,7569.00,7563.00,7564.50
1781617500,7564.25,7570.75,7562.75,7567.75
1781617800,7567.75,7569.25,7564.00,7565.75
1781618100,7565.75,7566.50,7555.75,7557.25
1781618400,7557.25,7563.50,7557.00,7562.75
1781618700,7562.75,7566.50,7558.00,7566.50
1781619000,7566.75,7568.00,7561.75,7564.25
1781619300,7564.25,7566.50,7554.25,7555.75
1781619600,7556.00,7559.00,7547.25,7551.25
1781619900,7551.25,7555.00,7546.25,7546.50
1781620200,7546.50,7546.50,7538.25,7541.00
1781620500,7541.00,7551.75,7540.25,7551.50
1781620800,7551.50,7555.25,7548.00,7548.00
1781621100,7548.00,7549.75,7545.00,7546.25
1781621400,7546.50,7552.75,7546.00,7547.50
1781621700,7547.50,7549.00,7540.25,7544.75
1781622000,7544.75,7549.50,7543.50,7548.50
1781622300,7548.75,7551.75,7545.00,7549.75
1781622600,7549.50,7553.00,7546.00,7549.75
1781622900,7549.25,7552.25,7545.00,7545.50
1781623200,7546.00,7548.00,7541.50,7544.75
1781623500,7544.50,7546.50,7538.75,7542.25
1781623800,7542.50,7548.50,7542.25,7547.25
1781624100,7547.50,7550.25,7542.25,7544.25
1781624400,7544.25,7545.75,7539.75,7541.00
1781624700,7540.50,7542.25,7532.75,7538.25
1781625000,7538.25,7548.00,7536.25,7547.25
1781625300,7547.50,7550.50,7543.25,7543.75
1781625600,7543.50,7552.50,7543.00,7549.25
1781625900,7549.50,7552.75,7548.50,7551.25
1781626200,7551.25,7556.25,7549.75,7552.50
1781626500,7552.75,7554.75,7549.00,7552.25
1781626800,7552.50,7555.25,7550.25,7551.25
1781627100,7551.00,7552.50,7547.50,7550.00
1781627400,7549.75,7550.50,7540.50,7541.00
1781627700,7541.25,7544.75,7540.25,7543.75
1781628000,7543.75,7548.25,7541.75,7546.50
1781628300,7546.00,7548.00,7543.00,7543.50
1781628600,7543.75,7546.50,7540.00,7541.75
1781628900,7542.00,7543.25,7538.75,7543.00
1781629200,7543.00,7543.25,7538.25,7540.50
1781629500,7540.50,7541.00,7537.50,7540.25
1781629800,7540.25,7544.00,7539.50,7541.75
1781630100,7541.75,7543.00,7536.50,7537.00
1781630400,7537.00,7539.75,7534.50,7539.25
1781630700,7539.50,7540.25,7536.75,7537.75
1781631000,7537.75,7538.50,7535.00,7536.50
1781631300,7536.75,7537.50,7530.50,7532.25
1781631600,7532.50,7537.00,7530.50,7535.00
1781631900,7534.50,7537.00,7532.25,7537.00
1781632200,7537.00,7541.50,7535.75,7541.00
1781632500,7541.00,7543.00,7536.75,7537.25
1781632800,7537.00,7539.25,7535.75,7537.75
1781633100,7537.75,7538.25,7535.00,7535.50
1781633400,7535.50,7538.25,7535.25,7536.25
1781633700,7536.50,7537.25,7533.25,7535.50
1781634000,7535.50,7537.75,7534.25,7536.25
1781634300,7536.00,7539.50,7536.00,7537.25
1781634600,7537.25,7538.25,7534.00,7534.75
1781634900,7534.50,7538.00,7533.00,7536.50
1781635200,7536.50,7537.75,7535.25,7537.00
1781635500,7537.00,7538.25,7533.50,7533.75
1781635800,7533.75,7535.50,7532.75,7534.00
1781636100,7534.25,7535.75,7531.75,7533.25
1781636400,7533.25,7533.75,7529.00,7532.50
1781636700,7532.25,7532.50,7528.50,7529.00
1781637000,7529.00,7530.25,7523.75,7525.25
1781637300,7525.25,7525.75,7516.50,7525.50
1781637600,7525.50,7530.50,7524.00,7529.50
1781637900,7529.75,7531.25,7525.25,7527.50
1781638200,7527.50,7528.50,7521.75,7522.25
1781638500,7522.25,7526.00,7519.25,7519.75
1781638800,7520.00,7525.75,7518.75,7525.50
1781639100,7525.25,7526.00,7521.00,7523.75
1781639400,7523.75,7528.25,7520.50,7526.50
1781639700,7526.25,7527.50,7514.00,7519.25
1781640000,7519.25,7520.25,7513.00,7515.25
1781640300,7515.50,7518.50,7514.25,7514.50
1781640600,7514.75,7515.50,7513.00,7514.00
1781703000,7527.00,7527.00,7516.25,7521.00
1781703300,7521.00,7524.75,7516.75,7518.00
1781703600,7518.00,7529.50,7515.25,7529.50
1781703900,7529.50,7531.75,7525.25,7525.25
1781704200,7525.25,7529.00,7522.75,7527.25
1781704500,7527.75,7527.75,7512.50,7512.75
1781704800,7512.75,7520.50,7510.00,7518.50
1781705100,7518.50,7524.50,7513.50,7520.50
1781705400,7520.75,7526.50,7517.25,7526.25
1781705700,7526.25,7529.75,7524.75,7527.50
1781706000,7527.00,7535.50,7525.25,7535.25
1781706300,7535.25,7535.25,7528.50,7530.75
1781706600,7530.50,7531.25,7517.50,7521.75
1781706900,7521.50,7522.00,7513.75,7514.25
1781707200,7514.25,7517.50,7506.00,7515.75
1781707500,7515.50,7520.25,7492.50,7507.50
1781707800,7507.75,7516.25,7504.25,7514.50
1781708100,7514.00,7514.50,7503.00,7504.00
1781708400,7504.00,7509.00,7503.00,7505.75
1781708700,7506.00,7508.50,7499.50,7501.25
1781709000,7501.00,7511.50,7500.75,7510.00
1781709300,7510.00,7516.50,7507.25,7511.25
1781709600,7512.00,7515.00,7509.75,7512.25
1781709900,7512.25,7513.75,7509.50,7513.75
1781710200,7513.50,7521.25,7511.50,7519.50
1781710500,7519.25,7521.75,7516.50,7520.75
1781710800,7520.75,7521.75,7515.50,7517.25
1781711100,7517.75,7521.00,7516.75,7520.75
1781711400,7520.50,7523.00,7516.75,7518.00
1781711700,7517.75,7521.75,7516.75,7520.00
1781712000,7520.00,7522.75,7520.00,7521.00
1781712300,7520.75,7521.50,7518.50,7519.75
1781712600,7519.50,7520.00,7516.50,7519.75
1781712900,7519.75,7523.00,7518.00,7523.00
1781713200,7523.00,7524.25,7521.25,7523.00
1781713500,7523.00,7524.00,7520.75,7521.00
1781713800,7521.25,7522.00,7516.75,7517.25
1781714100,7517.25,7520.00,7515.00,7518.75
1781714400,7519.00,7519.00,7513.25,7515.75
1781714700,7515.75,7516.50,7512.75,7514.50
1781715000,7514.25,7516.75,7513.25,7514.00
1781715300,7514.25,7516.50,7512.50,7513.75
1781715600,7513.75,7513.75,7507.00,7508.50
1781715900,7508.25,7510.50,7499.75,7508.00
1781716200,7508.00,7510.50,7506.25,7507.00
1781716500,7506.25,7508.25,7503.75,7508.00
1781716800,7508.00,7510.75,7504.75,7507.50
1781717100,7508.00,7511.75,7506.25,7510.25
1781717400,7510.25,7510.25,7504.50,7505.50
1781717700,7506.00,7511.50,7505.00,7510.00
1781718000,7510.00,7510.00,7506.25,7506.75
1781718300,7507.00,7510.75,7506.00,7510.50
1781718600,7510.25,7520.00,7509.25,7517.75
1781718900,7518.00,7521.75,7515.25,7521.00
1781719200,7519.75,7522.25,7464.75,7465.25
1781719500,7465.00,7482.25,7447.75,7480.50
1781719800,7480.25,7485.25,7473.00,7479.50
1781720100,7479.25,7493.25,7478.75,7489.50
1781720400,7489.50,7491.25,7472.75,7475.00
1781720700,7475.00,7478.75,7466.75,7475.75
1781721000,7475.75,7495.25,7469.00,7470.75
1781721300,7471.25,7502.00,7470.00,7493.50
1781721600,7493.75,7516.75,7490.50,7512.50
1781721900,7512.50,7513.00,7498.75,7501.25
1781722200,7501.25,7506.50,7495.00,7496.50
1781722500,7496.25,7496.50,7464.00,7473.00
1781722800,7473.25,7484.75,7469.50,7473.75
1781723100,7473.75,7480.50,7468.75,7470.25
1781723400,7470.50,7484.00,7456.75,7479.25
1781723700,7479.50,7480.75,7453.50,7453.75
1781724000,7454.00,7454.00,7430.75,7431.00
1781724300,7431.25,7446.50,7430.25,7433.25
1781724600,7433.00,7436.75,7420.75,7421.50
1781724900,7421.75,7432.75,7405.00,7407.75
1781725200,7408.00,7418.00,7405.75,7412.50
1781725500,7413.00,7430.25,7411.25,7421.50
1781725800,7421.00,7426.50,7408.00,7413.50
1781726100,7413.25,7430.50,7412.25,7423.25
1781726400,7423.50,7439.75,7423.25,7430.50
1781726700,7430.75,7431.00,7425.25,7430.25
1781727000,7430.00,7433.50,7421.25,7423.00
1781875800,7559.00,7563.75,7556.00,7558.25
1781876100,7558.00,7561.75,7557.75,7559.75
1781876400,7559.50,7561.00,7557.00,7557.75
1781876700,7557.75,7561.25,7557.00,7559.50
1781877000,7559.75,7560.75,7557.75,7559.00
1781877300,7558.75,7563.00,7558.50,7559.50
1781877600,7559.25,7559.50,7554.00,7559.00
1781877900,7559.00,7560.00,7557.50,7559.50
1781878200,7559.50,7560.00,7557.75,7559.25
1781878500,7559.25,7561.25,7556.00,7561.00
1781878800,7561.00,7561.25,7558.75,7559.25
1781879100,7559.00,7561.00,7558.75,7559.75
1781879400,7559.50,7559.75,7557.25,7559.25
1781879700,7559.25,7563.00,7559.00,7562.00
1781880000,7562.25,7563.75,7561.00,7563.25
1781880300,7563.50,7564.50,7562.75,7563.00
1781880600,7563.00,7565.25,7562.75,7564.75
1781880900,7564.75,7566.00,7564.25,7565.25
1781881200,7565.00,7567.00,7564.25,7566.00
1781881500,7565.75,7568.50,7565.00,7567.75
1781881800,7568.00,7568.25,7565.25,7565.25
1781882100,7565.50,7565.50,7563.75,7564.50
1781882400,7564.50,7565.50,7563.25,7565.00
1781882700,7564.75,7566.00,7564.25,7566.00
1781883000,7566.00,7567.00,7562.75,7563.50
1781883300,7563.50,7563.50,7559.00,7560.50
1781883600,7560.50,7561.50,7558.25,7558.75
1781883900,7558.50,7563.75,7558.50,7563.50
1781884200,7563.25,7565.75,7562.50,7564.00
1781884500,7564.00,7565.00,7563.50,7563.75
1781884800,7563.75,7564.00,7561.50,7562.00
1781885100,7562.25,7562.50,7561.00,7561.00
1781885400,7561.00,7561.25,7559.50,7560.25
1781885700,7560.25,7562.75,7560.25,7562.00
1781886000,7562.00,7564.25,7561.75,7564.25
1781886300,7564.25,7565.00,7563.50,7564.75
1781886600,7564.75,7567.25,7563.50,7566.75
1781886900,7566.75,7566.75,7563.75,7565.25
1781887200,7565.25,7566.25,7564.50,7565.50
1781887500,7565.25,7567.75,7562.50,7563.50
1781887800,7563.25,7564.25,7557.75,7558.00
1781888100,7558.50,7561.75,7554.75,7557.00
1782135000,7573.25,7590.25,7571.50,7578.00
1782135300,7578.25,7595.50,7576.75,7595.50
1782135600,7595.25,7596.75,7576.00,7578.75
1782135900,7578.50,7595.50,7576.50,7591.75
1782136200,7592.00,7593.00,7586.25,7587.50
1782136500,7587.25,7596.50,7584.00,7596.50
1782136800,7596.00,7597.50,7591.00,7593.00
1782137100,7593.25,7597.00,7590.50,7596.75
1782137400,7596.75,7599.25,7589.00,7589.75
1782137700,7590.00,7591.00,7579.25,7581.25
1782138000,7581.00,7581.75,7569.50,7571.75
1782138300,7571.50,7574.75,7560.50,7561.25
1782138600,7561.25,7562.50,7545.75,7550.75
1782138900,7551.00,7556.25,7545.75,7550.50
1782139200,7550.50,7553.50,7540.00,7541.00
1782139500,7541.00,7549.50,7540.50,7544.00
1782139800,7544.00,7546.75,7532.25,7534.25
1782140100,7534.25,7545.00,7527.25,7543.00
1782140400,7543.00,7550.00,7541.25,7546.50
1782140700,7546.50,7547.00,7536.00,7538.50
1782141000,7539.00,7544.75,7536.50,7540.75
1782141300,7540.50,7545.50,7535.25,7537.75
1782141600,7537.75,7546.00,7534.50,7544.25
1782141900,7544.00,7547.00,7537.50,7539.75
1782142200,7539.75,7546.50,7537.75,7542.25
1782142500,7542.25,7548.25,7540.50,7547.75
1782142800,7547.75,7558.00,7547.75,7555.00
1782143100,7555.00,7559.25,7539.25,7540.50
1782143400,7540.50,7546.00,7540.50,7542.00
1782143700,7542.00,7547.25,7540.25,7542.50
1782144000,7542.75,7544.50,7532.00,7533.75
1782144300,7533.50,7539.75,7532.50,7538.25
1782144600,7538.25,7546.50,7537.75,7546.50
1782144900,7546.25,7547.25,7541.00,7546.25
1782145200,7546.25,7550.50,7540.25,7541.75
1782145500,7541.50,7545.75,7540.00,7544.50
1782145800,7544.25,7545.25,7539.00,7539.75
1782146100,7539.75,7541.50,7537.00,7540.50
1782146400,7540.50,7542.00,7536.75,7540.00
1782146700,7540.00,7546.25,7537.75,7546.25
1782147000,7546.00,7548.75,7545.00,7547.25
1782147300,7547.50,7549.75,7543.00,7546.00
1782147600,7546.25,7547.00,7542.50,7544.75
1782147900,7545.00,7545.00,7535.25,7538.25
1782148200,7538.25,7542.25,7537.75,7542.25
1782148500,7542.25,7547.00,7542.00,7546.50
1782148800,7546.50,7549.00,7543.25,7545.00
1782149100,7545.25,7546.50,7542.75,7543.25
1782149400,7543.25,7544.75,7539.00,7541.00
1782149700,7540.75,7541.00,7535.50,7540.50
1782150000,7540.25,7542.00,7538.25,7539.25
1782150300,7539.50,7544.50,7538.25,7543.75
1782150600,7543.75,7549.50,7543.00,7548.25
1782150900,7548.50,7548.50,7542.75,7542.75
1782151200,7543.00,7544.75,7538.50,7541.00
1782151500,7540.75,7545.25,7540.50,7545.25
1782151800,7545.25,7546.75,7542.50,7545.75
1782152100,7545.75,7549.50,7545.75,7548.25
1782152400,7548.25,7553.75,7548.00,7550.00
1782152700,7550.00,7550.50,7544.75,7547.00
1782153000,7547.50,7551.50,7545.25,7546.25
1782153300,7546.00,7548.25,7544.75,7545.00
1782153600,7545.00,7546.00,7540.50,7540.75
1782153900,7541.00,7544.25,7539.75,7543.75
1782154200,7543.75,7544.75,7532.75,7536.50
1782154500,7536.50,7536.50,7531.50,7533.00
1782154800,7533.00,7539.50,7532.25,7537.00
1782155100,7536.75,7537.50,7528.50,7532.50
1782155400,7532.75,7537.00,7531.25,7535.50
1782155700,7535.50,7538.25,7533.75,7537.50
1782156000,7537.50,7538.25,7532.50,7533.25
1782156300,7533.50,7534.50,7530.25,7530.50
1782156600,7530.50,7536.25,7530.25,7533.75
1782156900,7533.75,7534.00,7531.00,7532.25
1782157200,7532.25,7533.25,7528.00,7529.50
1782157500,7529.50,7535.50,7528.75,7535.50
1782157800,7535.25,7545.25,7533.50,7543.75
1782158100,7543.75,7545.75,7536.00,7540.25
1782158400,7540.25,7547.00,7539.00,7545.25
1782158700,7545.25,7546.00,7542.75,7543.50
1782159000,7543.25,7546.00,7542.25,7545.25
1782221400,7429.50,7434.50,7415.00,7432.50
1782221700,7432.25,7439.25,7416.75,7436.75
1782222000,7437.00,7446.75,7430.75,7442.50
1782222300,7442.00,7463.50,7436.00,7457.75
1782222600,7457.75,7465.75,7457.25,7460.00
1782222900,7459.75,7466.25,7454.75,7465.25
1782223200,7465.50,7478.00,7463.75,7474.50
1782223500,7474.75,7480.75,7470.75,7479.00
1782223800,7478.75,7485.25,7476.25,7484.00
1782224100,7483.75,7487.50,7480.00,7486.25
1782224400,7486.25,7491.25,7479.50,7483.00
1782224700,7483.00,7484.75,7475.75,7483.75
1782225000,7483.75,7486.00,7472.25,7476.00
1782225300,7476.00,7482.75,7470.00,7470.50
1782225600,7470.50,7476.25,7466.00,7468.25
1782225900,7468.50,7470.25,7461.25,7467.50
1782226200,7468.00,7474.00,7462.00,7466.00
1782226500,7466.00,7467.75,7459.75,7464.75
1782226800,7464.75,7468.75,7458.50,7459.75
1782227100,7459.75,7461.50,7450.50,7453.75
1782227400,7454.25,7457.00,7451.00,7455.50
1782227700,7455.50,7457.00,7445.75,7446.50
1782228000,7446.50,7449.75,7439.75,7440.00
1782228300,7440.00,7443.00,7436.25,7440.00
1782228600,7439.75,7446.75,7438.00,7443.50
1782228900,7443.75,7449.50,7436.75,7438.75
1782229200,7438.75,7445.75,7435.75,7444.25
1782229500,7444.00,7449.50,7441.75,7444.75
1782229800,7444.75,7456.50,7443.25,7452.75
1782230100,7453.00,7455.75,7447.25,7453.75
1782230400,7454.00,7462.00,7452.75,7461.25
1782230700,7461.00,7467.00,7459.50,7466.25
1782231000,7466.25,7471.50,7466.25,7469.25
1782231300,7469.50,7471.00,7464.00,7465.00
1782231600,7465.00,7469.50,7460.50,7468.25
1782231900,7468.00,7470.50,7465.25,7469.00
1782232200,7469.00,7470.00,7464.50,7466.00
1782232500,7466.00,7470.75,7465.00,7470.25
1782232800,7470.25,7475.25,7470.25,7474.00
1782233100,7474.00,7474.75,7466.25,7469.00
1782233400,7469.00,7469.25,7464.50,7468.75
1782233700,7468.50,7471.75,7465.25,7469.50
1782234000,7469.75,7470.25,7461.50,7462.75
1782234300,7462.75,7465.50,7460.50,7464.75
1782234600,7464.75,7473.00,7464.50,7468.75
1782234900,7469.25,7471.25,7464.75,7466.75
1782235200,7466.75,7476.50,7466.00,7474.50
1782235500,7474.25,7475.00,7470.25,7471.00
1782235800,7471.00,7473.25,7466.75,7473.25
1782236100,7473.25,7476.00,7470.25,7471.25
1782236400,7471.00,7472.50,7466.25,7467.25
1782236700,7467.25,7470.50,7466.00,7468.50
1782237000,7468.50,7469.00,7455.50,7456.25
1782237300,7456.25,7457.75,7452.75,7453.00
1782237600,7453.25,7461.25,7451.75,7456.00
1782237900,7456.25,7457.00,7449.00,7453.25
1782238200,7453.25,7455.75,7452.50,7453.75
1782238500,7453.50,7456.00,7450.25,7451.25
1782238800,7451.50,7454.75,7447.75,7452.75
1782239100,7453.00,7453.00,7448.50,7449.75
1782239400,7449.50,7451.00,7446.50,7447.00
1782239700,7446.75,7448.50,7444.25,7445.00
1782240000,7445.00,7445.00,7433.00,7433.50
1782240300,7433.75,7436.00,7430.25,7435.50
1782240600,7435.50,7441.00,7428.75,7432.75
1782240900,7432.75,7438.50,7429.25,7436.25
1782241200,7436.00,7446.50,7433.75,7446.00
1782241500,7445.75,7452.25,7438.25,7440.75
1782241800,7440.75,7444.75,7438.00,7441.00
1782242100,7441.00,7442.50,7434.00,7434.25
1782242400,7434.50,7448.50,7433.25,7444.75
1782242700,7444.75,7449.75,7442.50,7447.00
1782243000,7447.00,7449.00,7440.25,7447.00
1782243300,7447.00,7448.50,7442.75,7443.00
1782243600,7443.00,7444.25,7438.00,7442.25
1782243900,7442.25,7444.75,7436.25,7444.25
1782244200,7444.25,7453.00,7442.25,7452.50
1782244500,7452.50,7452.50,7432.75,7434.75
1782244800,7435.00,7437.25,7431.75,7436.00
1782245100,7435.75,7442.25,7435.50,7439.75
1782245400,7439.50,7441.25,7438.00,7438.75
1782307800,7447.00,7466.75,7438.00,7463.50
1782308100,7463.50,7468.25,7456.25,7458.50
1782308400,7458.50,7460.50,7442.25,7452.75
1782308700,7452.50,7457.75,7437.00,7450.25
1782309000,7450.25,7472.50,7449.50,7468.50
1782309300,7468.50,7468.75,7453.50,7454.50
1782309600,7454.75,7459.00,7447.75,7450.50
1782309900,7450.50,7460.75,7447.75,7453.00
1782310200,7453.00,7457.75,7446.50,7451.50
1782310500,7451.25,7455.00,7442.50,7444.00
1782310800,7444.25,7460.25,7436.50,7458.50
1782311100,7458.50,7466.00,7455.25,7461.00
1782311400,7461.00,7469.25,7460.75,7465.50
1782311700,7465.50,7468.00,7458.25,7458.75
1782312000,7459.00,7473.50,7457.50,7472.75
1782312300,7472.75,7486.00,7471.75,7479.50
1782312600,7479.75,7487.50,7479.75,7480.75
1782312900,7481.00,7494.25,7478.00,7493.50
1782313200,7493.50,7496.50,7488.00,7490.00
1782313500,7490.00,7491.00,7479.25,7481.25
1782313800,7481.25,7485.25,7476.25,7482.00
1782314100,7481.75,7491.00,7480.25,7488.75
1782314400,7489.00,7490.75,7483.50,7484.00
1782314700,7484.00,7493.75,7478.25,7493.75
1782315000,7493.50,7496.50,7486.00,7489.25
1782315300,7489.25,7492.50,7483.00,7485.50
1782315600,7485.50,7487.75,7478.25,7481.25
1782315900,7481.50,7483.75,7474.50,7483.25
1782316200,7483.25,7489.75,7483.25,7485.00
1782316500,7485.00,7487.25,7478.00,7480.25
1782316800,7480.25,7483.25,7475.75,7477.75
1782317100,7477.50,7481.25,7474.50,7478.25
1782317400,7478.00,7485.50,7476.00,7481.25
1782317700,7481.50,7485.00,7478.00,7480.00
1782318000,7480.00,7484.50,7476.75,7483.00
1782318300,7483.25,7483.25,7476.50,7477.50
1782318600,7477.50,7477.75,7471.50,7473.25
1782318900,7473.00,7476.00,7461.25,7461.50
1782319200,7461.50,7462.25,7455.00,7459.75
1782319500,7459.50,7461.75,7455.50,7459.25
1782319800,7459.50,7464.50,7454.00,7454.00
1782320100,7454.25,7456.25,7450.50,7452.75
1782320400,7453.25,7461.00,7451.00,7460.25
1782320700,7460.25,7460.75,7442.50,7445.75
1782321000,7445.75,7450.00,7442.00,7444.00
1782321300,7444.00,7447.75,7431.00,7433.75
1782321600,7433.75,7434.00,7425.75,7426.75
1782321900,7426.75,7428.00,7415.75,7416.75
1782322200,7416.75,7422.25,7407.75,7418.50
1782322500,7418.50,7424.75,7412.00,7420.25
1782322800,7420.25,7423.75,7413.25,7414.75
1782323100,7414.75,7422.00,7410.25,7420.00
1782323400,7420.25,7421.75,7416.25,7421.25
1782323700,7421.25,7427.25,7412.50,7414.00
1782324000,7414.25,7425.25,7413.00,7421.50
1782324300,7421.50,7429.50,7421.25,7426.00
1782324600,7426.00,7427.50,7421.25,7424.75
1782324900,7424.75,7435.75,7424.50,7433.75
1782325200,7433.75,7439.75,7431.75,7439.50
1782325500,7439.50,7443.25,7437.75,7440.00
1782325800,7440.00,7442.50,7436.25,7439.00
1782326100,7439.25,7439.75,7431.50,7432.75
1782326400,7432.75,7434.50,7424.75,7429.25
1782326700,7429.00,7429.25,7410.75,7414.25
1782327000,7414.00,7418.25,7408.25,7417.50
1782327300,7417.50,7424.50,7412.50,7415.50
1782327600,7415.50,7425.25,7409.50,7422.25
1782327900,7422.25,7422.25,7404.75,7409.25
1782328200,7409.25,7413.25,7404.00,7412.25
1782328500,7412.25,7413.25,7407.75,7412.00
1782328800,7412.00,7414.75,7408.50,7414.75
1782329100,7414.50,7419.50,7414.00,7416.25
1782329400,7416.25,7418.75,7411.50,7413.25
1782329700,7413.50,7416.00,7410.00,7414.00
1782330000,7414.00,7417.25,7405.25,7411.00
1782330300,7411.00,7418.75,7410.50,7417.00
1782330600,7417.00,7427.50,7411.00,7426.75
1782330900,7426.75,7431.50,7417.75,7428.25
1782331200,7428.00,7451.25,7421.25,7450.50
1782331500,7450.50,7465.00,7449.75,7459.75
1782331800,7459.75,7464.50,7457.00,7463.50
1782394200,7485.75,7490.50,7464.50,7469.75
1782394500,7469.75,7477.00,7465.25,7466.25
1782394800,7466.50,7468.00,7436.25,7439.00
1782395100,7439.00,7444.00,7410.50,7424.25
1782395400,7424.75,7432.00,7399.50,7401.75
1782395700,7401.75,7407.00,7390.00,7393.00
1782396000,7393.25,7430.25,7392.25,7427.75
1782396300,7427.75,7445.75,7427.50,7444.75
1782396600,7445.00,7454.50,7436.25,7437.25
1782396900,7437.00,7453.25,7427.75,7452.25
1782397200,7452.00,7462.00,7441.00,7446.25
1782397500,7446.50,7455.75,7444.25,7450.75
1782397800,7450.75,7467.75,7449.25,7460.50
1782398100,7460.50,7465.50,7452.25,7463.00
1782398400,7463.25,7464.00,7444.25,7450.75
1782398700,7450.75,7463.25,7444.00,7460.50
1782399000,7460.25,7475.50,7457.00,7474.50
1782399300,7474.50,7474.75,7447.25,7449.25
1782399600,7449.25,7459.50,7445.50,7458.75
1782399900,7458.75,7462.25,7441.50,7444.00
1782400200,7444.00,7445.75,7422.75,7426.25
1782400500,7426.25,7435.25,7414.25,7433.00
1782400800,7432.50,7444.75,7425.75,7441.25
1782401100,7441.50,7445.25,7433.75,7439.25
1782401400,7439.25,7451.50,7437.25,7438.25
1782401700,7438.25,7446.25,7438.00,7438.25
1782402000,7438.25,7445.50,7435.25,7443.75
1782402300,7443.75,7454.50,7439.00,7440.50
1782402600,7440.25,7446.00,7436.75,7442.50
1782402900,7442.25,7446.00,7436.00,7437.50
1782403200,7438.00,7440.50,7432.75,7438.00
1782403500,7438.00,7450.50,7436.00,7449.75
1782403800,7449.75,7458.25,7448.50,7453.50
1782404100,7453.50,7459.00,7450.25,7451.25
1782404400,7451.25,7453.75,7438.50,7440.75
1782404700,7440.75,7442.50,7435.25,7437.50
1782405000,7438.00,7438.25,7425.00,7429.25
1782405300,7429.25,7431.50,7421.75,7422.75
1782405600,7422.75,7425.00,7415.75,7417.75
1782405900,7417.75,7424.00,7409.75,7423.00
1782406200,7422.75,7425.75,7417.25,7422.00
1782406500,7422.25,7422.50,7415.50,7420.50
1782406800,7420.50,7425.00,7419.50,7419.75
1782407100,7419.75,7423.50,7416.50,7421.75
1782407400,7422.00,7432.75,7422.00,7427.25
1782407700,7427.25,7438.00,7419.75,7419.75
1782408000,7420.25,7426.25,7415.75,7424.25
1782408300,7424.25,7431.75,7423.50,7427.75
1782408600,7427.75,7430.50,7421.00,7424.25
1782408900,7424.50,7430.75,7423.25,7428.25
1782409200,7428.25,7433.25,7420.25,7421.75
1782409500,7421.50,7421.75,7411.25,7413.50
1782409800,7413.25,7423.00,7410.50,7420.50
1782410100,7420.50,7431.25,7418.00,7429.50
1782410400,7429.50,7430.75,7408.25,7414.00
1782410700,7414.50,7431.25,7411.75,7429.50
1782411000,7429.50,7435.50,7424.00,7427.50
1782411300,7427.50,7449.50,7425.00,7443.75
1782411600,7443.75,7447.75,7437.50,7444.75
1782411900,7444.50,7456.75,7444.50,7454.25
1782412200,7454.25,7454.50,7435.00,7435.75
1782412500,7435.50,7442.75,7431.25,7440.00
1782412800,7440.00,7441.00,7433.75,7434.75
1782413100,7434.75,7434.75,7422.25,7431.00
1782413400,7431.00,7439.75,7429.25,7432.50
1782413700,7432.50,7436.50,7430.50,7434.25
1782414000,7434.50,7434.75,7422.75,7425.25
1782414300,7425.25,7428.00,7423.00,7426.25
1782414600,7426.25,7427.75,7418.75,7419.50
1782414900,7419.50,7422.25,7414.25,7418.25
1782415200,7418.25,7422.75,7416.00,7422.50
1782415500,7422.75,7424.75,7416.25,7419.50
1782415800,7419.50,7421.00,7413.25,7417.50
1782416100,7417.50,7417.50,7412.25,7416.75
1782416400,7416.75,7419.25,7411.50,7415.75
1782416700,7415.50,7416.50,7409.50,7413.50
1782417000,7413.25,7422.25,7408.75,7421.25
1782417300,7421.50,7430.00,7414.50,7428.75
1782417600,7428.50,7452.00,7427.75,7440.50
1782417900,7440.50,7443.75,7438.00,7438.50
1782418200,7438.25,7438.50,7436.25,7438.25
1782480600,7381.00,7388.25,7360.00,7370.25
1782480900,7370.25,7383.25,7367.25,7372.75
1782481200,7373.00,7386.50,7368.75,7384.25
1782481500,7384.50,7390.25,7371.25,7379.00
1782481800,7378.75,7389.00,7377.00,7385.75
1782482100,7386.00,7405.50,7384.00,7403.50
1782482400,7401.50,7416.00,7397.75,7415.00
1782482700,7415.00,7424.50,7414.25,7423.25
1782483000,7423.00,7428.25,7417.00,7425.50
1782483300,7425.25,7429.50,7418.00,7419.75
1782483600,7420.00,7436.25,7418.25,7428.25
1782483900,7428.25,7433.25,7426.00,7428.50
1782484200,7428.75,7433.00,7424.00,7427.50
1782484500,7427.50,7428.00,7414.75,7415.25
1782484800,7415.25,7424.75,7409.00,7415.25
1782485100,7415.25,7427.50,7414.00,7422.25
1782485400,7422.25,7425.75,7415.25,7419.00
1782485700,7419.00,7423.50,7411.75,7418.00
1782486000,7418.00,7427.75,7417.75,7421.50
1782486300,7422.00,7425.50,7416.00,7424.50
1782486600,7424.25,7426.00,7413.00,7414.25
1782486900,7414.50,7426.25,7409.50,7424.50
1782487200,7424.50,7432.50,7422.00,7431.50
1782487500,7431.75,7440.75,7430.25,7440.75
1782487800,7440.50,7450.00,7437.50,7439.25
1782488100,7439.25,7453.75,7439.25,7451.50
1782488400,7451.75,7459.25,7449.00,7456.50
1782488700,7456.75,7458.75,7449.00,7449.50
1782489000,7449.75,7454.25,7435.25,7439.00
1782489300,7439.25,7452.25,7437.25,7447.75
1782489600,7447.75,7449.25,7444.50,7447.00
1782489900,7447.00,7447.75,7434.75,7436.25
1782490200,7436.25,7438.75,7431.50,7434.75
1782490500,7434.75,7440.25,7431.25,7433.75
1782490800,7433.75,7434.75,7420.75,7425.50
1782491100,7425.50,7430.00,7424.25,7427.25
1782491400,7427.25,7440.50,7427.25,7439.75
1782491700,7439.50,7441.50,7435.50,7437.50
1782492000,7437.75,7440.00,7433.25,7433.75
1782492300,7433.75,7437.75,7432.00,7437.25
1782492600,7437.25,7443.00,7436.25,7439.75
1782492900,7439.75,7439.75,7436.00,7438.25
1782493200,7438.25,7445.75,7435.00,7442.50
1782493500,7442.75,7452.00,7442.25,7449.75
1782493800,7449.75,7452.50,7442.75,7444.50
1782494100,7444.50,7445.25,7436.25,7438.00
1782494400,7438.00,7440.00,7432.75,7434.00
1782494700,7433.75,7443.25,7431.25,7441.00
1782495000,7440.75,7447.50,7437.50,7439.50
1782495300,7439.50,7439.50,7433.25,7433.50
1782495600,7433.50,7438.75,7429.50,7436.00
1782495900,7435.75,7437.75,7431.75,7431.75
1782496200,7432.00,7436.50,7431.25,7434.25
1782496500,7434.25,7434.50,7427.50,7429.75
1782496800,7430.25,7437.50,7429.50,7435.75
1782497100,7435.75,7439.50,7433.75,7435.00
1782497400,7435.00,7438.00,7432.00,7434.00
1782497700,7434.00,7435.50,7425.50,7427.50
1782498000,7427.25,7430.00,7425.25,7429.00
1782498300,7428.50,7430.00,7420.25,7421.25
1782498600,7421.50,7429.75,7420.50,7427.50
1782498900,7427.50,7428.00,7420.25,7422.00
1782499200,7422.00,7424.50,7420.50,7420.75
1782499500,7420.75,7420.75,7410.00,7413.00
1782499800,7412.75,7413.25,7408.75,7410.25
1782500100,7410.25,7414.25,7405.00,7409.00
1782500400,7409.00,7413.25,7406.75,7407.00
1782500700,7407.25,7417.75,7406.25,7416.00
1782501000,7416.00,7421.00,7412.75,7420.75
1782501300,7420.75,7423.00,7417.00,7420.50
1782501600,7420.50,7422.00,7411.00,7415.75
1782501900,7415.75,7418.00,7414.25,7415.00
1782502200,7415.25,7421.50,7410.50,7419.50
1782502500,7419.50,7421.00,7415.50,7416.25
1782502800,7416.25,7426.75,7416.00,7426.00
1782503100,7426.00,7432.25,7420.25,7423.75
1782503400,7423.75,7429.50,7418.75,7425.00
1782503700,7424.75,7429.50,7369.75,7379.25
1782504000,7379.50,7408.50,7370.50,7400.00
1782504300,7400.25,7403.25,7392.50,7400.75
1782504600,7400.75,7413.50,7399.00,7412.25
1782739800,7457.00,7479.00,7444.50,7478.00
1782740100,7477.75,7478.25,7460.00,7471.25
1782740400,7471.50,7483.75,7464.75,7483.50
1782740700,7483.50,7488.25,7478.50,7479.00
1782741000,7479.25,7489.75,7474.00,7479.50
1782741300,7479.50,7480.75,7453.75,7458.75
1782741600,7458.50,7460.75,7448.25,7449.75
1782741900,7449.75,7450.75,7435.25,7439.50
1782742200,7439.50,7442.50,7415.25,7415.50
1782742500,7415.50,7428.50,7409.00,7425.75
1782742800,7425.75,7434.50,7421.50,7430.50
1782743100,7430.25,7450.75,7430.00,7449.50
1782743400,7449.75,7465.75,7448.00,7463.00
1782743700,7462.75,7466.50,7457.50,7460.75
1782744000,7460.50,7468.00,7457.25,7459.50
1782744300,7459.75,7460.00,7447.75,7455.50
1782744600,7455.50,7472.50,7455.00,7469.00
1782744900,7468.75,7468.75,7460.50,7468.00
1782745200,7468.00,7469.50,7461.25,7463.00
1782745500,7463.00,7465.00,7459.25,7461.25
1782745800,7461.25,7464.25,7454.50,7464.00
1782746100,7464.25,7467.00,7458.50,7459.00
1782746400,7459.00,7464.50,7453.00,7456.50
1782746700,7456.75,7468.00,7454.75,7467.25
1782747000,7467.00,7469.75,7464.50,7465.75
1782747300,7465.50,7471.00,7461.50,7470.00
1782747600,7470.00,7475.00,7466.75,7474.25
1782747900,7474.25,7474.50,7467.75,7469.00
1782748200,7469.00,7472.00,7467.25,7470.25
1782748500,7470.25,7476.25,7468.00,7475.00
1782748800,7475.25,7479.50,7474.50,7479.25
1782749100,7479.25,7481.75,7476.50,7478.25
1782749400,7478.25,7480.00,7474.50,7475.50
1782749700,7475.50,7478.00,7474.75,7476.00
1782750000,7475.75,7478.50,7474.00,7478.25
1782750300,7478.25,7479.25,7473.00,7474.00
1782750600,7474.00,7475.75,7470.00,7471.25
1782750900,7471.50,7474.75,7470.25,7474.75
1782751200,7474.75,7476.25,7473.50,7475.50
1782751500,7475.25,7476.75,7472.00,7475.00
1782751800,7475.00,7480.00,7474.25,7479.25
1782752100,7479.00,7479.50,7476.50,7477.50
1782752400,7477.50,7481.50,7477.25,7480.75
1782752700,7480.75,7484.50,7480.25,7483.50
1782753000,7483.50,7492.75,7483.25,7490.25
1782753300,7490.25,7493.75,7489.25,7491.25
1782753600,7491.50,7494.75,7485.25,7485.75
1782753900,7485.75,7492.50,7485.00,7491.50
1782754200,7491.75,7496.75,7490.00,7493.00
1782754500,7493.00,7494.75,7490.00,7493.25
1782754800,7493.25,7494.75,7492.75,7493.00
1782755100,7493.25,7496.25,7491.25,7495.00
1782755400,7495.25,7498.75,7494.00,7495.75
1782755700,7495.75,7497.50,7491.75,7494.25
1782756000,7494.25,7498.00,7492.25,7496.00
1782756300,7496.00,7497.75,7494.25,7495.25
1782756600,7495.25,7497.25,7494.25,7495.75
1782756900,7495.50,7496.50,7493.50,7494.00
1782757200,7494.00,7496.00,7491.50,7494.00
1782757500,7493.75,7494.00,7491.25,7492.25
1782757800,7492.25,7497.25,7491.75,7496.25
1782758100,7496.25,7499.50,7495.25,7497.75
1782758400,7498.00,7500.75,7496.75,7499.75
1782758700,7499.75,7502.25,7498.75,7499.50
1782759000,7499.50,7499.75,7496.75,7498.50
1782759300,7498.50,7499.25,7495.25,7497.00
1782759600,7496.75,7499.25,7494.75,7495.75
1782759900,7495.75,7499.25,7495.00,7497.50
1782760200,7497.25,7497.75,7494.75,7495.50
1782760500,7495.25,7497.50,7493.00,7495.75
1782760800,7495.75,7500.50,7495.75,7499.00
1782761100,7499.00,7499.75,7497.75,7497.75
1782761400,7497.75,7498.50,7493.50,7494.00
1782761700,7494.00,7496.75,7493.75,7496.25
1782762000,7496.25,7498.75,7493.50,7495.25
1782762300,7495.25,7497.50,7494.75,7497.25
1782762600,7497.50,7499.75,7491.50,7492.50
1782762900,7492.75,7505.00,7491.75,7497.00
1782763200,7497.00,7499.00,7491.75,7495.25
1782763500,7495.00,7496.75,7494.25,7495.75
1782763800,7495.75,7498.50,7495.25,7497.75
1782826200,7500.00,7506.75,7495.75,7500.25
1782826500,7500.25,7508.00,7498.25,7501.75
1782826800,7501.50,7510.50,7499.25,7506.00
1782827100,7506.00,7510.50,7503.50,7507.00
1782827400,7507.00,7522.00,7505.75,7518.75
1782827700,7518.75,7527.00,7518.25,7526.75
1782828000,7526.75,7532.75,7515.50,7532.50
1782828300,7532.50,7532.50,7520.75,7522.75
1782828600,7522.75,7526.25,7518.75,7523.75
1782828900,7523.50,7526.25,7520.25,7523.25
1782829200,7523.50,7532.25,7522.00,7530.75
1782829500,7530.75,7533.50,7527.00,7532.50
1782829800,7532.50,7541.25,7532.00,7541.25
1782830100,7541.25,7541.75,7531.00,7533.50
1782830400,7533.50,7537.25,7529.00,7535.50
1782830700,7535.75,7535.75,7523.75,7526.00
1782831000,7526.25,7530.25,7520.25,7521.00
1782831300,7521.00,7524.50,7516.50,7520.50
1782831600,7520.50,7530.75,7519.75,7529.25
1782831900,7529.25,7532.75,7525.25,7532.00
1782832200,7532.00,7536.75,7530.75,7535.50
1782832500,7535.50,7536.25,7531.00,7533.25
1782832800,7533.25,7540.00,7533.00,7539.50
1782833100,7539.25,7541.50,7537.50,7540.50
1782833400,7540.50,7542.75,7538.25,7542.25
1782833700,7542.25,7542.75,7536.00,7537.00
1782834000,7536.75,7540.25,7535.50,7537.50
1782834300,7537.75,7544.50,7537.75,7541.25
1782834600,7541.50,7545.00,7540.00,7544.25
1782834900,7544.25,7547.75,7543.50,7545.75
1782835200,7545.75,7549.50,7545.25,7548.00
1782835500,7548.25,7552.25,7547.75,7548.50
1782835800,7548.50,7551.00,7548.25,7550.50
1782836100,7550.50,7554.50,7549.50,7551.50
1782836400,7551.75,7553.25,7550.25,7551.75
1782836700,7552.00,7552.00,7550.25,7550.50
1782837000,7550.50,7552.00,7548.75,7549.75
1782837300,7550.00,7552.00,7549.00,7551.75
1782837600,7551.75,7553.75,7551.00,7553.00
1782837900,7553.25,7555.75,7552.25,7555.25
1782838200,7555.50,7558.25,7554.00,7557.00
1782838500,7557.25,7557.75,7554.25,7555.50
1782838800,7555.75,7559.50,7555.50,7557.75
1782839100,7557.75,7558.50,7556.00,7556.50
1782839400,7556.50,7557.00,7553.25,7553.50
1782839700,7553.75,7555.25,7552.50,7553.75
1782840000,7554.00,7556.50,7553.25,7554.00
1782840300,7554.25,7554.75,7550.75,7552.25
1782840600,7552.50,7554.25,7550.50,7553.25
1782840900,7553.00,7553.50,7548.50,7549.25
1782841200,7549.00,7553.50,7549.00,7553.50
1782841500,7553.50,7554.00,7550.50,7551.00
1782841800,7551.00,7553.50,7550.00,7551.75
1782842100,7551.75,7553.00,7551.25,7552.00
1782842400,7552.25,7556.00,7550.75,7554.25
1782842700,7554.25,7555.25,7550.50,7554.00
1782843000,7553.75,7556.00,7553.25,7555.25
1782843300,7555.25,7557.25,7554.00,7556.75
1782843600,7557.00,7558.25,7556.00,7556.00
1782843900,7556.25,7556.75,7554.25,7555.50
1782844200,7555.25,7555.75,7553.25,7554.50
1782844500,7554.50,7556.25,7554.00,7555.00
1782844800,7555.00,7559.25,7554.75,7557.25
1782845100,7557.25,7561.00,7555.75,7560.50
1782845400,7560.75,7562.25,7557.50,7558.75
1782845700,7558.75,7560.75,7558.25,7558.50
1782846000,7559.00,7561.25,7558.25,7559.50
1782846300,7559.75,7563.75,7558.50,7562.50
1782846600,7562.25,7565.00,7560.50,7564.50
1782846900,7564.75,7567.75,7563.25,7563.50
1782847200,7563.75,7565.50,7562.00,7563.50
1782847500,7563.25,7564.00,7560.25,7561.25
1782847800,7561.50,7562.00,7558.25,7558.75
1782848100,7558.50,7559.00,7554.25,7556.25
1782848400,7556.00,7558.25,7554.75,7557.75
1782848700,7558.00,7560.25,7554.50,7555.50
1782849000,7555.25,7561.25,7553.00,7560.25
1782849300,7560.25,7564.00,7544.50,7544.75
1782849600,7545.00,7552.50,7542.00,7551.50
1782849900,7551.50,7553.25,7547.75,7549.75
1782850200,7549.75,7549.75,7542.00,7545.25
1782912600,7532.00,7534.00,7507.25,7508.75
1782912900,7508.75,7517.00,7506.00,7513.75
1782913200,7513.75,7520.00,7510.00,7514.75
1782913500,7514.75,7524.25,7511.25,7519.75
1782913800,7519.75,7532.50,7519.00,7531.00
1782914100,7530.50,7537.00,7528.00,7536.00
1782914400,7537.00,7540.00,7533.00,7537.25
1782914700,7537.50,7546.50,7536.50,7544.50
1782915000,7544.25,7552.50,7543.50,7549.75
1782915300,7550.00,7552.00,7546.75,7551.00
1782915600,7550.75,7553.50,7549.75,7551.50
1782915900,7551.50,7553.75,7550.25,7551.75
1782916200,7551.75,7552.50,7543.50,7546.25
1782916500,7546.50,7552.75,7543.25,7552.25
1782916800,7552.50,7555.50,7548.00,7549.75
1782917100,7549.75,7550.25,7540.00,7548.25
1782917400,7548.00,7554.00,7547.50,7552.50
1782917700,7552.25,7553.50,7547.00,7553.50
1782918000,7553.25,7562.75,7552.25,7561.50
1782918300,7561.25,7564.50,7557.75,7560.50
1782918600,7560.50,7564.50,7558.50,7564.25
1782918900,7564.50,7570.50,7563.75,7568.50
1782919200,7568.75,7574.75,7568.50,7573.00
1782919500,7572.75,7577.75,7572.25,7577.50
1782919800,7577.25,7578.50,7570.50,7570.75
1782920100,7570.75,7573.00,7567.50,7570.75
1782920400,7570.75,7573.75,7569.25,7572.50
1782920700,7572.75,7573.75,7568.00,7569.25
1782921000,7569.25,7573.00,7568.00,7569.75
1782921300,7569.75,7573.25,7568.00,7572.50
1782921600,7572.50,7576.00,7571.50,7572.50
1782921900,7572.75,7575.50,7571.00,7573.25
1782922200,7573.25,7576.00,7571.50,7575.75
1782922500,7575.50,7576.50,7573.00,7575.75
1782922800,7575.50,7579.00,7574.25,7577.00
1782923100,7577.25,7578.25,7574.00,7574.25
1782923400,7574.50,7576.75,7574.25,7574.75
1782923700,7574.75,7575.00,7569.75,7570.00
1782924000,7569.75,7571.50,7567.25,7570.50
1782924300,7570.75,7572.75,7567.50,7567.50
1782924600,7567.50,7570.00,7563.00,7565.00
1782924900,7565.25,7565.75,7557.50,7559.75
1782925200,7559.75,7564.00,7558.25,7559.50
1782925500,7559.25,7560.25,7554.50,7559.50
1782925800,7559.25,7563.00,7557.00,7562.75
1782926100,7562.75,7565.75,7561.50,7565.00
1782926400,7565.25,7567.50,7564.75,7566.75
1782926700,7566.75,7568.50,7563.50,7564.00
1782927000,7564.00,7566.50,7561.00,7563.00
1782927300,7563.00,7565.50,7561.00,7564.00
1782927600,7564.25,7564.75,7559.25,7559.50
1782927900,7559.25,7561.00,7557.25,7558.75
1782928200,7559.00,7562.00,7557.00,7560.50
1782928500,7560.75,7560.75,7556.25,7556.75
1782928800,7556.75,7561.50,7556.00,7561.50
1782929100,7561.25,7561.50,7557.25,7559.50
1782929400,7559.50,7559.75,7555.25,7555.50
1782929700,7555.50,7557.25,7551.50,7556.75
1782930000,7557.00,7559.50,7555.50,7559.25
1782930300,7559.00,7560.25,7556.00,7556.00
1782930600,7556.00,7557.50,7554.75,7556.75
1782930900,7556.75,7558.50,7555.50,7557.25
1782931200,7557.25,7558.00,7555.25,7556.50
1782931500,7556.50,7557.00,7551.25,7554.00
1782931800,7554.00,7555.00,7549.25,7549.75
1782932100,7549.50,7554.25,7549.25,7553.25
1782932400,7553.50,7558.00,7552.75,7557.75
1782932700,7557.75,7561.75,7557.25,7561.00
1782933000,7561.25,7561.25,7557.00,7558.50
1782933300,7558.50,7561.00,7557.75,7559.00
1782933600,7559.00,7560.00,7557.50,7559.50
1782933900,7559.75,7559.75,7553.75,7553.75
1782934200,7553.75,7557.50,7553.75,7555.50
1782934500,7555.50,7555.75,7551.75,7552.75
1782934800,7552.50,7553.00,7548.75,7550.50
1782935100,7550.50,7551.00,7547.00,7549.25
1782935400,7549.00,7552.50,7543.00,7546.75
1782935700,7546.50,7547.50,7536.50,7541.75
1782936000,7542.00,7543.00,7529.00,7532.00
1782936300,7532.00,7535.00,7529.75,7533.25
1782936600,7533.25,7537.00,7532.50,7535.25
1782999000,7555.00,7568.00,7551.75,7566.25
1782999300,7566.00,7573.00,7560.50,7568.75
1782999600,7568.75,7583.50,7567.00,7578.50
1782999900,7578.50,7588.50,7575.75,7585.25
1783000200,7585.25,7594.00,7582.75,7586.00
1783000500,7586.00,7589.00,7581.00,7588.75
1783000800,7589.00,7592.00,7584.75,7588.75
1783001100,7588.75,7591.00,7582.25,7583.75
1783001400,7583.75,7593.75,7577.50,7591.00
1783001700,7590.75,7593.25,7582.25,7587.75
1783002000,7587.50,7588.75,7575.75,7577.25
1783002300,7577.25,7579.00,7556.50,7559.75
1783002600,7559.75,7574.50,7555.25,7563.25
1783002900,7563.25,7572.25,7558.25,7565.25
1783003200,7565.25,7567.00,7543.75,7549.00
1783003500,7549.50,7557.50,7543.50,7553.25
1783003800,7553.25,7558.00,7540.25,7545.25
1783004100,7545.25,7557.50,7544.75,7557.25
1783004400,7557.25,7559.25,7541.00,7541.50
1783004700,7541.50,7544.50,7522.25,7534.25
1783005000,7534.50,7546.50,7530.50,7541.25
1783005300,7541.25,7544.50,7525.00,7526.75
1783005600,7527.00,7540.25,7523.75,7539.75
1783005900,7539.75,7541.00,7529.00,7529.25
1783006200,7529.00,7543.25,7528.75,7541.25
1783006500,7541.25,7547.75,7539.75,7542.50
1783006800,7542.75,7546.00,7533.25,7533.25
1783007100,7533.25,7537.75,7527.75,7529.00
1783007400,7529.00,7529.25,7520.50,7526.50
1783007700,7526.50,7530.00,7520.75,7526.75
1783008000,7527.00,7529.50,7517.00,7523.75
1783008300,7523.50,7526.50,7518.00,7519.75
1783008600,7519.75,7527.00,7518.00,7525.25
1783008900,7525.25,7526.50,7519.75,7520.75
1783009200,7520.50,7521.25,7513.50,7514.50
1783009500,7514.50,7520.50,7514.25,7515.50
1783009800,7516.00,7516.25,7508.50,7508.75
1783010100,7508.75,7511.75,7501.25,7506.75
1783010400,7507.00,7513.75,7506.00,7512.25
1783010700,7512.25,7513.00,7507.50,7509.75
1783011000,7509.75,7513.75,7505.75,7509.00
1783011300,7509.25,7509.25,7497.75,7501.50
1783011600,7501.75,7503.00,7485.00,7488.50
1783011900,7488.50,7499.50,7483.25,7495.00
1783012200,7495.00,7499.50,7492.00,7497.50
1783012500,7497.00,7502.00,7493.50,7494.00
1783012800,7494.50,7499.00,7492.50,7493.50
1783013100,7493.25,7496.25,7491.25,7495.25
1783013400,7495.00,7500.75,7493.75,7494.00
1783013700,7493.75,7495.25,7485.75,7486.75
1783014000,7487.00,7491.75,7483.75,7490.75
1783014300,7490.50,7491.00,7481.50,7485.75
1783014600,7485.75,7490.50,7483.00,7489.00
1783014900,7489.00,7490.00,7479.75,7482.00
1783015200,7482.25,7489.25,7480.00,7489.00
1783015500,7489.25,7504.50,7488.50,7504.25
1783015800,7504.00,7508.75,7500.75,7501.75
1783016100,7502.00,7503.50,7493.00,7496.25
1783016400,7496.25,7502.75,7496.00,7501.25
1783016700,7501.00,7506.75,7499.00,7506.75
1783017000,7506.50,7513.00,7505.75,7509.00
1783017300,7509.00,7512.50,7508.00,7511.25
1783017600,7511.50,7513.00,7509.25,7510.25
1783017900,7510.25,7512.50,7504.50,7511.75
1783018200,7511.75,7514.75,7508.00,7508.25
1783018500,7508.50,7510.50,7504.75,7509.00
1783018800,7509.25,7510.75,7494.25,7495.75
1783019100,7495.75,7500.25,7491.75,7497.50
1783019400,7497.75,7501.75,7494.25,7499.75
1783019700,7499.50,7500.75,7494.00,7496.75
1783020000,7497.00,7497.75,7494.25,7495.00
1783020300,7495.00,7505.50,7493.25,7502.50
1783020600,7502.25,7508.00,7500.75,7507.50
1783020900,7507.75,7510.75,7505.00,7510.00
1783021200,7510.00,7513.00,7507.00,7511.75
1783021500,7511.75,7513.00,7509.00,7511.75
1783021800,7511.75,7523.50,7511.75,7523.00
1783022100,7523.25,7534.00,7521.00,7526.50
1783022400,7526.25,7527.25,7520.25,7520.50
1783022700,7520.75,7523.00,7517.75,7522.25
1783023000,7522.50,7525.50,7520.25,7524.25
1783085400,7554.75,7559.25,7553.00,7553.50
1783085700,7553.75,7555.50,7552.25,7552.75
1783086000,7553.00,7556.25,7552.25,7553.00
1783086300,7553.00,7555.00,7549.75,7550.00
1783086600,7550.00,7552.25,7549.25,7551.00
1783086900,7551.00,7554.25,7550.00,7554.25
1783087200,7554.25,7554.75,7552.00,7553.00
1783087500,7553.00,7554.25,7551.00,7552.00
1783087800,7552.00,7552.25,7550.25,7551.00
1783088100,7551.00,7555.50,7551.00,7553.50
1783088400,7553.50,7556.00,7551.50,7555.00
1783088700,7555.25,7555.75,7554.50,7554.50
1783089000,7554.75,7555.50,7554.25,7555.00
1783089300,7555.00,7557.00,7554.50,7557.00
1783089600,7557.00,7561.75,7556.75,7558.75
1783089900,7558.50,7561.00,7557.50,7559.50
1783090200,7559.50,7561.25,7559.00,7560.25
1783090500,7560.50,7561.25,7559.00,7560.25
1783090800,7560.25,7560.50,7557.00,7557.25
1783091100,7557.25,7559.00,7557.00,7557.75
1783091400,7557.75,7560.50,7557.50,7558.50
1783091700,7558.50,7560.50,7558.25,7559.50
1783092000,7559.75,7560.00,7556.50,7557.00
1783092300,7557.00,7557.25,7555.25,7555.25
1783092600,7555.50,7556.75,7554.25,7555.50
1783092900,7555.50,7558.00,7555.00,7556.75
1783093200,7557.00,7558.25,7555.75,7557.50
1783093500,7557.75,7559.75,7557.50,7559.25
1783093800,7559.25,7559.50,7558.00,7559.50
1783094100,7559.50,7560.00,7558.50,7558.75
1783094400,7558.75,7559.00,7557.50,7557.75
1783094700,7557.75,7558.00,7556.75,7557.75
1783095000,7557.75,7558.50,7557.00,7557.25
1783095300,7557.25,7558.50,7557.00,7557.00
1783095600,7557.00,7557.50,7554.75,7555.00
1783095900,7555.00,7556.00,7554.25,7554.75
1783096200,7555.00,7556.25,7553.50,7556.00
1783096500,7556.25,7557.50,7555.00,7557.00
1783096800,7557.25,7558.75,7556.75,7558.25
1783097100,7558.50,7559.25,7555.00,7555.75
1783097400,7555.50,7557.00,7555.25,7556.75
1783097700,7556.75,7558.75,7555.75,7557.25
1783344600,7564.75,7573.25,7559.25,7570.25
1783344900,7570.00,7570.25,7552.25,7561.50
1783345200,7561.75,7565.50,7555.25,7565.25
1783345500,7565.00,7569.50,7561.25,7568.00
1783345800,7568.00,7574.00,7560.75,7567.25
1783346100,7567.25,7568.50,7561.75,7564.50
1783346400,7564.25,7569.25,7556.25,7562.75
1783346700,7562.25,7570.00,7559.00,7566.75
1783347000,7567.00,7573.50,7564.50,7573.00
1783347300,7573.00,7573.75,7568.25,7570.75
1783347600,7570.75,7577.75,7569.25,7575.50
1783347900,7575.75,7579.00,7574.75,7578.75
1783348200,7578.75,7581.25,7575.25,7576.25
1783348500,7576.25,7578.00,7573.50,7576.00
1783348800,7575.75,7577.25,7570.00,7575.75
1783349100,7576.25,7578.00,7574.00,7576.50
1783349400,7576.50,7579.75,7575.00,7578.00
1783349700,7578.25,7582.50,7576.25,7582.00
1783350000,7582.25,7583.50,7578.75,7581.00
1783350300,7581.00,7582.25,7579.25,7582.00
1783350600,7582.25,7583.75,7577.75,7580.50
1783350900,7580.50,7580.50,7575.25,7579.00
1783351200,7579.25,7582.75,7576.50,7582.25
1783351500,7582.00,7587.25,7581.25,7587.00
1783351800,7587.00,7589.00,7585.00,7585.50
1783352100,7585.50,7586.25,7582.75,7585.50
1783352400,7585.50,7587.50,7584.75,7587.25
1783352700,7587.50,7588.75,7585.50,7588.00
1783353000,7587.75,7589.00,7585.25,7585.25
1783353300,7585.50,7588.50,7585.25,7587.75
1783353600,7587.50,7588.00,7585.50,7587.00
1783353900,7587.25,7589.50,7586.50,7588.25
1783354200,7588.25,7590.25,7587.75,7588.75
1783354500,7589.00,7589.75,7587.50,7589.25
1783354800,7589.25,7591.00,7587.50,7588.00
1783355100,7588.00,7588.50,7584.75,7585.75
1783355400,7585.75,7586.75,7583.75,7585.25
1783355700,7585.25,7585.75,7583.00,7585.25
1783356000,7585.25,7586.75,7585.00,7586.50
1783356300,7586.50,7589.75,7585.00,7589.50
1783356600,7589.50,7590.25,7585.25,7585.50
1783356900,7585.50,7586.50,7581.50,7583.75
1783357200,7583.75,7589.00,7583.00,7587.75
1783357500,7588.00,7594.75,7587.75,7593.25
1783357800,7593.25,7594.25,7591.25,7592.75
1783358100,7593.00,7593.75,7589.00,7590.00
1783358400,7590.00,7590.50,7587.25,7589.00
1783358700,7588.75,7590.25,7585.25,7586.25
1783359000,7586.00,7586.75,7581.75,7582.50
1783359300,7582.25,7584.25,7580.50,7582.25
1783359600,7582.25,7582.25,7575.00,7579.50
1783359900,7579.25,7583.00,7577.25,7581.75
1783360200,7582.00,7584.25,7579.00,7579.50
1783360500,7579.50,7580.50,7578.00,7580.25
1783360800,7580.00,7586.50,7580.00,7585.75
1783361100,7585.75,7590.00,7585.00,7588.50
1783361400,7588.75,7589.25,7587.00,7589.00
1783361700,7589.25,7594.25,7589.00,7592.50
1783362000,7592.25,7594.00,7591.00,7593.75
1783362300,7593.50,7595.00,7591.50,7592.00
1783362600,7592.25,7594.00,7589.75,7590.25
1783362900,7590.00,7591.75,7588.75,7589.50
1783363200,7589.50,7592.50,7589.50,7591.00
1783363500,7591.25,7595.75,7590.75,7594.75
1783363800,7594.75,7597.00,7594.25,7597.00
1783364100,7597.00,7599.00,7595.50,7598.25
1783364400,7598.25,7600.00,7595.25,7597.25
1783364700,7597.25,7598.50,7595.00,7596.00
1783365000,7596.00,7597.75,7595.00,7596.25
1783365300,7596.25,7599.75,7595.00,7599.50
1783365600,7599.25,7602.25,7598.00,7601.25
1783365900,7601.00,7602.00,7599.25,7600.75
1783366200,7601.00,7601.00,7597.25,7598.50
1783366500,7598.75,7599.75,7595.75,7597.75
1783366800,7598.00,7598.75,7596.00,7598.50
1783367100,7598.50,7600.50,7597.25,7597.75
1783367400,7597.75,7598.25,7591.00,7591.25
1783367700,7591.50,7593.75,7587.75,7593.50
1783368000,7593.50,7595.75,7591.25,7592.75
1783368300,7592.75,7596.75,7592.00,7596.25
1783368600,7596.50,7597.25,7594.50,7596.50
1783431000,7580.75,7587.75,7571.75,7572.50
1783431300,7572.50,7577.25,7569.50,7573.00
1783431600,7573.00,7580.75,7569.25,7580.00
1783431900,7580.00,7581.00,7572.25,7574.75
1783432200,7574.50,7577.50,7565.25,7567.00
1783432500,7567.25,7568.75,7560.25,7566.50
1783432800,7566.25,7570.25,7559.50,7563.50
1783433100,7563.50,7567.75,7558.50,7560.75
1783433400,7560.50,7560.75,7547.50,7548.00
1783433700,7548.00,7553.00,7542.50,7553.00
1783434000,7552.75,7555.25,7544.00,7544.25
1783434300,7544.25,7545.00,7538.50,7544.75
1783434600,7544.50,7547.75,7540.25,7541.00
1783434900,7541.00,7543.00,7535.75,7536.00
1783435200,7536.00,7538.75,7529.50,7535.25
1783435500,7535.25,7542.50,7534.25,7539.50
1783435800,7539.25,7545.25,7537.00,7543.50
1783436100,7543.75,7546.50,7541.50,7542.25
1783436400,7542.00,7543.25,7536.25,7541.25
1783436700,7541.00,7544.50,7539.00,7543.50
1783437000,7543.25,7544.50,7537.75,7537.75
1783437300,7537.75,7538.50,7534.50,7536.75
1783437600,7536.50,7540.50,7534.75,7536.00
1783437900,7536.25,7541.00,7534.75,7540.50
1783438200,7540.75,7541.75,7536.25,7536.50
1783438500,7536.50,7539.50,7533.50,7533.75
1783438800,7533.75,7541.50,7531.25,7541.50
1783439100,7541.25,7549.25,7541.00,7543.25
1783439400,7543.25,7550.25,7543.00,7547.50
1783439700,7547.25,7551.25,7545.00,7550.75
1783440000,7551.00,7555.50,7549.75,7553.75
1783440300,7554.25,7558.25,7549.75,7552.50
1783440600,7552.25,7559.25,7552.25,7557.75
1783440900,7558.00,7559.50,7555.75,7558.00
1783441200,7558.00,7566.00,7557.75,7563.00
1783441500,7562.75,7567.25,7562.25,7565.25
1783441800,7565.00,7567.75,7561.50,7563.25
1783442100,7563.50,7566.00,7559.75,7565.75
1783442400,7565.75,7567.00,7563.25,7566.25
1783442700,7566.25,7568.75,7566.00,7568.00
1783443000,7568.25,7568.75,7565.00,7565.75
1783443300,7565.50,7567.50,7562.50,7567.25
1783443600,7567.25,7569.50,7566.25,7569.25
1783443900,7569.25,7571.00,7568.25,7569.00
1783444200,7569.00,7569.25,7565.00,7565.50
1783444500,7565.75,7566.25,7561.75,7564.00
1783444800,7563.75,7569.50,7563.25,7567.75
1783445100,7567.50,7568.75,7565.75,7566.00
1783445400,7566.25,7570.00,7566.00,7568.00
1783445700,7568.00,7570.00,7565.75,7568.75
1783446000,7568.50,7570.50,7566.75,7568.75
1783446300,7568.75,7569.00,7565.00,7566.25
1783446600,7566.25,7568.00,7564.00,7565.75
1783446900,7565.50,7569.25,7564.75,7569.25
1783447200,7569.25,7570.25,7566.25,7568.50
1783447500,7568.50,7569.50,7565.75,7566.75
1783447800,7567.00,7569.25,7566.50,7567.25
1783448100,7567.25,7569.00,7566.00,7567.50
1783448400,7567.50,7570.75,7566.50,7568.75
1783448700,7569.00,7570.00,7566.25,7567.25
1783449000,7567.25,7568.25,7563.00,7564.50
1783449300,7564.25,7567.75,7562.75,7566.75
1783449600,7566.50,7567.00,7561.50,7564.50
1783449900,7564.75,7566.25,7554.00,7559.00
1783450200,7559.25,7560.00,7552.25,7555.50
1783450500,7555.25,7556.75,7551.50,7552.50
1783450800,7552.50,7554.25,7545.50,7549.50
1783451100,7549.25,7552.75,7543.75,7544.75
1783451400,7544.50,7547.25,7542.25,7545.25
1783451700,7545.00,7545.50,7536.75,7543.50
1783452000,7543.50,7547.75,7541.00,7547.75
1783452300,7547.50,7548.00,7542.50,7544.25
1783452600,7544.00,7549.75,7543.75,7549.00
1783452900,7549.00,7549.25,7543.75,7544.75
1783453200,7544.75,7545.50,7541.25,7542.75
1783453500,7543.00,7548.25,7542.50,7547.50
1783453800,7547.25,7555.00,7547.25,7555.00
1783454100,7554.75,7557.00,7548.00,7553.25
1783454400,7553.25,7553.75,7549.25,7553.00
1783454700,7553.00,7554.50,7550.50,7554.00
1783455000,7553.75,7553.75,7551.25,7552.00
1783517400,7507.00,7516.75,7501.75,7512.25
1783517700,7512.25,7517.25,7505.75,7515.00
1783518000,7515.25,7523.25,7513.25,7518.75
1783518300,7518.75,7524.75,7511.50,7511.50
1783518600,7511.50,7520.00,7508.50,7511.75
1783518900,7511.75,7521.50,7507.25,7515.75
1783519200,7515.75,7520.25,7510.75,7513.25
1783519500,7513.00,7522.75,7512.75,7517.75
1783519800,7517.75,7520.00,7505.75,7507.50
1783520100,7507.50,7511.25,7501.75,7507.25
1783520400,7507.00,7521.00,7505.00,7513.25
1783520700,7513.25,7519.75,7502.50,7506.00
1783521000,7506.00,7512.25,7502.00,7508.00
1783521300,7508.00,7508.25,7497.25,7498.00
1783521600,7498.00,7502.75,7494.75,7499.50
1783521900,7499.25,7500.00,7488.00,7488.00
1783522200,7488.00,7503.25,7484.25,7496.25
1783522500,7496.00,7502.00,7490.25,7493.25
1783522800,7493.50,7495.50,7489.00,7490.50
1783523100,7490.25,7494.50,7488.75,7489.75
1783523400,7489.75,7493.50,7484.25,7485.75
1783523700,7486.00,7490.25,7478.25,7488.00
1783524000,7487.75,7490.75,7475.00,7476.25
1783524300,7476.25,7478.25,7470.00,7474.00
1783524600,7474.25,7482.50,7469.25,7482.00
1783524900,7482.00,7487.50,7478.75,7480.75
1783525200,7480.75,7487.00,7480.50,7482.00
1783525500,7482.00,7485.00,7477.75,7479.50
1783525800,7479.75,7480.75,7474.50,7479.50
1783526100,7479.50,7482.75,7476.25,7481.00
1783526400,7481.00,7487.25,7480.75,7487.00
1783526700,7487.00,7492.50,7485.75,7491.25
1783527000,7491.50,7498.50,7491.25,7497.50
1783527300,7498.00,7502.00,7495.00,7501.00
1783527600,7501.00,7507.50,7500.75,7502.50
1783527900,7502.50,7510.00,7501.75,7506.25
1783528200,7506.00,7513.75,7505.00,7505.25
1783528500,7505.50,7510.50,7499.50,7507.50
1783528800,7507.50,7517.25,7503.75,7514.25
1783529100,7514.50,7518.00,7511.00,7517.75
1783529400,7518.00,7521.75,7516.00,7519.25
1783529700,7519.50,7522.75,7517.50,7522.00
1783530000,7521.75,7522.50,7516.25,7518.25
1783530300,7518.25,7522.75,7517.00,7518.00
1783530600,7518.00,7521.75,7515.00,7518.25
1783530900,7518.25,7525.25,7518.00,7524.50
1783531200,7524.75,7530.00,7524.00,7529.75
1783531500,7529.75,7533.00,7527.50,7532.50
1783531800,7532.75,7536.50,7531.00,7531.25
1783532100,7531.00,7533.00,7527.75,7527.75
1783532400,7528.00,7528.75,7523.75,7524.75
1783532700,7524.75,7525.00,7517.75,7519.00
1783533000,7519.00,7524.00,7517.50,7519.75
1783533300,7519.50,7520.00,7514.50,7519.50
1783533600,7519.25,7529.75,7515.25,7528.00
1783533900,7527.50,7529.00,7523.50,7527.50
1783534200,7527.50,7530.00,7524.00,7528.00
1783534500,7528.00,7529.25,7522.00,7526.75
1783534800,7526.75,7528.00,7523.75,7524.00
1783535100,7524.25,7527.25,7521.25,7521.50
1783535400,7521.50,7522.75,7517.50,7519.50
1783535700,7519.50,7527.50,7518.25,7526.75
1783536000,7526.50,7528.25,7520.50,7525.50
1783536300,7525.50,7528.50,7522.75,7527.75
1783536600,7527.75,7530.25,7525.50,7526.50
1783536900,7526.75,7528.50,7523.25,7528.25
1783537200,7528.50,7532.50,7525.50,7527.50
1783537500,7527.25,7529.25,7524.75,7528.25
1783537800,7528.25,7528.50,7522.75,7523.75
1783538100,7523.75,7526.50,7521.75,7523.00
1783538400,7523.50,7527.50,7523.00,7525.25
1783538700,7525.25,7528.50,7524.25,7526.75
1783539000,7526.75,7528.25,7523.00,7524.00
1783539300,7523.75,7528.50,7523.00,7526.75
1783539600,7526.75,7528.25,7523.50,7528.00
1783539900,7527.75,7528.25,7518.25,7522.25
1783540200,7522.25,7531.75,7520.25,7531.50
1783540500,7531.75,7536.50,7526.25,7526.75
1783540800,7526.75,7529.50,7522.25,7525.75
1783541100,7525.75,7527.00,7523.75,7525.25
1783541400,7525.25,7525.25,7519.25,7523.75
1783603800,7546.50,7548.75,7530.25,7547.25
1783604100,7547.25,7557.00,7544.25,7555.00
1783604400,7555.25,7559.25,7548.50,7558.00
1783604700,7558.00,7561.75,7551.25,7555.25
1783605000,7555.25,7565.25,7552.00,7564.00
1783605300,7563.75,7566.50,7559.50,7561.25
1783605600,7561.00,7564.50,7559.25,7561.25
1783605900,7561.00,7562.75,7553.25,7553.50
1783606200,7553.50,7554.25,7546.25,7549.25
1783606500,7549.50,7549.50,7533.00,7536.50
1783606800,7536.50,7543.75,7529.50,7543.25
1783607100,7543.25,7556.00,7541.25,7552.75
1783607400,7552.75,7555.00,7544.75,7550.25
1783607700,7550.50,7559.00,7549.50,7558.00
1783608000,7558.25,7559.00,7552.25,7553.00
1783608300,7553.25,7558.25,7552.50,7554.75
1783608600,7554.75,7554.75,7546.75,7554.00
1783608900,7553.75,7563.75,7553.75,7562.00
1783609200,7562.00,7564.25,7560.50,7563.50
1783609500,7563.50,7570.25,7563.00,7569.75
1783609800,7569.75,7570.75,7565.75,7566.75
1783610100,7566.75,7571.00,7564.50,7567.25
1783610400,7567.25,7574.75,7566.50,7574.25
1783610700,7574.00,7575.00,7572.25,7572.75
1783611000,7573.00,7573.25,7569.75,7571.00
1783611300,7571.00,7574.25,7570.25,7573.75
1783611600,7574.00,7577.75,7573.00,7576.25
1783611900,7576.50,7578.00,7574.50,7577.00
1783612200,7577.25,7577.50,7573.75,7574.50
1783612500,7574.25,7576.25,7573.25,7573.75
1783612800,7574.00,7580.00,7573.75,7578.50
1783613100,7578.75,7581.25,7578.75,7579.75
1783613400,7579.50,7580.75,7578.75,7580.75
1783613700,7580.50,7582.00,7579.25,7580.50
1783614000,7580.75,7583.75,7579.75,7583.00
1783614300,7583.25,7583.25,7581.00,7581.75
1783614600,7581.75,7584.50,7579.75,7580.00
1783614900,7579.75,7581.25,7578.25,7581.00
1783615200,7581.00,7583.25,7581.00,7582.25
1783615500,7582.25,7582.75,7578.50,7580.00
1783615800,7580.00,7581.50,7578.50,7579.25
1783616100,7579.25,7580.50,7577.25,7579.75
1783616400,7579.75,7583.50,7579.50,7582.50
1783616700,7582.50,7587.75,7581.75,7586.75
1783617000,7586.75,7589.25,7586.25,7587.25
1783617300,7587.25,7591.25,7587.25,7590.75
1783617600,7590.75,7592.00,7589.00,7590.00
1783617900,7590.00,7593.25,7590.00,7593.25
1783618200,7593.25,7594.00,7590.00,7591.75
1783618500,7591.50,7594.25,7591.25,7592.50
1783618800,7592.50,7593.25,7590.25,7592.25
1783619100,7592.50,7595.00,7592.00,7593.50
1783619400,7593.75,7594.50,7591.75,7592.50
1783619700,7592.50,7593.00,7588.25,7591.25
1783620000,7591.50,7592.50,7589.50,7590.25
1783620300,7590.25,7593.25,7590.25,7592.25
1783620600,7592.00,7593.50,7591.50,7592.50
1783620900,7592.50,7594.00,7590.25,7591.25
1783621200,7591.25,7591.50,7588.25,7588.25
1783621500,7588.25,7589.50,7587.25,7589.50
1783621800,7589.50,7590.50,7587.25,7587.25
1783622100,7587.25,7588.25,7585.50,7586.00
1783622400,7586.00,7588.00,7585.25,7587.75
1783622700,7587.75,7588.00,7585.50,7587.25
1783623000,7587.25,7588.00,7585.50,7585.50
1783623300,7585.75,7586.00,7583.00,7585.00
1783623600,7585.25,7585.25,7582.25,7583.00
1783623900,7583.00,7584.50,7581.00,7582.25
1783624200,7582.25,7584.75,7581.25,7583.25
1783624500,7583.25,7588.00,7582.50,7587.25
1783624800,7587.50,7588.50,7585.75,7586.00
1783625100,7586.00,7586.75,7584.75,7585.00
1783625400,7585.00,7585.75,7583.25,7585.25
1783625700,7585.25,7588.00,7585.25,7586.75
1783626000,7586.75,7589.00,7585.50,7587.75
1783626300,7588.00,7588.75,7586.50,7586.50
1783626600,7586.50,7586.75,7582.25,7582.50
1783626900,7582.75,7590.75,7582.75,7590.50
1783627200,7590.50,7590.75,7585.75,7588.50
1783627500,7588.50,7592.00,7588.25,7591.50
1783627800,7591.25,7591.50,7589.00,7590.50
1783690200,7592.25,7600.75,7592.00,7598.00
1783690500,7598.00,7604.25,7596.50,7597.75
1783690800,7598.00,7598.50,7590.00,7594.50
1783691100,7594.25,7603.75,7593.00,7602.25
1783691400,7602.25,7604.25,7598.75,7601.25
1783691700,7601.25,7605.75,7598.00,7601.50
1783692000,7601.50,7605.75,7600.00,7603.25
1783692300,7603.50,7604.75,7596.75,7603.00
1783692600,7602.75,7603.75,7598.25,7599.25
1783692900,7599.25,7601.75,7595.25,7598.75
1783693200,7599.00,7600.50,7593.00,7597.75
1783693500,7597.75,7603.50,7593.50,7597.75
1783693800,7598.00,7602.75,7552.25,7581.25
1783694100,7581.25,7593.00,7575.75,7589.00
1783694400,7589.00,7595.00,7584.50,7593.25
1783694700,7593.00,7596.75,7587.25,7596.00
1783695000,7596.00,7598.25,7591.25,7591.50
1783695300,7591.50,7592.50,7582.75,7584.00
1783695600,7584.25,7586.75,7580.75,7581.75
1783695900,7581.75,7590.25,7578.50,7590.00
1783696200,7590.00,7593.00,7588.50,7591.75
1783696500,7591.50,7604.25,7591.50,7599.25
1783696800,7599.50,7603.50,7596.50,7602.75
1783697100,7603.00,7606.75,7602.75,7605.25
1783697400,7605.25,7606.50,7601.00,7603.00
1783697700,7602.50,7603.00,7595.50,7596.50
1783698000,7596.50,7597.50,7585.75,7592.50
1783698300,7592.75,7599.00,7587.75,7596.75
1783698600,7596.50,7601.75,7595.50,7600.75
1783698900,7600.50,7601.50,7597.00,7600.50
1783699200,7600.25,7605.75,7600.25,7603.75
1783699500,7603.75,7604.25,7600.50,7601.75
1783699800,7602.00,7604.75,7600.25,7604.00
1783700100,7604.25,7609.25,7604.25,7608.00
1783700400,7607.75,7608.50,7603.50,7606.00
1783700700,7605.75,7606.25,7603.50,7604.00
1783701000,7604.00,7608.00,7604.00,7607.00
1783701300,7606.75,7608.00,7602.25,7605.00
1783701600,7605.25,7609.00,7604.75,7608.50
1783701900,7608.50,7611.75,7608.00,7610.50
1783702200,7610.75,7613.00,7610.25,7612.25
1783702500,7612.00,7614.00,7610.75,7612.50
1783702800,7612.75,7613.00,7608.50,7609.50
1783703100,7609.75,7610.75,7608.75,7609.00
1783703400,7609.25,7610.75,7607.25,7610.50
1783703700,7610.25,7612.75,7610.25,7611.25
1783704000,7611.25,7612.75,7610.75,7612.25
1783704300,7612.00,7613.25,7611.50,7613.00
1783704600,7612.75,7614.75,7611.50,7612.75
1783704900,7613.00,7617.00,7612.50,7615.25
1783705200,7615.25,7616.00,7613.50,7614.00
1783705500,7614.00,7616.25,7613.75,7615.75
1783705800,7615.75,7616.75,7615.00,7615.50
1783706100,7615.50,7615.75,7612.00,7612.50
1783706400,7612.75,7614.75,7612.00,7613.75
1783706700,7613.75,7616.25,7613.50,7615.50
1783707000,7615.50,7619.25,7615.00,7615.75
1783707300,7616.00,7616.50,7614.25,7615.00
1783707600,7615.00,7617.00,7613.75,7616.00
1783707900,7616.25,7620.00,7616.25,7617.25
1783708200,7617.50,7619.00,7616.75,7618.50
1783708500,7618.50,7618.75,7616.25,7617.25
1783708800,7617.00,7619.75,7617.00,7618.25
1783709100,7618.50,7619.50,7618.00,7618.50
1783709400,7618.50,7619.75,7618.00,7619.25
1783709700,7619.25,7620.25,7618.25,7618.75
1783710000,7618.75,7624.25,7618.00,7623.50
1783710300,7623.50,7625.50,7622.00,7622.75
1783710600,7622.75,7624.75,7622.50,7624.50
1783710900,7624.50,7625.50,7622.75,7623.50
1783711200,7623.75,7624.00,7622.25,7623.00
1783711500,7622.75,7624.25,7622.75,7622.75
1783711800,7622.75,7624.75,7621.00,7622.75
1783712100,7622.50,7624.50,7621.75,7623.25
1783712400,7623.00,7625.25,7623.00,7623.50
1783712700,7623.25,7624.75,7622.50,7624.00
1783713000,7624.00,7627.25,7622.50,7623.00
1783713300,7623.00,7624.00,7617.75,7621.00
1783713600,7621.00,7624.50,7618.25,7622.50
1783713900,7622.75,7622.75,7620.50,7621.75
1783714200,7621.75,7623.50,7621.50,7622.75
1783949400,7595.50,7609.75,7594.50,7604.75
1783949700,7604.75,7608.75,7601.00,7603.00
1783950000,7603.00,7603.00,7596.50,7601.00
1783950300,7601.25,7602.25,7593.50,7599.50
1783950600,7599.75,7600.50,7590.25,7597.00
1783950900,7597.00,7608.75,7595.00,7607.25
1783951200,7607.25,7610.50,7597.25,7598.50
1783951500,7598.75,7600.75,7593.50,7599.25
1783951800,7599.25,7604.50,7597.25,7603.50
1783952100,7603.75,7604.75,7573.00,7589.75
1783952400,7590.00,7600.00,7585.00,7598.75
1783952700,7598.50,7602.75,7596.00,7601.75
1783953000,7601.75,7604.00,7596.50,7597.50
1783953300,7597.50,7598.25,7590.75,7593.00
1783953600,7593.00,7593.00,7583.25,7585.50
1783953900,7586.00,7595.50,7580.50,7595.00
1783954200,7594.75,7595.75,7586.00,7588.00
1783954500,7588.00,7599.00,7586.25,7598.50
1783954800,7598.50,7601.50,7593.75,7594.00
1783955100,7594.25,7597.50,7592.50,7593.50
1783955400,7593.75,7596.75,7590.25,7592.25
1783955700,7592.00,7594.25,7589.75,7593.50
1783956000,7593.25,7597.00,7591.75,7595.50
1783956300,7595.25,7596.00,7590.50,7594.75
1783956600,7595.00,7596.50,7590.75,7592.25
1783956900,7592.50,7594.00,7589.25,7592.00
1783957200,7592.25,7592.50,7587.75,7588.00
1783957500,7588.00,7588.75,7585.75,7588.25
1783957800,7588.00,7588.75,7582.25,7586.50
1783958100,7586.75,7586.75,7581.75,7583.25
1783958400,7583.25,7585.75,7580.50,7582.50
1783958700,7582.50,7586.00,7581.50,7585.75
1783959000,7586.00,7589.25,7583.25,7585.50
1783959300,7585.25,7585.50,7577.75,7579.50
1783959600,7579.75,7580.25,7577.00,7577.50
1783959900,7577.50,7578.00,7570.25,7573.75
1783960200,7574.00,7574.00,7566.75,7567.00
1783960500,7567.25,7573.75,7560.00,7571.00
1783960800,7571.00,7576.25,7566.75,7575.00
1783961100,7575.00,7578.00,7570.75,7571.25
1783961400,7571.25,7571.75,7563.50,7565.50
1783961700,7565.75,7572.75,7564.00,7570.00
1783962000,7570.25,7574.50,7568.75,7569.75
1783962300,7569.75,7576.50,7569.25,7575.75
1783962600,7575.50,7578.00,7570.75,7572.00
1783962900,7572.00,7574.50,7568.25,7573.25
1783963200,7573.00,7575.00,7568.25,7568.75
1783963500,7568.75,7571.25,7566.75,7569.75
1783963800,7569.75,7572.75,7568.00,7570.75
1783964100,7571.00,7571.00,7565.75,7568.50
1783964400,7568.25,7573.00,7566.25,7571.50
1783964700,7571.50,7574.25,7567.50,7568.00
1783965000,7568.00,7569.00,7563.50,7566.25
1783965300,7566.00,7567.00,7563.00,7563.75
1783965600,7563.75,7570.50,7563.00,7568.00
1783965900,7568.00,7573.50,7567.25,7567.75
1783966200,7568.00,7569.75,7562.75,7569.00
1783966500,7568.75,7569.75,7561.75,7563.50
1783966800,7563.50,7566.75,7561.75,7566.25
1783967100,7566.00,7567.00,7563.00,7563.75
1783967400,7563.75,7566.75,7561.00,7563.50
1783967700,7563.50,7569.00,7563.25,7568.00
1783968000,7568.25,7572.25,7567.00,7570.00
1783968300,7570.25,7570.75,7566.75,7569.25
1783968600,7569.00,7572.25,7566.75,7569.50
1783968900,7569.50,7570.75,7566.00,7567.25
1783969200,7567.25,7570.50,7563.25,7570.25
1783969500,7570.25,7571.25,7566.25,7566.50
1783969800,7566.50,7566.75,7562.25,7564.25
1783970100,7564.25,7565.75,7562.25,7563.75
1783970400,7564.00,7564.25,7557.75,7560.50
1783970700,7560.50,7560.75,7553.25,7554.75
1783971000,7555.00,7560.25,7554.00,7558.00
1783971300,7557.75,7557.75,7551.50,7554.00
1783971600,7554.00,7561.50,7553.00,7561.25
1783971900,7561.25,7562.25,7557.50,7560.75
1783972200,7560.75,7566.25,7559.75,7562.50
1783972500,7562.50,7568.25,7561.25,7563.00
1783972800,7563.00,7563.50,7558.75,7561.50
1783973100,7561.25,7563.25,7559.75,7561.00
1783973400,7561.00,7561.50,7557.50,7559.50
1784035800,7579.25,7581.00,7565.25,7566.25
1784036100,7566.25,7583.75,7564.25,7582.00
1784036400,7582.00,7585.50,7575.50,7583.25
1784036700,7583.00,7588.25,7576.00,7579.75
1784037000,7580.00,7586.50,7576.00,7581.00
1784037300,7581.00,7586.00,7577.25,7583.50
1784037600,7583.75,7585.25,7572.25,7574.75
1784037900,7574.50,7577.25,7568.75,7572.75
1784038200,7572.50,7575.50,7567.75,7574.50
1784038500,7574.50,7574.50,7556.50,7568.75
1784038800,7568.75,7579.25,7568.00,7571.75
1784039100,7571.75,7583.50,7570.00,7577.25
1784039400,7577.50,7604.25,7575.00,7591.00
1784039700,7590.75,7592.00,7585.75,7589.75
1784040000,7590.00,7593.75,7580.00,7581.75
1784040300,7581.50,7585.00,7578.00,7579.25
1784040600,7579.25,7586.75,7575.25,7586.75
1784040900,7586.50,7590.25,7585.75,7587.50
1784041200,7587.75,7600.25,7583.00,7594.00
1784041500,7593.75,7601.75,7592.00,7598.75
1784041800,7598.75,7601.00,7594.25,7596.00
1784042100,7596.25,7597.50,7587.50,7590.00
1784042400,7589.75,7596.00,7586.75,7595.75
1784042700,7595.75,7598.00,7593.50,7597.50
1784043000,7597.00,7599.75,7589.00,7590.25
1784043300,7590.25,7591.25,7585.50,7589.00
1784043600,7589.00,7589.00,7577.75,7586.00
1784043900,7586.00,7590.00,7585.50,7586.25
1784044200,7586.50,7587.50,7579.25,7580.25
1784044500,7580.25,7582.25,7576.25,7580.00
1784044800,7580.25,7580.75,7570.25,7573.25
1784045100,7573.50,7577.00,7570.00,7574.75
1784045400,7574.75,7576.50,7570.00,7575.50
1784045700,7575.50,7576.25,7570.00,7574.50
1784046000,7574.25,7576.00,7570.00,7573.25
1784046300,7573.25,7579.50,7572.50,7578.25
1784046600,7578.00,7581.25,7576.25,7581.00
1784046900,7580.75,7583.75,7579.75,7582.75
1784047200,7582.75,7587.75,7581.25,7584.75
1784047500,7585.25,7588.00,7580.00,7584.50
1784047800,7584.50,7587.25,7583.25,7585.25
1784048100,7585.50,7589.25,7584.75,7589.25
1784048400,7589.25,7591.25,7586.75,7587.50
1784048700,7587.50,7592.50,7585.75,7591.75
1784049000,7591.75,7592.75,7588.50,7588.50
1784049300,7588.75,7592.00,7584.75,7591.25
1784049600,7591.50,7596.75,7591.00,7595.00
1784049900,7595.00,7596.25,7593.00,7593.75
1784050200,7594.00,7595.50,7590.50,7590.50
1784050500,7590.75,7591.75,7588.50,7591.50
1784050800,7591.50,7592.25,7589.25,7590.75
1784051100,7590.75,7592.75,7587.75,7591.25
1784051400,7591.25,7593.50,7591.00,7592.50
1784051700,7592.75,7593.75,7591.50,7593.25
1784052000,7593.50,7595.50,7589.75,7595.00
1784052300,7595.00,7595.75,7593.00,7594.75
1784052600,7594.75,7596.75,7593.75,7596.50
1784052900,7596.50,7598.25,7595.00,7596.75
1784053200,7596.50,7598.00,7594.25,7595.00
1784053500,7594.75,7596.50,7593.25,7595.25
1784053800,7595.25,7596.00,7593.50,7594.75
1784054100,7595.00,7596.25,7590.75,7593.75
1784054400,7593.50,7593.50,7586.75,7590.50
1784054700,7590.50,7592.00,7589.00,7589.75
1784055000,7590.00,7593.50,7588.75,7592.25
1784055300,7592.25,7592.75,7591.00,7592.00
1784055600,7592.00,7593.00,7588.75,7589.50
1784055900,7589.50,7591.00,7588.25,7589.00
1784056200,7589.00,7591.25,7587.50,7590.25
1784056500,7590.25,7592.50,7588.50,7590.75
1784056800,7590.75,7594.75,7590.25,7594.25
1784057100,7594.25,7594.50,7591.25,7591.50
1784057400,7591.50,7592.00,7587.00,7590.25
1784057700,7590.00,7592.75,7589.00,7589.75
1784058000,7589.75,7594.25,7589.25,7593.00
1784058300,7593.00,7595.25,7592.75,7595.00
1784058600,7595.00,7595.75,7591.50,7591.50
1784058900,7591.50,7596.00,7589.25,7590.25
1784059200,7590.00,7591.75,7588.50,7589.50
1784059500,7589.25,7592.50,7589.00,7589.75
1784059800,7589.75,7590.50,7587.50,7589.25
1784122200,7612.25,7622.50,7611.75,7621.75
1784122500,7622.00,7626.25,7615.25,7618.75
1784122800,7618.75,7618.75,7612.75,7613.50
1784123100,7613.50,7614.75,7603.00,7605.50
1784123400,7605.75,7610.75,7601.25,7610.75
1784123700,7610.75,7616.75,7608.75,7614.50
1784124000,7614.50,7621.75,7614.50,7618.00
1784124300,7618.00,7623.50,7616.25,7620.75
1784124600,7620.75,7622.50,7615.75,7617.50
1784124900,7617.75,7626.00,7617.00,7623.50
1784125200,7623.25,7624.00,7603.25,7608.00
1784125500,7608.00,7617.25,7603.50,7616.50
1784125800,7616.25,7619.00,7609.25,7616.25
1784126100,7616.25,7618.00,7605.00,7606.75
1784126400,7606.75,7610.00,7597.75,7605.25
1784126700,7605.00,7608.50,7598.75,7608.00
1784127000,7607.75,7608.50,7597.00,7600.50
1784127300,7600.50,7605.50,7598.25,7605.00
1784127600,7604.75,7607.00,7600.25,7602.00
1784127900,7602.00,7611.50,7599.25,7610.25
1784128200,7610.00,7611.50,7600.50,7601.00
1784128500,7601.25,7603.75,7591.75,7602.75
1784128800,7602.50,7602.75,7594.25,7599.00
1784129100,7599.00,7606.25,7597.50,7606.00
1784129400,7605.75,7608.50,7601.50,7605.75
1784129700,7605.50,7607.75,7600.75,7606.75
1784130000,7606.75,7607.50,7600.25,7601.50
1784130300,7601.50,7602.50,7597.50,7598.00
1784130600,7598.00,7598.25,7593.00,7596.75
1784130900,7597.00,7597.75,7592.50,7596.00
1784131200,7596.25,7598.00,7587.00,7590.25
1784131500,7590.50,7590.75,7583.25,7588.75
1784131800,7589.00,7590.50,7581.00,7581.75
1784132100,7581.75,7583.25,7578.50,7579.75
1784132400,7580.00,7581.25,7573.75,7574.75
1784132700,7574.75,7578.75,7574.00,7578.00
1784133000,7578.00,7581.50,7574.00,7575.25
1784133300,7575.25,7576.00,7572.25,7574.00
1784133600,7574.25,7579.25,7571.75,7579.00
1784133900,7579.00,7593.50,7576.75,7583.25
1784134200,7583.25,7588.50,7582.75,7584.00
1784134500,7584.00,7586.75,7579.50,7586.50
1784134800,7587.00,7590.75,7585.75,7589.00
1784135100,7589.00,7594.00,7588.25,7591.25
1784135400,7591.25,7592.75,7587.75,7587.75
1784135700,7588.25,7594.75,7587.50,7594.00
1784136000,7594.00,7596.00,7592.25,7594.50
1784136300,7594.50,7598.75,7593.50,7598.25
1784136600,7598.25,7602.50,7598.25,7601.00
1784136900,7601.00,7605.00,7600.00,7604.00
1784137200,7604.00,7604.50,7602.25,7603.50
1784137500,7603.50,7611.00,7602.50,7610.50
1784137800,7610.50,7616.00,7608.75,7615.00
1784138100,7615.25,7615.25,7611.25,7612.50
1784138400,7612.25,7616.00,7611.75,7614.00
1784138700,7613.75,7617.00,7613.25,7616.25
1784139000,7616.25,7618.25,7616.00,7616.00
1784139300,7616.25,7616.25,7612.75,7613.75
1784139600,7614.00,7619.00,7613.50,7617.75
1784139900,7617.75,7618.25,7616.00,7616.75
1784140200,7616.75,7619.75,7615.50,7618.75
1784140500,7618.50,7618.75,7614.75,7615.25
1784140800,7615.25,7616.50,7610.50,7610.50
1784141100,7610.75,7610.75,7604.75,7606.50
1784141400,7606.50,7607.50,7601.75,7603.75
1784141700,7603.75,7605.75,7601.00,7602.00
1784142000,7601.75,7607.50,7600.50,7606.75
1784142300,7606.75,7608.50,7605.00,7605.50
1784142600,7605.50,7609.00,7604.75,7608.00
1784142900,7608.00,7608.50,7605.25,7605.50
1784143200,7605.50,7605.75,7601.50,7603.25
1784143500,7603.50,7608.00,7601.75,7606.25
1784143800,7606.50,7609.50,7601.25,7602.75
1784144100,7602.75,7609.00,7601.50,7608.50
1784144400,7608.50,7612.75,7607.75,7611.50
1784144700,7611.25,7612.00,7605.25,7606.75
1784145000,7606.75,7611.75,7606.75,7611.50
1784145300,7611.50,7617.75,7611.50,7617.25
1784145600,7617.00,7619.50,7613.25,7617.50
1784145900,7617.25,7617.50,7608.75,7613.00
1784146200,7613.00,7615.50,7612.25,7614.50
1784208600,7596.75,7604.00,7589.75,7590.75
1784208900,7591.00,7594.25,7585.25,7586.00
1784209200,7586.00,7592.00,7579.75,7581.75
1784209500,7582.00,7586.25,7575.25,7579.00
1784209800,7579.00,7591.50,7578.50,7584.00
1784210100,7583.75,7590.00,7580.00,7588.00
1784210400,7587.75,7597.25,7585.25,7596.50
1784210700,7596.25,7604.75,7594.75,7603.00
1784211000,7603.00,7605.50,7601.00,7602.50
1784211300,7602.50,7608.75,7601.00,7608.00
1784211600,7608.00,7608.75,7599.75,7605.50
1784211900,7605.75,7613.00,7602.00,7612.50
1784212200,7612.50,7613.50,7608.75,7610.75
1784212500,7610.75,7614.00,7607.25,7608.25
1784212800,7608.25,7613.50,7606.50,7612.75
1784213100,7613.00,7614.75,7610.50,7611.00
1784213400,7610.75,7612.00,7604.50,7606.00
1784213700,7606.00,7611.25,7602.75,7611.00
1784214000,7611.00,7613.25,7605.25,7605.75
1784214300,7605.75,7607.50,7600.25,7604.50
1784214600,7604.50,7606.75,7599.75,7602.50
1784214900,7602.50,7605.50,7598.50,7605.00
1784215200,7605.25,7605.50,7599.00,7605.25
1784215500,7605.25,7613.75,7604.75,7607.25
1784215800,7607.25,7611.50,7601.75,7611.25
1784216100,7611.00,7613.00,7607.25,7612.25
1784216400,7612.25,7613.25,7604.00,7605.50
1784216700,7605.75,7605.75,7599.00,7604.25
1784217000,7604.00,7610.00,7603.75,7606.75
1784217300,7606.75,7607.00,7602.00,7605.00
1784217600,7605.00,7605.50,7596.25,7596.75
1784217900,7596.75,7599.50,7592.50,7597.75
1784218200,7597.75,7598.00,7588.50,7589.00
1784218500,7589.00,7594.25,7587.50,7591.00
1784218800,7591.00,7591.00,7584.00,7585.00
1784219100,7585.00,7590.25,7583.00,7588.25
1784219400,7588.50,7594.25,7588.00,7590.75
1784219700,7590.75,7592.75,7587.50,7588.00
1784220000,7588.00,7591.25,7586.75,7588.75
1784220300,7588.75,7591.50,7585.75,7589.50
1784220600,7589.50,7595.75,7588.00,7595.25
1784220900,7595.00,7599.25,7595.00,7598.00
1784221200,7598.25,7598.50,7591.50,7595.25
1784221500,7595.25,7597.50,7591.25,7596.25
1784221800,7596.00,7597.25,7590.25,7591.00
1784222100,7591.25,7594.50,7590.00,7593.25
1784222400,7593.00,7594.50,7589.25,7589.50
1784222700,7589.50,7597.50,7589.25,7596.25
1784223000,7596.25,7597.25,7589.00,7589.75
1784223300,7590.00,7591.25,7584.00,7585.25
1784223600,7585.25,7585.25,7579.50,7583.00
1784223900,7583.25,7588.00,7579.50,7586.00
1784224200,7586.00,7587.75,7582.75,7584.50
1784224500,7584.75,7585.25,7579.75,7582.25
1784224800,7582.50,7584.00,7578.00,7578.00
1784225100,7578.25,7578.75,7573.75,7576.75
1784225400,7576.75,7583.75,7576.25,7576.50
1784225700,7576.50,7583.00,7573.75,7581.25
1784226000,7581.25,7586.50,7581.00,7583.00
1784226300,7582.75,7584.50,7577.75,7578.50
1784226600,7578.50,7578.50,7574.75,7576.50
1784226900,7576.25,7576.25,7572.75,7573.25
1784227200,7573.00,7576.50,7568.25,7574.75
1784227500,7574.25,7578.25,7572.50,7576.75
1784227800,7576.75,7579.00,7571.50,7571.50
1784228100,7571.75,7574.00,7570.50,7571.50
1784228400,7571.25,7576.25,7570.00,7574.25
1784228700,7574.25,7576.00,7566.75,7567.00
1784229000,7567.00,7567.75,7565.00,7566.75
1784229300,7566.50,7568.25,7563.00,7567.00
1784229600,7567.00,7569.50,7564.25,7565.00
1784229900,7564.75,7566.00,7558.00,7560.50
1784230200,7560.50,7561.25,7553.50,7556.50
1784230500,7556.25,7561.25,7553.25,7559.75
1784230800,7559.50,7561.25,7554.25,7554.50
1784231100,7554.50,7555.75,7548.25,7551.75
1784231400,7551.75,7569.50,7551.75,7568.50
1784231700,7568.75,7579.50,7568.75,7577.00
1784232000,7577.00,7577.75,7570.75,7572.75
1784232300,7572.75,7573.25,7569.25,7570.25
1784232600,7570.50,7571.00,7566.75,7567.25
1784295000,7485.00,7491.25,7475.00,7475.25
1784295300,7475.25,7482.00,7473.00,7480.75
1784295600,7480.75,7492.25,7473.50,7475.75
1784295900,7475.75,7497.00,7474.75,7496.00
1784296200,7495.75,7508.00,7495.50,7504.25
1784296500,7504.25,7514.00,7501.25,7514.00
1784296800,7514.00,7523.75,7512.25,7518.50
1784297100,7518.75,7530.50,7518.50,7529.00
1784297400,7529.00,7534.25,7524.75,7528.75
1784297700,7528.50,7539.00,7527.50,7531.50
1784298000,7531.50,7536.75,7528.00,7534.50
1784298300,7534.25,7538.00,7527.50,7529.25
1784298600,7529.50,7532.25,7521.75,7526.00
1784298900,7526.00,7533.75,7523.00,7533.00
1784299200,7532.75,7533.75,7523.00,7524.50
1784299500,7524.50,7531.75,7518.50,7522.25
1784299800,7522.50,7524.25,7517.25,7519.75
1784300100,7519.75,7527.75,7514.25,7516.00
1784300400,7516.25,7518.00,7506.75,7508.00
1784300700,7507.75,7516.00,7506.75,7514.25
1784301000,7514.25,7517.75,7506.50,7509.00
1784301300,7509.00,7514.25,7505.25,7511.25
1784301600,7511.00,7514.75,7504.75,7508.75
1784301900,7508.75,7521.50,7508.25,7520.25
1784302200,7520.00,7525.00,7514.00,7515.75
1784302500,7515.75,7523.25,7510.00,7522.25
1784302800,7522.00,7524.50,7515.25,7520.50
1784303100,7520.75,7521.75,7514.25,7521.25
1784303400,7521.00,7526.50,7517.25,7526.25
1784303700,7526.50,7536.50,7525.25,7534.00
1784304000,7534.50,7537.00,7517.25,7521.00
1784304300,7520.75,7525.00,7513.75,7525.00
1784304600,7525.00,7529.00,7522.25,7528.25
1784304900,7528.50,7531.00,7525.25,7529.00
1784305200,7528.75,7530.50,7517.50,7517.75
1784305500,7517.75,7529.75,7516.50,7524.75
1784305800,7525.00,7527.25,7520.75,7521.00
1784306100,7521.00,7526.25,7520.75,7524.50
1784306400,7524.50,7530.25,7521.25,7529.50
1784306700,7530.00,7536.00,7528.00,7534.25
1784307000,7534.50,7539.00,7531.50,7534.50
1784307300,7534.50,7535.25,7527.00,7529.25
1784307600,7529.25,7537.75,7527.75,7532.25
1784307900,7532.25,7535.75,7530.25,7535.50
1784308200,7535.25,7537.00,7529.50,7529.75
1784308500,7529.75,7535.75,7528.25,7528.75
1784308800,7528.75,7530.00,7525.25,7528.75
1784309100,7528.50,7536.00,7528.25,7534.25
1784309400,7534.50,7535.50,7530.75,7531.50
1784309700,7531.50,7532.50,7524.25,7525.50
1784310000,7525.50,7526.00,7520.25,7521.25
1784310300,7521.25,7524.25,7519.25,7521.00
1784310600,7521.00,7521.50,7513.00,7514.00
1784310900,7514.25,7515.25,7508.75,7511.00
1784311200,7511.00,7516.50,7509.00,7511.50
1784311500,7511.50,7511.50,7506.50,7508.25
1784311800,7508.25,7510.25,7506.00,7506.25
1784312100,7506.25,7507.50,7500.75,7503.50
1784312400,7503.50,7506.75,7500.50,7502.25
1784312700,7502.25,7502.75,7497.75,7502.25
1784313000,7502.00,7508.75,7499.00,7501.75
1784313300,7501.75,7504.75,7500.25,7502.50
1784313600,7502.75,7503.50,7495.75,7497.25
1784313900,7497.25,7507.25,7495.00,7504.00
1784314200,7504.00,7511.00,7501.75,7510.75
1784314500,7511.00,7512.00,7506.50,7508.50
1784314800,7508.75,7510.00,7502.25,7503.75
1784315100,7504.00,7505.25,7499.00,7499.25
1784315400,7499.25,7500.00,7492.25,7492.50
1784315700,7492.25,7495.25,7490.75,7494.50
1784316000,7494.25,7494.25,7488.50,7488.50
1784316300,7488.50,7498.00,7486.25,7496.75
1784316600,7497.00,7501.25,7492.50,7495.25
1784316900,7495.25,7500.50,7492.50,7493.50
1784317200,7493.50,7501.50,7491.25,7500.00
1784317500,7500.00,7505.75,7498.50,7505.25
1784317800,7505.00,7508.25,7499.75,7504.75
1784318100,7504.50,7509.25,7494.25,7496.50
1784318400,7496.75,7497.50,7487.00,7490.00
1784318700,7489.75,7491.00,7487.00,7489.25
1784319000,7489.25,7490.00,7484.50,7488.50
1784554200,7534.50,7545.00,7532.75,7544.75
1784554500,7544.75,7551.50,7541.50,7546.00
1784554800,7546.25,7550.50,7545.00,7550.25
1784555100,7550.00,7552.25,7539.25,7539.75
1784555400,7539.75,7542.50,7526.25,7528.50
1784555700,7528.75,7529.00,7519.00,7520.25
1784556000,7520.75,7527.50,7517.50,7522.25
1784556300,7522.50,7525.00,7516.00,7517.50
1784556600,7517.50,7517.75,7511.25,7514.00
1784556900,7514.00,7518.75,7510.00,7512.25
1784557200,7512.25,7516.25,7506.00,7513.50
1784557500,7513.25,7521.25,7512.50,7520.75
1784557800,7520.75,7523.00,7514.00,7516.25
1784558100,7516.25,7519.50,7513.00,7517.50
1784558400,7517.75,7522.00,7511.25,7512.75
1784558700,7512.75,7521.75,7508.75,7510.25
1784559000,7510.00,7513.50,7505.25,7507.00
1784559300,7507.25,7509.00,7501.00,7504.75
1784559600,7505.00,7512.50,7501.75,7509.75
1784559900,7509.50,7519.00,7502.00,7518.25
1784560200,7517.75,7518.75,7510.25,7511.75
1784560500,7511.75,7519.50,7509.50,7516.75
1784560800,7516.50,7523.75,7514.50,7521.00
1784561100,7521.00,7523.75,7516.00,7522.50
1784561400,7522.75,7524.25,7521.50,7522.75
1784561700,7522.75,7523.25,7517.75,7518.50
1784562000,7518.50,7523.75,7516.75,7523.75
1784562300,7523.75,7523.75,7514.50,7516.50
1784562600,7516.50,7527.50,7515.00,7526.25
1784562900,7526.25,7528.25,7523.25,7523.50
1784563200,7523.75,7526.50,7519.50,7525.50
1784563500,7525.50,7532.25,7525.25,7531.75
1784563800,7531.75,7534.00,7530.25,7531.75
1784564100,7532.00,7532.50,7527.75,7531.00
1784564400,7530.75,7532.75,7529.75,7531.50
1784564700,7531.50,7532.00,7525.50,7528.50
1784565000,7528.75,7531.50,7521.50,7522.00
1784565300,7521.75,7527.50,7521.50,7527.25
1784565600,7527.25,7529.00,7508.00,7517.75
1784565900,7518.00,7526.00,7516.00,7525.25
1784566200,7525.25,7525.75,7513.00,7513.75
1784566500,7513.50,7515.75,7511.00,7513.75
1784566800,7513.75,7516.00,7509.25,7509.50
1784567100,7509.50,7510.25,7505.00,7509.75
1784567400,7509.50,7510.25,7502.25,7502.50
1784567700,7502.75,7506.50,7499.00,7504.75
1784568000,7504.75,7508.50,7503.00,7504.50
1784568300,7504.75,7507.25,7502.50,7504.75
1784568600,7504.75,7508.00,7503.00,7507.00
1784568900,7506.75,7509.25,7503.25,7504.00
1784569200,7503.75,7504.25,7499.50,7501.00
1784569500,7501.00,7507.25,7500.75,7506.25
1784569800,7506.00,7512.50,7505.50,7510.00
1784570100,7510.00,7510.75,7505.50,7509.25
1784570400,7509.25,7515.25,7509.25,7512.25
1784570700,7512.00,7513.00,7508.50,7512.25
1784571000,7512.50,7516.00,7510.50,7514.00
1784571300,7514.00,7517.75,7512.50,7516.25
1784571600,7516.25,7516.75,7506.00,7506.50
1784571900,7506.25,7512.00,7504.75,7508.50
1784572200,7508.50,7508.50,7498.00,7500.00
1784572500,7500.25,7506.75,7498.25,7499.25
1784572800,7499.50,7499.75,7488.50,7489.00
1784573100,7489.00,7494.00,7487.75,7490.50
1784573400,7490.25,7495.75,7489.00,7494.00
1784573700,7494.00,7494.75,7488.25,7490.50
1784574000,7490.75,7495.25,7487.25,7489.00
1784574300,7489.25,7491.75,7486.00,7490.25
1784574600,7490.25,7494.50,7480.00,7480.25
1784574900,7480.25,7485.25,7478.00,7482.50
1784575200,7482.25,7487.75,7481.25,7486.50
1784575500,7486.50,7492.50,7481.75,7490.75
1784575800,7490.75,7495.50,7486.75,7493.00
1784576100,7493.00,7495.00,7488.50,7493.25
1784576400,7493.25,7497.50,7491.50,7493.75
1784576700,7493.75,7496.25,7490.75,7494.50
1784577000,7494.50,7494.50,7482.75,7485.75
1784577300,7485.75,7487.00,7480.50,7485.75
1784577600,7485.75,7493.25,7485.50,7486.75
1784577900,7486.75,7488.00,7481.50,7482.25
1784578200,7482.25,7483.25,7481.00,7481.50
1784640600,7526.00,7530.25,7514.00,7519.00
1784640900,7518.75,7525.50,7515.25,7515.25
1784641200,7515.50,7516.00,7505.50,7507.75
1784641500,7507.75,7513.00,7504.50,7512.25
1784641800,7512.50,7516.50,7505.00,7513.25
1784642100,7513.50,7517.00,7508.75,7516.50
1784642400,7516.75,7521.75,7512.50,7517.25
1784642700,7517.00,7520.75,7513.00,7515.00
1784643000,7514.75,7522.00,7511.25,7520.50
1784643300,7520.50,7525.00,7510.50,7523.50
1784643600,7523.50,7525.50,7517.50,7523.00
1784643900,7522.75,7533.25,7522.50,7531.75
1784644200,7532.00,7535.75,7529.00,7531.00
1784644500,7531.00,7533.75,7524.25,7526.25
1784644800,7526.25,7529.75,7521.00,7529.50
1784645100,7529.50,7536.50,7528.00,7532.75
1784645400,7532.75,7533.25,7528.25,7530.25
1784645700,7530.25,7532.00,7526.00,7531.25
1784646000,7531.25,7532.50,7521.50,7523.75
1784646300,7523.50,7534.00,7521.50,7533.25
1784646600,7533.25,7538.75,7532.75,7535.50
1784646900,7535.50,7539.00,7534.75,7537.50
1784647200,7537.50,7543.25,7536.75,7540.00
1784647500,7540.00,7544.00,7539.75,7543.75
1784647800,7543.50,7544.00,7537.50,7541.25
1784648100,7541.25,7542.75,7538.00,7539.50
1784648400,7539.25,7542.25,7538.50,7539.50
1784648700,7539.25,7542.75,7538.75,7541.50
1784649000,7541.75,7543.25,7540.25,7540.50
1784649300,7540.75,7542.50,7538.00,7538.75
1784649600,7538.50,7545.75,7538.25,7545.75
1784649900,7545.75,7546.75,7544.00,7544.75
1784650200,7544.75,7546.00,7543.75,7545.50
1784650500,7545.75,7548.50,7545.25,7548.00
1784650800,7547.75,7550.75,7547.25,7549.00
1784651100,7548.75,7550.50,7547.75,7549.75
1784651400,7549.75,7551.00,7548.00,7550.00
1784651700,7550.00,7550.75,7548.00,7550.00
1784652000,7550.25,7550.75,7548.50,7549.50
1784652300,7549.75,7550.00,7547.25,7548.25
1784652600,7548.00,7553.50,7547.75,7552.75
1784652900,7553.00,7554.25,7550.00,7550.25
1784653200,7550.50,7551.75,7549.25,7549.50
1784653500,7549.75,7552.00,7549.25,7550.50
1784653800,7550.50,7550.75,7548.50,7549.50
1784654100,7549.25,7549.75,7546.25,7546.25
1784654400,7546.25,7548.00,7545.50,7547.50
1784654700,7547.25,7548.25,7545.50,7546.75
1784655000,7547.00,7549.00,7545.25,7546.75
1784655300,7546.75,7550.50,7546.50,7550.25
1784655600,7550.25,7550.50,7548.00,7550.00
1784655900,7549.75,7552.00,7548.50,7551.50
1784656200,7551.50,7552.50,7549.50,7549.75
1784656500,7550.00,7550.25,7548.00,7549.00
1784656800,7549.25,7550.75,7545.50,7546.00
1784657100,7546.00,7548.75,7545.75,7547.50
1784657400,7547.50,7548.50,7544.50,7544.75
1784657700,7544.75,7546.00,7543.75,7545.00
1784658000,7545.25,7547.00,7544.00,7546.00
1784658300,7545.75,7546.25,7543.50,7545.00
1784658600,7545.25,7545.75,7542.25,7542.75
1784658900,7542.50,7545.75,7542.50,7544.50
1784659200,7544.50,7549.00,7543.25,7548.50
1784659500,7548.50,7549.50,7546.75,7547.75
1784659800,7547.75,7548.00,7545.25,7545.50
1784660100,7545.50,7547.75,7545.25,7547.00
1784660400,7547.00,7547.75,7544.75,7545.75
1784660700,7545.75,7547.50,7544.50,7544.50
1784661000,7544.50,7547.00,7544.25,7546.00
1784661300,7546.00,7548.00,7545.25,7546.50
1784661600,7546.50,7547.50,7545.00,7546.25
1784661900,7546.00,7547.75,7545.00,7545.50
1784662200,7545.50,7547.25,7544.50,7544.50
1784662500,7544.75,7548.75,7544.00,7547.00
1784662800,7547.00,7548.75,7545.25,7548.00
1784663100,7548.00,7549.00,7544.75,7548.75
1784663400,7548.50,7549.50,7545.50,7546.50
1784663700,7546.25,7548.75,7543.50,7545.75
1784664000,7545.75,7547.00,7541.25,7541.75
1784664300,7541.75,7544.50,7541.25,7543.75
1784664600,7544.00,7544.75,7542.25,7544.25
1784727000,7528.00,7537.75,7525.00,7534.75
1784727300,7534.75,7536.75,7531.75,7535.75
1784727600,7535.75,7538.75,7532.50,7537.25
1784727900,7537.25,7542.25,7537.25,7539.25
1784728200,7539.50,7543.75,7535.50,7543.00
1784728500,7543.25,7550.00,7542.00,7550.00
1784728800,7549.75,7552.00,7547.00,7551.75
1784729100,7552.00,7556.25,7547.50,7548.00
1784729400,7547.75,7550.25,7543.00,7544.75
1784729700,7544.75,7545.50,7539.75,7543.50
1784730000,7543.25,7546.50,7535.75,7538.25
1784730300,7538.25,7540.00,7532.75,7534.75
1784730600,7534.50,7540.00,7533.50,7534.50
1784730900,7534.25,7536.50,7532.00,7535.25
1784731200,7535.25,7536.50,7529.25,7529.75
1784731500,7529.75,7537.25,7528.75,7536.00
1784731800,7536.25,7539.00,7533.00,7536.25
1784732100,7536.25,7542.50,7533.75,7542.00
1784732400,7542.00,7546.75,7541.25,7545.25
1784732700,7545.50,7549.75,7544.00,7548.25
1784733000,7548.25,7552.75,7548.25,7551.00
1784733300,7551.00,7552.50,7547.50,7551.00
1784733600,7551.25,7556.50,7550.50,7556.00
1784733900,7556.00,7559.50,7555.00,7557.00
1784734200,7557.00,7558.00,7552.00,7552.00
1784734500,7552.50,7554.00,7550.00,7551.75
1784734800,7551.50,7554.75,7550.75,7552.75
1784735100,7552.50,7556.25,7552.50,7556.25
1784735400,7556.25,7558.50,7554.50,7555.25
1784735700,7555.25,7560.75,7554.00,7560.00
1784736000,7560.25,7560.75,7557.25,7559.50
1784736300,7559.25,7561.75,7557.75,7560.25
1784736600,7560.25,7560.75,7558.75,7559.50
1784736900,7559.75,7563.00,7559.25,7562.50
1784737200,7562.50,7562.50,7560.50,7561.25
1784737500,7561.25,7562.25,7559.50,7561.50
1784737800,7561.50,7562.75,7560.25,7561.75
1784738100,7561.75,7562.25,7560.50,7561.25
1784738400,7561.50,7561.75,7559.25,7560.25
1784738700,7560.50,7561.75,7558.00,7558.50
1784739000,7558.75,7559.50,7557.50,7558.00
1784739300,7558.00,7562.50,7557.75,7561.25
1784739600,7561.25,7562.50,7556.75,7557.75
1784739900,7557.75,7560.00,7557.25,7558.50
1784740200,7558.75,7558.75,7554.75,7555.75
1784740500,7555.50,7557.00,7554.25,7555.25
1784740800,7555.00,7555.50,7552.00,7554.25
1784741100,7554.25,7555.25,7552.50,7553.00
1784741400,7552.75,7555.50,7551.00,7551.00
1784741700,7551.00,7556.25,7550.75,7556.00
1784742000,7555.75,7556.00,7553.00,7553.75
1784742300,7553.75,7554.75,7552.50,7552.75
1784742600,7552.75,7554.00,7549.25,7549.25
1784742900,7549.25,7549.50,7546.00,7547.75
1784743200,7547.50,7549.75,7544.50,7546.25
1784743500,7546.25,7549.50,7545.00,7545.25
1784743800,7545.50,7546.25,7542.25,7543.00
1784744100,7542.50,7546.25,7542.50,7544.75
1784744400,7544.75,7548.00,7543.75,7544.75
1784744700,7545.00,7548.00,7544.50,7547.25
1784745000,7547.25,7547.25,7542.75,7544.75
1784745300,7544.25,7547.00,7544.00,7546.50
1784745600,7546.50,7547.50,7544.75,7545.50
1784745900,7545.50,7548.75,7544.50,7544.75
1784746200,7544.75,7548.25,7543.50,7547.75
1784746500,7547.75,7548.50,7546.25,7546.75
1784746800,7546.75,7547.25,7544.00,7545.25
1784747100,7545.25,7546.00,7544.00,7544.75
1784747400,7544.50,7545.25,7541.00,7541.75
1784747700,7541.75,7544.75,7540.75,7543.75
1784748000,7543.75,7543.75,7540.75,7541.50
1784748300,7541.25,7544.00,7539.25,7542.50
1784748600,7542.50,7542.75,7539.25,7539.50
1784748900,7539.75,7540.75,7536.00,7537.00
1784749200,7536.75,7542.00,7536.75,7540.75
1784749500,7540.75,7544.00,7540.25,7543.00
1784749800,7543.00,7546.00,7540.00,7541.00
1784750100,7541.25,7545.75,7535.50,7536.75
1784750400,7537.00,7552.50,7535.00,7536.50
1784750700,7536.50,7542.00,7531.75,7536.00
1784751000,7536.50,7553.00,7535.00,7553.00
1784813400,7453.50,7474.50,7444.75,7473.75
1784813700,7473.75,7479.25,7468.75,7474.75
1784814000,7474.75,7486.50,7474.25,7478.75
1784814300,7478.75,7480.75,7462.00,7464.25
1784814600,7464.00,7470.00,7457.50,7469.50
1784814900,7469.75,7473.00,7453.00,7455.75
1784815200,7455.75,7466.50,7455.75,7463.75
1784815500,7463.50,7469.75,7448.75,7453.75
1784815800,7453.50,7466.00,7452.25,7457.00
1784816100,7457.00,7464.00,7454.25,7455.00
1784816400,7455.25,7465.00,7451.75,7454.00
1784816700,7454.00,7459.75,7449.75,7457.75
1784817000,7457.50,7460.25,7446.50,7449.75
1784817300,7450.00,7465.50,7445.75,7464.25
1784817600,7464.00,7466.75,7446.50,7448.75
1784817900,7448.50,7455.00,7446.75,7448.50
1784818200,7448.50,7451.00,7440.00,7442.00
1784818500,7441.75,7446.00,7440.75,7443.50
1784818800,7443.50,7445.25,7435.00,7436.75
1784819100,7436.75,7437.50,7429.25,7431.50
1784819400,7431.25,7434.25,7424.50,7426.50
1784819700,7426.25,7433.00,7425.75,7432.00
1784820000,7432.25,7437.00,7420.00,7427.00
1784820300,7426.75,7427.50,7418.00,7419.00
1784820600,7419.25,7424.25,7411.75,7424.25
1784820900,7424.00,7434.75,7423.50,7433.50
1784821200,7433.50,7437.00,7426.50,7426.75
1784821500,7426.50,7430.00,7423.75,7429.25
1784821800,7429.00,7433.50,7426.00,7433.25
1784822100,7433.50,7439.25,7431.00,7438.25
1784822400,7438.50,7443.50,7435.25,7440.50
1784822700,7440.25,7444.75,7435.25,7444.50
1784823000,7444.50,7448.50,7444.00,7446.00
1784823300,7446.00,7448.50,7441.75,7445.75
1784823600,7445.75,7457.00,7445.75,7455.00
1784823900,7454.75,7456.50,7451.75,7455.00
1784824200,7454.75,7455.25,7450.75,7451.50
1784824500,7451.75,7457.50,7449.75,7457.00
1784824800,7457.25,7457.50,7449.75,7449.75
1784825100,7449.75,7449.75,7440.25,7440.25
1784825400,7440.25,7444.00,7437.75,7440.00
1784825700,7440.00,7447.50,7440.00,7446.75
1784826000,7446.75,7450.00,7442.25,7442.25
1784826300,7442.50,7445.25,7438.00,7445.00
1784826600,7445.00,7448.75,7444.25,7446.00
1784826900,7445.75,7449.50,7441.75,7445.50
1784827200,7445.50,7450.25,7444.00,7450.00
1784827500,7450.00,7452.25,7447.50,7447.75
1784827800,7447.50,7448.25,7440.50,7441.00
1784828100,7441.00,7441.50,7434.75,7436.50
1784828400,7436.25,7439.25,7432.75,7437.50
1784828700,7437.50,7443.25,7435.25,7442.25
1784829000,7442.00,7443.00,7437.25,7437.25
1784829300,7437.25,7437.25,7431.50,7432.25
1784829600,7432.00,7433.50,7429.00,7430.00
1784829900,7430.00,7432.00,7428.25,7429.00
1784830200,7429.25,7434.25,7429.00,7430.00
1784830500,7430.25,7434.00,7428.50,7430.50
1784830800,7430.50,7435.00,7429.50,7434.75
1784831100,7434.75,7435.50,7431.00,7434.75
1784831400,7434.75,7437.25,7433.50,7436.50
1784831700,7436.50,7437.75,7428.75,7430.00
1784832000,7430.25,7430.75,7426.75,7429.00
1784832300,7429.00,7435.50,7428.75,7434.00
1784832600,7434.00,7434.50,7427.50,7428.00
1784832900,7427.75,7431.50,7427.00,7431.50
1784833200,7431.25,7435.00,7428.50,7428.75
1784833500,7429.00,7431.00,7427.75,7428.25
1784833800,7428.25,7429.75,7425.75,7427.25
1784834100,7427.25,7432.75,7426.75,7431.00
1784834400,7430.75,7437.75,7430.50,7437.75
1784834700,7437.75,7440.75,7434.25,7436.25
1784835000,7436.50,7438.75,7428.25,7433.00
1784835300,7432.75,7433.75,7429.75,7430.50
1784835600,7430.50,7431.50,7424.00,7424.00
1784835900,7424.25,7425.75,7418.50,7420.75
1784836200,7421.00,7430.75,7421.00,7429.00
1784836500,7429.25,7447.75,7429.25,7444.00
1784836800,7443.75,7456.25,7443.25,7452.75
1784837100,7452.75,7453.50,7449.75,7450.75
1784837400,7451.25,7455.00,7450.50,7452.75
1784899800,7444.00,7453.25,7442.25,7451.25
1784900100,7451.25,7455.25,7447.00,7449.75
1784900400,7449.75,7450.25,7444.75,7446.25
1784900700,7446.25,7457.50,7443.50,7456.75
1784901000,7456.75,7457.00,7435.00,7436.75
1784901300,7436.50,7440.50,7431.25,7433.00
1784901600,7433.50,7445.50,7431.50,7436.25
1784901900,7436.00,7453.75,7434.00,7451.25
1784902200,7451.25,7457.75,7446.50,7454.00
1784902500,7454.00,7455.75,7438.25,7443.75
1784902800,7443.75,7459.25,7439.75,7454.00
1784903100,7454.25,7456.00,7448.00,7450.25
1784903400,7450.25,7451.00,7441.75,7441.75
1784903700,7442.00,7447.00,7437.50,7439.00
1784904000,7439.00,7442.50,7436.50,7437.50
1784904300,7437.50,7444.25,7432.75,7444.00
1784904600,7444.25,7452.00,7444.00,7448.75
1784904900,7448.75,7466.00,7448.75,7465.00
1784905200,7465.00,7468.75,7461.25,7461.25
1784905500,7461.50,7465.50,7455.50,7455.75
1784905800,7455.75,7481.25,7454.75,7478.00
1784906100,7478.00,7489.50,7472.50,7474.25
1784906400,7474.25,7486.00,7473.25,7483.00
1784906700,7483.25,7490.75,7482.50,7485.50
1784907000,7485.50,7488.50,7479.50,7479.75
1784907300,7480.00,7491.00,7479.25,7490.50
1784907600,7490.25,7492.00,7479.50,7481.75
1784907900,7482.00,7486.00,7479.25,7480.50
1784908200,7480.75,7487.00,7480.50,7485.00
1784908500,7484.75,7490.25,7484.25,7489.75
1784908800,7489.75,7491.75,7485.75,7491.25
1784909100,7491.25,7495.00,7488.75,7492.25
1784909400,7492.50,7496.50,7488.00,7489.00
1784909700,7489.00,7492.50,7487.50,7490.75
1784910000,7491.00,7494.50,7490.25,7493.00
1784910300,7493.00,7495.25,7491.00,7491.25
1784910600,7491.25,7491.75,7482.75,7484.25
1784910900,7484.25,7486.75,7481.25,7482.00
1784911200,7482.00,7482.00,7475.50,7475.50
1784911500,7475.50,7477.50,7468.25,7470.75
1784911800,7471.00,7471.50,7466.25,7469.50
1784912100,7469.25,7476.75,7467.25,7473.50
1784912400,7473.75,7475.00,7469.00,7470.75
1784912700,7470.50,7472.25,7462.50,7462.75
1784913000,7462.75,7469.75,7461.25,7468.50
1784913300,7468.25,7473.75,7465.50,7473.25
1784913600,7473.50,7474.00,7468.00,7472.00
1784913900,7472.25,7477.50,7469.00,7476.50
1784914200,7476.50,7480.75,7474.25,7480.50
1784914500,7480.50,7480.75,7473.50,7474.25
1784914800,7474.25,7474.50,7469.75,7469.75
1784915100,7470.00,7473.00,7468.25,7472.50
1784915400,7472.50,7474.75,7468.50,7471.75
1784915700,7472.00,7473.25,7468.75,7468.75
1784916000,7469.00,7472.00,7467.00,7468.00
1784916300,7468.00,7472.00,7466.75,7469.00
1784916600,7469.50,7470.00,7463.75,7465.25
1784916900,7465.00,7465.75,7460.25,7461.25
1784917200,7461.00,7461.00,7456.25,7457.00
1784917500,7457.00,7457.75,7448.75,7449.50
1784917800,7449.25,7450.75,7439.25,7440.50
1784918100,7440.75,7445.25,7437.00,7441.25
1784918400,7441.50,7441.50,7435.25,7437.75
1784918700,7437.50,7446.00,7436.75,7441.75
1784919000,7442.00,7444.25,7439.25,7440.75
1784919300,7441.00,7446.25,7440.25,7443.25
1784919600,7443.25,7448.50,7441.25,7442.00
1784919900,7442.00,7445.75,7435.00,7435.50
1784920200,7435.25,7441.75,7434.00,7435.50
1784920500,7435.50,7437.50,7433.75,7437.25
1784920800,7437.25,7439.75,7432.00,7433.50
1784921100,7433.50,7437.75,7432.25,7435.75
1784921400,7435.75,7443.25,7435.75,7440.25
1784921700,7440.25,7445.75,7439.00,7440.25
1784922000,7440.50,7442.75,7437.00,7442.25
1784922300,7442.00,7443.75,7436.75,7443.00
1784922600,7442.75,7445.25,7435.50,7444.25
1784922900,7444.00,7450.50,7440.00,7448.00
1784923200,7448.00,7449.25,7442.75,7444.25
1784923500,7444.00,7444.75,7441.75,7443.75
1784923800,7443.50,7446.50,7441.50,7444.75
1785159000,7507.75,7511.00,7498.00,7505.25
1785159300,7505.25,7514.25,7504.00,7508.25
1785159600,7508.50,7509.50,7492.75,7493.25
1785159900,7493.50,7500.00,7490.25,7496.25
1785160200,7496.50,7500.00,7491.75,7492.50
1785160500,7492.50,7493.00,7473.75,7473.75
1785160800,7474.00,7479.25,7469.75,7474.50
1785161100,7474.50,7478.50,7470.00,7475.50
1785161400,7475.50,7475.75,7462.50,7467.50
1785161700,7467.75,7473.75,7463.25,7467.25
1785162000,7467.25,7467.25,7454.00,7456.00
1785162300,7456.00,7456.75,7439.50,7440.75
1785162600,7440.75,7443.50,7435.00,7437.25
1785162900,7437.25,7441.25,7428.75,7438.75
1785163200,7438.75,7440.75,7422.75,7426.00
1785163500,7426.00,7439.75,7426.00,7438.00
1785163800,7438.00,7446.50,7437.00,7444.00
1785164100,7443.75,7457.25,7441.75,7455.50
1785164400,7455.75,7458.25,7451.25,7456.00
1785164700,7455.75,7462.00,7450.50,7451.00
1785165000,7451.00,7458.00,7449.25,7452.25
1785165300,7452.25,7453.75,7437.50,7446.75
1785165600,7446.50,7451.75,7438.25,7440.00
1785165900,7440.00,7444.00,7436.75,7440.75
1785166200,7441.00,7441.50,7431.00,7432.25
1785166500,7432.25,7433.50,7421.25,7427.50
1785166800,7427.50,7433.25,7424.00,7432.75
1785167100,7432.50,7433.75,7424.75,7426.75
1785167400,7427.25,7431.75,7425.00,7428.50
1785167700,7428.50,7434.50,7427.75,7432.75
1785168000,7433.00,7439.75,7432.00,7439.75
1785168300,7439.50,7441.75,7435.25,7441.00
1785168600,7441.25,7445.00,7431.75,7432.75
1785168900,7432.75,7433.25,7426.75,7431.25
1785169200,7431.25,7436.50,7428.75,7436.00
1785169500,7435.75,7455.25,7435.25,7445.50
1785169800,7445.50,7451.50,7442.00,7447.25
1785170100,7447.00,7451.75,7442.25,7448.00
1785170400,7448.00,7449.25,7438.50,7441.25
1785170700,7441.50,7446.25,7438.75,7438.75
1785171000,7439.00,7439.00,7427.50,7429.25
1785171300,7429.25,7429.50,7424.00,7428.25
1785171600,7428.25,7429.00,7418.75,7420.00
1785171900,7420.00,7423.75,7418.50,7421.50
1785172200,7421.50,7425.75,7419.75,7424.25
1785172500,7424.25,7425.50,7416.25,7420.25
1785172800,7420.00,7425.50,7418.75,7421.75
1785173100,7422.00,7424.50,7419.50,7420.00
1785173400,7420.00,7430.00,7419.50,7429.50
1785173700,7429.50,7430.75,7423.25,7424.75
1785174000,7424.50,7426.75,7422.50,7426.00
1785174300,7426.25,7429.25,7423.50,7425.25
1785174600,7425.25,7433.50,7424.50,7433.00
1785174900,7433.00,7436.50,7430.50,7436.25
1785175200,7436.25,7437.50,7433.00,7434.00
1785175500,7434.00,7437.75,7432.50,7434.50
1785175800,7434.75,7437.50,7434.25,7435.50
1785176100,7435.50,7436.25,7428.00,7430.00
1785176400,7430.00,7435.00,7428.75,7433.50
1785176700,7433.75,7436.00,7432.00,7434.50
1785177000,7434.50,7434.50,7426.50,7427.00
1785177300,7426.75,7428.75,7424.75,7426.00
1785177600,7425.75,7434.00,7424.00,7432.75
1785177900,7432.50,7435.50,7431.25,7431.50
1785178200,7431.50,7444.50,7431.50,7443.50
1785178500,7443.50,7450.75,7443.25,7448.50
1785178800,7448.75,7449.75,7443.25,7443.50
1785179100,7443.50,7452.00,7442.50,7451.00
1785179400,7451.00,7454.00,7447.25,7448.75
1785179700,7448.75,7453.00,7448.75,7453.00
1785180000,7453.00,7455.75,7451.25,7454.50
1785180300,7454.50,7455.25,7451.25,7454.75
1785180600,7454.50,7456.75,7452.50,7453.75
1785180900,7453.50,7455.00,7447.50,7448.00
1785181200,7448.25,7450.25,7446.50,7448.00
1785181500,7448.00,7449.25,7444.50,7449.00
1785181800,7449.00,7451.50,7444.00,7446.50
1785182100,7446.50,7450.00,7443.50,7449.25
1785182400,7449.00,7454.25,7448.00,7449.00
1785182700,7449.00,7449.75,7445.25,7449.00
1785183000,7449.00,7449.50,7444.75,7448.25
1785245400,7449.75,7452.50,7437.75,7439.50
1785245700,7439.25,7448.50,7435.25,7435.50
1785246000,7435.75,7441.25,7423.25,7428.25
1785246300,7428.00,7433.50,7417.00,7433.00
1785246600,7433.00,7439.25,7424.75,7428.00
1785246900,7427.75,7430.25,7418.75,7421.75
1785247200,7421.75,7434.50,7421.00,7429.75
1785247500,7429.75,7439.50,7425.75,7427.75
1785247800,7427.75,7435.50,7420.00,7423.25
1785248100,7423.75,7429.00,7421.50,7423.50
1785248400,7423.25,7436.50,7421.00,7430.25
1785248700,7430.50,7435.00,7428.25,7434.75
1785249000,7434.75,7437.75,7429.25,7430.00
1785249300,7429.75,7445.25,7428.75,7432.75
1785249600,7432.50,7443.50,7431.25,7440.00
1785249900,7439.75,7451.75,7436.00,7450.50
1785250200,7450.25,7455.50,7448.75,7451.75
1785250500,7452.00,7455.75,7443.00,7444.25
1785250800,7444.00,7449.50,7438.75,7439.00
1785251100,7438.75,7446.00,7437.50,7445.50
1785251400,7445.50,7455.00,7441.75,7451.50
1785251700,7451.50,7463.50,7449.25,7463.50
1785252000,7463.25,7471.50,7463.00,7471.25
1785252300,7471.25,7476.75,7468.00,7469.25
1785252600,7469.25,7472.50,7467.25,7469.75
1785252900,7470.00,7476.25,7469.75,7473.75
1785253200,7473.75,7478.50,7471.50,7478.25
1785253500,7478.25,7482.25,7477.00,7480.75
1785253800,7480.75,7482.00,7475.00,7478.00
1785254100,7478.25,7481.50,7475.50,7479.50
1785254400,7479.75,7481.00,7476.75,7477.75
1785254700,7477.75,7479.50,7473.25,7473.25
1785255000,7473.25,7476.00,7472.25,7473.75
1785255300,7474.00,7477.00,7470.75,7476.75
1785255600,7476.50,7478.75,7470.50,7472.50
1785255900,7472.50,7473.75,7469.50,7469.75
1785256200,7469.75,7471.75,7466.75,7468.75
1785256500,7468.75,7475.50,7468.50,7475.50
1785256800,7475.50,7479.25,7474.50,7477.00
1785257100,7477.25,7478.50,7471.50,7475.50
1785257400,7475.25,7484.50,7475.25,7483.75
1785257700,7484.00,7485.75,7482.50,7484.00
1785258000,7484.00,7485.75,7478.50,7479.25
1785258300,7479.50,7481.25,7472.00,7472.75
1785258600,7472.75,7476.00,7469.50,7471.00
1785258900,7471.00,7472.75,7468.25,7470.75
1785259200,7470.75,7479.50,7469.50,7470.75
1785259500,7471.00,7474.75,7468.75,7470.75
1785259800,7470.75,7476.25,7468.50,7474.75
1785260100,7474.75,7477.00,7471.00,7471.50
1785260400,7471.50,7473.50,7464.00,7465.75
1785260700,7465.50,7471.75,7463.75,7470.50
1785261000,7470.25,7470.50,7464.25,7465.25
1785261300,7465.25,7469.75,7462.50,7469.50
1785261600,7469.75,7473.00,7467.75,7470.00
1785261900,7470.00,7470.75,7465.25,7466.50
1785262200,7466.50,7467.25,7462.00,7462.25
1785262500,7462.25,7466.25,7462.00,7465.25
1785262800,7465.25,7467.50,7462.75,7463.25
1785263100,7463.25,7464.75,7462.00,7463.75
1785263400,7464.00,7468.50,7462.75,7467.25
1785263700,7467.25,7469.25,7465.00,7466.00
1785264000,7466.00,7466.50,7463.50,7465.75
1785264300,7465.50,7472.25,7464.75,7470.50
1785264600,7470.25,7473.00,7469.25,7470.25
1785264900,7470.25,7474.00,7468.50,7472.25
1785265200,7472.25,7477.50,7472.25,7477.00
1785265500,7476.75,7477.75,7471.75,7472.00
1785265800,7472.00,7474.50,7471.25,7472.75
1785266100,7472.50,7475.25,7470.75,7474.25
1785266400,7474.25,7476.50,7473.25,7476.25
1785266700,7476.25,7476.50,7471.50,7475.25
1785267000,7475.25,7475.25,7472.50,7473.25
1785267300,7473.25,7473.75,7467.25,7468.00
1785267600,7468.25,7471.25,7467.75,7471.00
1785267900,7471.25,7471.50,7467.00,7469.25
1785268200,7469.25,7474.75,7466.50,7474.25
1785268500,7474.25,7474.25,7462.50,7466.25
1785268800,7466.00,7467.50,7462.00,7464.00
1785269100,7464.00,7469.50,7458.50,7463.25
1785269400,7463.00,7468.75,7462.75,7466.75
1785331800,7456.50,7461.00,7444.25,7457.25
1785332100,7457.00,7459.75,7448.25,7455.75
1785332400,7456.00,7457.75,7450.00,7453.25
1785332700,7453.50,7459.25,7445.25,7448.50
1785333000,7448.50,7448.75,7430.25,7434.25
1785333300,7434.00,7434.00,7422.00,7430.00
1785333600,7430.00,7437.00,7429.25,7434.00
1785333900,7434.00,7439.50,7423.25,7424.00
1785334200,7423.75,7426.75,7406.00,7410.00
1785334500,7410.25,7418.75,7409.25,7414.75
1785334800,7414.75,7420.50,7408.75,7410.75
1785335100,7410.75,7411.00,7398.25,7404.75
1785335400,7404.75,7414.50,7403.75,7409.00
1785335700,7408.75,7410.50,7402.25,7403.75
1785336000,7403.75,7404.00,7393.25,7398.00
1785336300,7397.75,7403.75,7394.50,7400.25
1785336600,7400.25,7409.25,7398.00,7406.25
1785336900,7406.00,7407.25,7398.25,7403.75
1785337200,7404.00,7411.50,7399.75,7409.25
1785337500,7409.00,7412.00,7402.25,7411.75
1785337800,7411.75,7412.50,7400.75,7402.25
1785338100,7402.25,7410.75,7401.00,7401.50
1785338400,7401.50,7406.50,7399.50,7406.00
1785338700,7405.75,7407.75,7399.00,7400.00
1785339000,7400.25,7406.00,7398.50,7401.50
1785339300,7401.75,7405.50,7395.50,7395.75
1785339600,7395.75,7400.00,7393.00,7395.75
1785339900,7395.50,7400.50,7393.50,7400.00
1785340200,7400.00,7401.25,7390.25,7390.25
1785340500,7390.50,7394.50,7385.75,7393.00
1785340800,7393.25,7396.00,7382.75,7383.75
1785341100,7383.75,7384.50,7377.25,7382.25
1785341400,7382.50,7383.25,7375.50,7375.50
1785341700,7375.75,7379.00,7373.00,7377.50
1785342000,7377.75,7391.75,7376.25,7389.00
1785342300,7389.00,7394.75,7388.25,7394.00
1785342600,7394.00,7398.75,7389.50,7389.75
1785342900,7389.50,7392.25,7385.25,7391.50
1785343200,7391.25,7392.75,7384.25,7388.00
1785343500,7387.75,7395.25,7385.75,7395.00
1785343800,7394.75,7400.75,7392.50,7398.25
1785344100,7398.25,7404.50,7396.50,7404.00
1785344400,7404.25,7415.75,7402.75,7414.25
1785344700,7414.50,7414.75,7408.75,7409.50
1785345000,7409.75,7422.00,7408.75,7421.75
1785345300,7421.75,7424.50,7418.50,7423.25
1785345600,7423.00,7428.50,7418.75,7419.25
1785345900,7419.25,7420.50,7413.00,7413.00
1785346200,7413.00,7419.50,7408.50,7414.25
1785346500,7414.00,7415.50,7409.00,7412.00
1785346800,7412.00,7415.00,7409.25,7413.50
1785347100,7413.50,7416.25,7409.25,7415.75
1785347400,7415.50,7420.00,7415.25,7417.75
1785347700,7417.50,7420.25,7411.50,7420.25
1785348000,7420.25,7451.25,7398.00,7437.25
1785348300,7437.00,7446.50,7431.75,7436.25
1785348600,7436.25,7439.50,7424.75,7429.50
1785348900,7429.75,7438.25,7423.50,7425.50
1785349200,7425.50,7426.75,7418.25,7422.00
1785349500,7421.75,7428.75,7419.25,7428.50
1785349800,7428.50,7436.25,7414.75,7424.25
1785350100,7424.00,7448.00,7418.00,7444.00
1785350400,7444.25,7465.50,7443.50,7463.50
1785350700,7463.00,7477.00,7460.50,7475.00
1785351000,7475.00,7482.50,7468.25,7481.75
1785351300,7482.00,7482.50,7471.00,7475.50
1785351600,7475.25,7482.00,7456.50,7460.75
1785351900,7460.75,7461.50,7439.00,7439.00
1785352200,7439.00,7447.50,7434.25,7443.50
1785352500,7443.50,7452.25,7427.75,7430.25
1785352800,7430.25,7431.00,7407.25,7407.75
1785353100,7407.50,7411.25,7396.25,7405.50
1785353400,7405.50,7411.00,7380.25,7389.75
1785353700,7389.50,7394.25,7368.75,7369.50
1785354000,7369.50,7376.25,7362.25,7366.75
1785354300,7366.50,7375.00,7358.00,7372.75
1785354600,7373.00,7373.00,7356.25,7363.50
1785354900,7363.50,7363.50,7346.00,7350.25
1785355200,7350.00,7356.00,7331.00,7339.50
1785355500,7339.50,7347.50,7329.25,7330.50
1785355800,7330.50,7344.50,7326.50,7336.75
1785418200,7414.25,7416.25,7403.75,7408.25
1785418500,7408.50,7414.50,7403.00,7407.00
1785418800,7407.00,7421.50,7399.75,7417.25
1785419100,7417.25,7427.75,7417.00,7427.50
1785419400,7427.50,7437.25,7424.00,7432.25
1785419700,7432.25,7440.00,7429.25,7439.75
1785420000,7439.50,7443.75,7434.25,7439.00
1785420300,7439.00,7442.75,7428.50,7431.00
1785420600,7431.00,7435.25,7427.50,7433.00
1785420900,7433.00,7438.50,7426.00,7431.25
1785421200,7431.25,7439.25,7429.25,7432.75
1785421500,7432.75,7446.50,7430.50,7439.75
1785421800,7439.75,7442.00,7433.25,7436.50
1785422100,7436.25,7442.75,7433.00,7440.00
1785422400,7440.00,7444.50,7430.00,7431.75
1785422700,7431.75,7434.50,7421.25,7425.50
1785423000,7425.25,7426.75,7413.50,7415.00
1785423300,7415.00,7418.75,7408.75,7415.25
1785423600,7415.25,7419.00,7405.25,7415.25
1785423900,7415.25,7421.25,7406.50,7420.50
1785424200,7420.25,7420.75,7400.75,7401.75
1785424500,7401.75,7410.00,7398.75,7407.50
1785424800,7407.75,7414.50,7404.75,7407.25
1785425100,7407.00,7411.50,7399.00,7400.75
1785425400,7400.75,7414.00,7399.50,7413.75
1785425700,7414.00,7417.75,7407.25,7412.25
1785426000,7412.25,7422.75,7410.50,7419.25
1785426300,7419.75,7425.75,7419.50,7423.75
1785426600,7424.00,7425.50,7416.25,7425.25
1785426900,7425.25,7429.75,7423.50,7424.50
1785427200,7424.50,7436.75,7421.75,7436.00
1785427500,7436.00,7437.50,7431.75,7435.00
1785427800,7434.75,7443.25,7434.50,7441.75
1785428100,7441.75,7445.50,7441.50,7442.75
1785428400,7442.75,7444.75,7439.25,7440.00
1785428700,7440.00,7443.50,7438.75,7441.00
1785429000,7441.00,7442.50,7436.75,7441.25
1785429300,7441.25,7444.50,7438.00,7438.75
1785429600,7438.75,7439.25,7431.00,7434.25
1785429900,7434.00,7441.25,7433.75,7439.25
1785430200,7439.50,7445.75,7436.50,7443.75
1785430500,7443.75,7445.50,7441.50,7443.50
1785430800,7443.75,7455.50,7443.75,7453.75
1785431100,7453.75,7455.50,7450.00,7452.00
1785431400,7452.00,7454.00,7449.50,7450.75
1785431700,7451.00,7456.50,7450.50,7455.75
1785432000,7455.75,7456.00,7451.50,7453.75
1785432300,7453.50,7454.00,7450.50,7451.75
1785432600,7451.75,7454.25,7447.75,7449.25
1785432900,7449.00,7453.25,7445.75,7447.25
1785433200,7447.50,7455.50,7447.25,7453.25
1785433500,7453.25,7455.50,7452.50,7452.50
1785433800,7452.50,7457.75,7452.00,7452.25
1785434100,7452.25,7453.75,7450.25,7451.50
1785434400,7451.75,7456.75,7450.75,7451.00
1785434700,7451.00,7455.75,7450.75,7454.75
1785435000,7454.50,7456.75,7453.25,7455.75
1785435300,7456.00,7457.00,7454.25,7455.25
1785435600,7455.25,7458.50,7454.25,7456.75
1785435900,7457.00,7457.75,7455.00,7457.50
1785436200,7457.50,7459.25,7455.50,7457.00
1785436500,7456.75,7457.25,7454.00,7454.50
1785436800,7454.50,7457.50,7454.50,7457.00
1785437100,7457.00,7459.75,7456.50,7459.00
1785437400,7458.75,7460.75,7457.75,7458.75
1785437700,7458.75,7462.50,7457.75,7461.75
1785438000,7461.50,7467.50,7461.25,7466.25
1785438300,7466.25,7472.25,7465.50,7471.75
1785438600,7471.75,7476.75,7471.75,7474.25
1785438900,7474.50,7478.50,7471.75,7476.50
1785439200,7476.50,7477.00,7473.25,7474.00
1785439500,7474.25,7475.75,7471.00,7471.50
1785439800,7471.50,7473.75,7470.25,7471.50
1785440100,7471.75,7472.75,7468.00,7471.00
1785440400,7471.00,7472.75,7469.00,7471.75
1785440700,7471.75,7472.50,7467.00,7469.75
1785441000,7470.25,7471.00,7465.50,7468.25
1785441300,7468.25,7476.25,7464.25,7472.75
1785441600,7473.00,7492.00,7468.25,7491.75
1785441900,7492.00,7492.00,7482.75,7484.00
1785442200,7483.50,7489.00,7480.25,7487.25
1785504600,7498.75,7515.25,7497.75,7511.75
1785504900,7511.75,7514.75,7493.00,7493.50
1785505200,7493.25,7494.00,7480.25,7482.75
1785505500,7483.00,7487.75,7470.50,7474.25
1785505800,7474.25,7478.25,7466.50,7471.50
1785506100,7471.50,7480.00,7468.25,7470.75
1785506400,7470.50,7476.00,7454.00,7454.50
1785506700,7454.25,7459.00,7435.25,7442.75
1785507000,7442.50,7445.25,7430.50,7435.75
1785507300,7435.50,7446.00,7427.50,7436.75
1785507600,7436.50,7452.00,7434.50,7446.25
1785507900,7446.00,7456.75,7443.50,7455.75
1785508200,7455.75,7462.25,7452.25,7456.00
1785508500,7456.00,7465.25,7455.75,7463.75
1785508800,7463.75,7468.25,7457.00,7467.50
1785509100,7467.50,7476.50,7465.75,7475.75
1785509400,7476.00,7481.25,7471.75,7473.25
1785509700,7473.75,7478.75,7466.50,7476.75
1785510000,7476.75,7478.75,7469.00,7476.50
1785510300,7476.75,7479.75,7465.50,7469.75
1785510600,7470.00,7476.75,7462.75,7473.25
1785510900,7473.00,7483.25,7466.50,7471.25
1785511200,7471.00,7473.25,7461.50,7462.25
1785511500,7462.00,7464.00,7452.50,7454.75
1785511800,7454.50,7459.25,7449.25,7459.25
1785512100,7459.00,7475.25,7458.50,7472.50
1785512400,7472.25,7475.25,7461.25,7470.00
1785512700,7470.00,7471.75,7462.50,7466.00
1785513000,7466.00,7481.25,7464.75,7479.50
1785513300,7479.50,7485.00,7477.00,7482.50
1785513600,7482.50,7487.25,7480.50,7483.75
1785513900,7483.75,7485.25,7475.75,7481.50
1785514200,7481.75,7488.00,7481.25,7486.75
1785514500,7486.75,7487.50,7479.00,7484.50
1785514800,7484.25,7496.00,7483.50,7494.50
1785515100,7494.75,7495.75,7489.50,7495.75
1785515400,7496.00,7500.00,7494.00,7499.25
1785515700,7499.25,7501.00,7495.00,7496.75
1785516000,7496.75,7499.25,7492.50,7493.50
1785516300,7493.50,7497.75,7491.50,7497.25
1785516600,7497.25,7501.75,7495.75,7497.50
1785516900,7497.50,7500.50,7497.00,7497.50
1785517200,7497.75,7505.00,7496.50,7502.00
1785517500,7502.25,7504.50,7497.00,7499.50
1785517800,7499.75,7504.75,7497.75,7503.75
1785518100,7503.75,7507.00,7502.50,7506.25
1785518400,7506.25,7513.00,7503.50,7512.00
1785518700,7512.00,7516.00,7511.00,7514.75
1785519000,7514.75,7516.25,7512.25,7515.50
1785519300,7515.25,7516.75,7509.00,7509.25
1785519600,7509.25,7512.00,7507.50,7510.00
1785519900,7510.00,7513.00,7503.75,7504.25
1785520200,7504.25,7510.25,7503.25,7507.25
1785520500,7507.25,7509.25,7505.50,7505.75
1785520800,7506.00,7512.00,7504.25,7508.00
1785521100,7508.00,7512.00,7506.00,7510.50
1785521400,7510.50,7512.25,7506.50,7508.50
1785521700,7508.50,7514.25,7508.00,7512.50
1785522000,7512.50,7516.25,7512.00,7515.00
1785522300,7515.00,7515.50,7510.75,7512.00
1785522600,7512.00,7514.50,7512.00,7512.50
1785522900,7512.25,7512.75,7509.00,7509.50
1785523200,7509.75,7513.25,7508.25,7512.25
1785523500,7512.25,7515.00,7510.50,7515.00
1785523800,7514.75,7516.75,7513.25,7513.75
1785524100,7513.75,7515.25,7510.50,7512.75
1785524400,7512.75,7517.25,7510.00,7510.75
1785524700,7510.75,7514.00,7509.25,7513.25
1785525000,7513.00,7517.00,7512.50,7514.50
1785525300,7514.50,7527.00,7514.25,7526.75
1785525600,7526.75,7531.00,7525.50,7526.25
1785525900,7526.25,7528.50,7524.75,7526.50
1785526200,7526.50,7526.75,7520.00,7523.50
1785526500,7523.25,7528.25,7523.00,7527.25
1785526800,7527.00,7533.25,7524.50,7532.75
1785527100,7533.00,7537.25,7532.50,7537.00
1785527400,7537.00,7541.00,7530.00,7537.50
1785527700,7537.75,7539.00,7514.50,7520.00
1785528000,7520.25,7527.50,7516.75,7519.75
1785528300,7519.50,7524.00,7517.00,7522.25
1785528600,7522.50,7524.50,7521.25,7521.75
1785763800,7546.00,7565.25,7542.75,7559.25
1785764100,7559.25,7571.00,7559.00,7568.75
1785764400,7568.75,7570.00,7561.00,7567.50
1785764700,7567.50,7575.00,7565.00,7570.75
1785765000,7570.75,7581.50,7567.75,7579.50
1785765300,7579.50,7588.25,7578.25,7587.50
1785765600,7588.25,7591.25,7582.50,7585.75
1785765900,7586.00,7588.25,7583.50,7587.50
1785766200,7587.50,7592.50,7587.25,7591.00
1785766500,7591.00,7597.50,7590.00,7593.75
1785766800,7593.75,7600.00,7593.50,7598.00
1785767100,7598.25,7600.00,7595.50,7597.25
1785767400,7597.00,7598.50,7595.00,7597.25
1785767700,7597.00,7601.50,7596.25,7599.75
1785768000,7600.00,7603.75,7599.50,7601.00
1785768300,7601.25,7601.75,7598.75,7600.75
1785768600,7600.75,7603.25,7600.00,7601.00
1785768900,7601.25,7606.00,7601.25,7606.00
1785769200,7605.75,7606.25,7603.00,7604.50
1785769500,7604.50,7604.50,7599.75,7601.25
1785769800,7601.25,7603.50,7600.00,7602.50
1785770100,7602.50,7606.00,7602.25,7605.75
1785770400,7605.75,7609.00,7605.75,7607.75
1785770700,7607.75,7609.00,7602.25,7603.25
1785771000,7603.25,7606.75,7602.75,7604.75
1785771300,7604.75,7608.00,7603.75,7607.25
1785771600,7607.50,7610.50,7607.25,7608.25
1785771900,7608.50,7613.00,7608.50,7612.50
1785772200,7612.50,7614.00,7611.75,7613.75
1785772500,7613.50,7613.75,7610.00,7611.25
1785772800,7611.50,7613.50,7611.00,7611.50
1785773100,7611.50,7612.50,7610.00,7612.00
1785773400,7612.00,7612.00,7609.25,7611.50
1785773700,7611.25,7614.50,7611.00,7614.25
1785774000,7614.25,7614.50,7612.25,7614.25
1785774300,7614.25,7617.75,7613.50,7617.00
1785774600,7617.25,7618.00,7614.75,7616.00
1785774900,7615.75,7616.25,7613.75,7614.25
1785775200,7614.50,7616.75,7613.75,7616.25
1785775500,7616.25,7616.75,7614.50,7614.50
1785775800,7614.75,7615.50,7612.00,7612.25
1785776100,7612.25,7615.25,7611.50,7613.75
1785776400,7613.75,7614.75,7611.75,7613.75
1785776700,7613.75,7614.50,7611.25,7613.75
1785777000,7613.75,7617.75,7613.75,7616.75
1785777300,7616.50,7619.50,7616.25,7619.25
1785777600,7619.50,7622.00,7618.25,7621.25
1785777900,7621.25,7623.25,7620.00,7622.50
1785778200,7622.25,7625.75,7621.75,7625.25
1785778500,7625.50,7626.25,7623.00,7624.00
1785778800,7624.25,7625.25,7623.25,7625.00
1785779100,7625.00,7627.25,7625.00,7626.50
1785779400,7626.50,7628.25,7626.00,7628.25
1785779700,7628.00,7629.75,7627.25,7628.25
1785780000,7628.25,7633.25,7628.00,7633.00
1785780300,7633.25,7635.25,7632.50,7635.00
1785780600,7634.75,7635.25,7630.00,7631.75
1785780900,7631.75,7634.75,7630.50,7631.25
1785781200,7631.25,7633.25,7629.50,7631.00
1785781500,7631.00,7632.00,7626.25,7627.25
1785781800,7627.25,7629.75,7625.00,7626.50
1785782100,7626.75,7629.75,7626.25,7628.25
1785782400,7628.25,7632.75,7627.25,7632.50
1785782700,7632.50,7633.50,7629.00,7632.50
1785783000,7632.50,7634.25,7630.50,7632.75
1785783300,7632.50,7634.00,7630.75,7631.25
1785783600,7631.00,7638.50,7631.00,7637.00
1785783900,7637.00,7637.25,7632.00,7633.75
1785784200,7633.75,7636.00,7632.50,7633.50
1785784500,7633.75,7636.25,7633.75,7635.25
1785784800,7635.50,7636.50,7633.75,7636.00
1785785100,7636.00,7637.50,7634.25,7635.50
1785785400,7635.50,7637.00,7633.50,7635.50
1785785700,7635.50,7636.50,7631.25,7631.75
1785786000,7631.75,7633.50,7630.50,7632.50
1785786300,7632.50,7634.50,7631.00,7633.25
1785786600,7633.25,7635.50,7627.75,7629.25
1785786900,7629.00,7632.00,7626.25,7628.50
1785787200,7628.50,7629.25,7625.25,7628.75
1785787500,7628.50,7632.50,7628.50,7631.75
1785787800,7631.75,7633.00,7630.50,7632.25
1785850200,7657.50,7670.25,7656.00,7669.75
1785850500,7669.75,7673.25,7666.25,7670.25
1785850800,7670.50,7673.50,7667.50,7670.00
1785851100,7670.00,7677.00,7669.75,7676.75
1785851400,7677.00,7686.75,7675.25,7686.00
1785851700,7685.75,7686.25,7678.25,7685.25
1785852000,7685.25,7693.25,7682.50,7690.75
1785852300,7690.75,7697.75,7689.75,7695.50
1785852600,7695.50,7700.50,7694.75,7700.50
1785852900,7700.50,7706.25,7699.50,7704.75
1785853200,7704.75,7705.00,7693.50,7695.50
1785853500,7695.25,7700.75,7695.00,7696.75
1785853800,7696.75,7702.50,7692.75,7701.50
1785854100,7701.50,7709.75,7699.75,7704.00
1785854400,7704.00,7711.25,7703.00,7710.25
1785854700,7710.25,7712.00,7707.75,7711.00
1785855000,7711.25,7712.75,7708.50,7711.00
1785855300,7711.25,7716.50,7710.25,7715.50
1785855600,7715.25,7721.25,7713.75,7721.00
1785855900,7720.75,7721.25,7715.75,7720.75
1785856200,7720.50,7724.00,7719.25,7721.25
1785856500,7721.50,7726.00,7721.00,7725.75
1785856800,7725.75,7730.00,7724.25,7730.00
1785857100,7730.00,7731.25,7725.00,7726.00
1785857400,7725.75,7728.25,7724.00,7725.00
1785857700,7724.75,7733.50,7724.50,7730.25
1785858000,7730.25,7735.75,7729.50,7735.25
1785858300,7735.25,7739.50,7735.00,7738.75
1785858600,7738.75,7741.25,7733.75,7734.50
1785858900,7734.50,7738.50,7734.00,7736.50
1785859200,7736.50,7741.00,7736.00,7739.75
1785859500,7739.50,7741.75,7735.25,7736.00
1785859800,7736.00,7737.25,7733.25,7734.50
1785860100,7734.50,7740.00,7734.50,7739.25
1785860400,7739.25,7745.25,7738.75,7744.50
1785860700,7744.50,7745.75,7742.25,7744.50
1785861000,7744.50,7748.75,7742.25,7747.25
1785861300,7747.50,7749.25,7744.50,7747.25
1785861600,7747.25,7752.75,7746.00,7752.25
1785861900,7752.25,7754.75,7752.00,7754.50
1785862200,7754.25,7755.75,7753.25,7754.25
1785862500,7754.25,7755.25,7753.00,7755.00
1785862800,7755.25,7763.25,7754.25,7762.75
1785863100,7762.75,7765.75,7760.00,7763.00
1785863400,7763.00,7765.00,7761.75,7764.75
1785863700,7765.00,7769.00,7765.00,7766.25
1785864000,7766.25,7766.75,7762.00,7764.75
1785864300,7764.75,7767.25,7764.00,7765.25
1785864600,7765.25,7766.50,7762.00,7766.25
1785864900,7766.00,7771.75,7765.75,7771.00
1785865200,7771.25,7776.50,7771.00,7775.75
1785865500,7776.00,7783.75,7776.00,7779.75
1785865800,7779.75,7779.75,7768.75,7771.00
1785866100,7771.00,7774.00,7768.00,7768.00
1785866400,7768.00,7772.50,7763.25,7765.50
1785866700,7765.75,7772.25,7764.75,7770.75
1785867000,7770.50,7774.75,7769.25,7774.00
1785867300,7774.25,7776.25,7772.00,7773.25
1785867600,7773.50,7777.00,7772.50,7773.75
1785867900,7773.50,7776.25,7772.25,7775.75
1785868200,7776.00,7777.00,7773.25,7774.00
1785868500,7773.50,7775.50,7769.75,7771.00
1785868800,7770.75,7771.00,7766.00,7769.25
1785869100,7769.50,7775.25,7769.25,7772.75
1785869400,7772.50,7775.00,7771.25,7771.75
1785869700,7772.00,7773.50,7771.25,7773.00
1785870000,7773.00,7782.00,7772.50,7779.75
1785870300,7780.00,7782.25,7777.50,7782.25
1785870600,7782.25,7782.50,7779.25,7780.75
1785870900,7780.75,7783.00,7779.50,7782.00
1785871200,7782.00,7783.25,7779.00,7780.00
1785871500,7780.00,7781.00,7773.00,7775.25
1785871800,7775.00,7778.25,7773.00,7777.75
1785872100,7777.75,7780.75,7774.75,7779.25
1785872400,7779.25,7785.25,7779.00,7784.25
1785872700,7784.25,7786.00,7779.25,7780.75
1785873000,7780.75,7782.75,7769.00,7769.25
1785873300,7769.25,7775.50,7761.25,7764.25
1785873600,7764.25,7775.00,7763.25,7774.25
1785873900,7774.50,7781.00,7774.00,7774.50
1785874200,7774.75,7775.50,7771.25,7773.75
1785936600,7809.50,7819.50,7804.00,7814.00
1785936900,7813.75,7820.25,7804.50,7817.00
1785937200,7817.25,7820.25,7810.25,7817.25
1785937500,7817.25,7818.75,7804.75,7805.50
1785937800,7805.75,7810.75,7794.75,7810.75
1785938100,7810.75,7819.25,7805.50,7819.00
1785938400,7818.75,7818.75,7801.00,7809.75
1785938700,7810.00,7817.50,7807.75,7812.50
1785939000,7812.75,7817.50,7809.75,7813.75
1785939300,7814.00,7816.75,7808.25,7808.50
1785939600,7808.50,7810.25,7799.25,7809.75
1785939900,7809.75,7814.25,7799.25,7799.75
1785940200,7799.75,7802.50,7794.00,7798.25
1785940500,7798.00,7800.50,7790.25,7791.25
1785940800,7791.25,7796.25,7788.00,7792.00
1785941100,7792.00,7799.75,7790.25,7798.00
1785941400,7797.75,7800.50,7778.25,7783.25
1785941700,7783.00,7789.25,7778.75,7786.25
1785942000,7786.25,7791.50,7785.00,7787.75
1785942300,7788.00,7790.50,7783.25,7788.00
1785942600,7787.75,7791.25,7781.50,7782.25
1785942900,7782.25,7783.50,7764.50,7775.75
1785943200,7775.75,7778.50,7772.25,7773.25
1785943500,7773.25,7774.25,7766.50,7769.00
1785943800,7768.75,7777.00,7768.25,7770.50
1785944100,7770.50,7774.50,7769.25,7773.00
1785944400,7773.00,7774.25,7768.25,7771.75
1785944700,7771.50,7771.75,7764.25,7765.00
1785945000,7764.75,7767.50,7762.75,7763.75
1785945300,7763.75,7764.25,7754.50,7757.75
1785945600,7757.75,7761.75,7752.25,7760.00
1785945900,7760.25,7760.25,7750.50,7754.00
1785946200,7754.00,7756.50,7750.75,7756.25
1785946500,7756.00,7763.75,7753.75,7757.75
1785946800,7757.75,7769.25,7756.75,7762.25
1785947100,7762.25,7772.50,7762.00,7772.25
1785947400,7772.25,7773.75,7763.25,7768.25
1785947700,7768.25,7769.75,7764.50,7766.50
1785948000,7766.75,7771.50,7765.00,7767.25
1785948300,7767.25,7769.00,7764.00,7765.50
1785948600,7765.25,7772.00,7764.75,7771.25
1785948900,7771.00,7773.00,7767.75,7769.75
1785949200,7769.75,7773.00,7764.25,7765.50
1785949500,7765.25,7767.25,7762.00,7764.75
1785949800,7764.75,7769.00,7762.00,7766.75
1785950100,7766.50,7769.75,7763.50,7765.00
1785950400,7765.25,7766.00,7761.25,7766.00
1785950700,7765.75,7769.50,7764.00,7764.75
1785951000,7764.75,7769.00,7762.50,7767.50
1785951300,7767.50,7769.50,7766.25,7768.25
1785951600,7768.00,7771.75,7768.00,7768.75
1785951900,7768.75,7771.00,7765.00,7770.00
1785952200,7770.25,7771.50,7767.50,7767.75
1785952500,7767.75,7769.75,7766.00,7767.00
1785952800,7767.00,7773.75,7766.75,7772.75
1785953100,7773.00,7774.75,7768.25,7771.00
1785953400,7771.00,7772.75,7769.00,7769.50
1785953700,7769.50,7772.75,7768.25,7772.00
1785954000,7771.75,7772.25,7769.00,7770.25
1785954300,7770.00,7773.00,7769.50,7771.00
1785954600,7770.75,7771.00,7763.50,7765.25
1785954900,7765.25,7768.75,7765.00,7766.50
1785955200,7766.50,7768.50,7765.50,7767.75
1785955500,7767.50,7771.50,7767.00,7770.00
1785955800,7770.00,7771.50,7768.00,7769.25
1785956100,7769.25,7769.50,7765.00,7765.25
1785956400,7765.50,7768.00,7763.75,7767.75
1785956700,7767.75,7770.00,7766.75,7768.25
1785957000,7768.50,7769.50,7766.75,7769.00
1785957300,7769.00,7771.00,7768.00,7769.75
1785957600,7770.00,7771.50,7767.75,7770.00
1785957900,7769.75,7771.00,7768.75,7769.25
1785958200,7769.00,7770.25,7764.75,7766.50
1785958500,7766.50,7766.50,7763.50,7764.00
1785958800,7764.00,7767.50,7763.75,7766.00
1785959100,7766.00,7768.00,7763.00,7766.00
1785959400,7766.00,7768.50,7764.50,7766.00
1785959700,7766.00,7767.50,7745.75,7748.00
1785960000,7748.00,7754.50,7747.00,7753.25
1785960300,7753.00,7755.00,7748.25,7754.25
1785960600,7754.25,7760.50,7753.25,7759.75
1786023000,7751.75,7757.25,7740.25,7749.00
1786023300,7749.00,7759.00,7745.75,7746.75
1786023600,7747.00,7759.75,7745.00,7755.50
1786023900,7755.25,7765.50,7755.00,7763.00
1786024200,7763.00,7765.75,7758.00,7759.25
1786024500,7759.50,7763.00,7755.50,7759.25
1786024800,7759.25,7763.75,7756.00,7761.75
1786025100,7761.75,7765.25,7759.00,7764.75
1786025400,7764.50,7767.75,7764.00,7765.75
1786025700,7765.75,7768.25,7761.25,7767.50
1786026000,7767.50,7768.50,7761.75,7762.25
1786026300,7762.50,7763.00,7750.75,7754.50
1786026600,7754.75,7759.00,7751.50,7758.25
1786026900,7758.00,7759.75,7747.50,7747.50
1786027200,7747.50,7757.25,7746.50,7751.50
1786027500,7751.50,7752.75,7746.25,7746.75
1786027800,7746.50,7755.00,7745.50,7755.00
1786028100,7755.00,7760.75,7753.00,7760.00
1786028400,7760.00,7762.50,7750.75,7752.50
1786028700,7752.75,7758.25,7752.50,7755.75
1786029000,7755.75,7757.50,7749.00,7749.50
1786029300,7749.50,7751.25,7739.25,7739.50
1786029600,7739.25,7742.50,7735.75,7739.00
1786029900,7739.00,7743.00,7736.25,7742.50
1786030200,7742.25,7744.25,7734.75,7734.75
1786030500,7734.75,7739.00,7732.75,7736.50
1786030800,7736.75,7738.75,7732.75,7733.00
1786031100,7732.75,7745.75,7732.75,7741.75
1786031400,7741.75,7747.75,7730.25,7730.75
1786031700,7731.00,7735.50,7729.00,7731.00
1786032000,7731.25,7733.00,7727.00,7730.00
1786032300,7730.25,7734.75,7728.75,7733.00
1786032600,7732.75,7735.00,7727.75,7729.50
1786032900,7729.50,7732.75,7724.25,7731.75
1786033200,7732.00,7733.25,7728.25,7732.25
1786033500,7732.25,7734.75,7729.50,7732.00
1786033800,7732.25,7738.00,7730.75,7732.75
1786034100,7733.00,7738.50,7731.50,7738.50
1786034400,7738.50,7738.75,7730.25,7730.25
1786034700,7730.25,7734.00,7728.75,7733.75
1786035000,7733.75,7736.25,7732.00,7733.25
1786035300,7733.50,7740.50,7733.00,7739.25
1786035600,7739.50,7741.75,7736.50,7737.25
1786035900,7737.50,7741.00,7732.25,7733.00
1786036200,7733.00,7735.50,7730.50,7731.00
1786036500,7731.00,7734.50,7729.75,7733.00
1786036800,7733.25,7733.75,7728.50,7729.25
1786037100,7729.25,7732.25,7727.50,7727.75
1786037400,7728.00,7731.75,7726.75,7730.50
1786037700,7730.50,7732.50,7729.25,7729.75
1786038000,7730.00,7731.25,7727.75,7731.00
1786038300,7731.00,7733.50,7729.25,7729.25
1786038600,7729.50,7734.75,7729.25,7734.00
1786038900,7734.00,7736.25,7732.25,7736.00
1786039200,7736.25,7738.75,7734.50,7738.50
1786039500,7738.50,7739.50,7736.00,7738.50
1786039800,7738.50,7742.50,7736.75,7741.25
1786040100,7741.50,7747.25,7735.75,7743.00
1786040400,7743.25,7746.00,7743.00,7745.00
1786040700,7745.25,7745.75,7741.50,7744.00
1786041000,7743.75,7744.50,7740.00,7740.75
1786041300,7740.50,7742.75,7737.25,7738.00
1786041600,7738.25,7739.00,7734.50,7737.50
1786041900,7737.25,7741.50,7736.75,7738.75
1786042200,7738.75,7740.25,7737.25,7738.75
1786042500,7738.50,7740.75,7738.00,7739.50
1786042800,7739.75,7745.75,7739.50,7745.50
1786043100,7745.50,7747.25,7742.50,7747.00
1786043400,7747.25,7747.75,7742.75,7743.50
1786043700,7743.25,7743.50,7740.50,7741.50
1786044000,7741.75,7744.75,7737.75,7738.00
1786044300,7738.00,7739.75,7735.25,7736.50
1786044600,7736.50,7740.00,7734.00,7739.50
1786044900,7739.50,7739.75,7735.00,7735.00
1786045200,7735.25,7735.75,7730.50,7733.00
1786045500,7733.00,7735.00,7729.25,7734.25
1786045800,7734.00,7738.25,7727.00,7736.75
1786046100,7736.50,7739.00,7731.50,7735.50
1786046400,7735.25,7741.25,7735.25,7739.25
1786046700,7739.50,7741.00,7738.50,7740.00
1786047000,7740.00,7740.75,7737.50,7737.75
1786109400,7757.25,7763.50,7753.50,7762.00
1786109700,7762.25,7762.75,7753.75,7758.25
1786110000,7758.50,7768.50,7755.75,7767.25
1786110300,7767.25,7770.75,7758.50,7764.75
1786110600,7764.75,7769.75,7763.00,7767.25
1786110900,7767.00,7769.00,7751.50,7757.75
1786111200,7758.00,7763.50,7751.25,7751.50
1786111500,7751.75,7758.50,7751.00,7752.50
1786111800,7752.25,7755.50,7743.25,7746.00
1786112100,7745.75,7766.00,7744.00,7765.75
1786112400,7765.75,7770.25,7762.50,7767.75
1786112700,7768.00,7780.50,7767.75,7779.50
1786113000,7779.25,7781.25,7771.25,7773.50
1786113300,7773.75,7775.75,7764.50,7766.50
1786113600,7766.50,7772.25,7764.50,7767.25
1786113900,7767.00,7774.75,7767.00,7771.75
1786114200,7771.50,7773.00,7766.25,7769.75
1786114500,7769.75,7777.75,7769.25,7776.50
1786114800,7776.50,7777.00,7771.50,7775.25
1786115100,7775.25,7778.00,7774.50,7777.00
1786115400,7777.25,7781.75,7774.00,7778.75
1786115700,7778.50,7779.25,7775.25,7776.00
1786116000,7776.25,7784.00,7775.75,7783.00
1786116300,7783.00,7786.75,7782.25,7784.25
1786116600,7784.25,7786.75,7781.50,7781.75
1786116900,7782.00,7783.25,7779.50,7781.50
1786117200,7781.75,7784.00,7776.50,7779.25
1786117500,7779.25,7783.75,7778.00,7783.25
1786117800,7783.00,7784.00,7778.00,7780.75
1786118100,7780.75,7781.00,7775.00,7778.00
1786118400,7778.00,7779.25,7774.75,7779.00
1786118700,7779.25,7781.25,7777.50,7779.00
1786119000,7779.25,7781.00,7777.25,7777.50
1786119300,7777.50,7779.75,7776.00,7777.25
1786119600,7777.25,7781.25,7769.75,7770.00
1786119900,7770.00,7770.75,7760.50,7764.50
1786120200,7764.75,7767.25,7757.75,7766.75
1786120500,7766.75,7771.25,7764.25,7770.50
1786120800,7770.50,7773.75,7769.75,7773.50
1786121100,7773.50,7775.00,7771.50,7774.00
1786121400,7774.00,7776.25,7768.25,7769.25
1786121700,7769.50,7771.50,7766.75,7767.25
1786122000,7767.00,7770.50,7765.00,7767.75
1786122300,7767.75,7770.50,7767.75,7770.00
1786122600,7770.00,7771.25,7767.25,7768.00
1786122900,7767.75,7771.25,7767.25,7770.50
1786123200,7770.50,7771.75,7766.25,7766.25
1786123500,7766.25,7769.75,7765.00,7768.50
1786123800,7768.50,7769.75,7764.50,7766.75
1786124100,7766.75,7771.50,7766.25,7771.00
1786124400,7771.25,7771.50,7768.50,7769.00
1786124700,7769.00,7771.75,7768.00,7770.25
1786125000,7770.25,7772.25,7767.00,7770.25
1786125300,7770.25,7771.50,7768.75,7768.75
1786125600,7768.75,7770.25,7768.25,7768.50
1786125900,7768.75,7769.25,7765.50,7767.75
1786126200,7767.75,7768.50,7761.75,7763.00
1786126500,7763.00,7765.50,7762.00,7764.50
1786126800,7764.75,7765.25,7762.75,7764.00
1786127100,7763.75,7765.00,7761.75,7762.25
1786127400,7762.00,7764.00,7760.50,7761.00
1786127700,7761.25,7762.50,7759.25,7760.50
1786128000,7760.50,7761.25,7756.00,7757.25
1786128300,7757.25,7760.25,7756.25,7759.75
1786128600,7759.75,7762.50,7759.50,7760.50
1786128900,7760.75,7765.25,7759.25,7764.50
1786129200,7764.25,7772.25,7763.75,7768.00
1786129500,7768.00,7774.50,7768.00,7774.25
1786129800,7774.25,7778.25,7774.00,7776.50
1786130100,7776.75,7782.25,7775.50,7776.00
1786130400,7776.00,7780.00,7776.00,7776.50
1786130700,7776.50,7778.75,7776.00,7778.50
1786131000,7778.50,7778.50,7774.00,7775.25
1786131300,7775.25,7779.00,7773.75,7777.00
1786131600,7777.00,7777.50,7772.75,7773.25
1786131900,7773.25,7777.50,7773.00,7776.00
1786132200,7776.25,7778.50,7774.00,7776.00
1786132500,7775.75,7785.50,7775.50,7778.50
1786132800,7778.50,7781.00,7775.50,7776.00
1786133100,7775.75,7777.25,7774.00,7774.50
1786133400,7774.50,7776.50,7774.25,7775.25
1786368600,7773.00,7783.25,7772.00,7772.75
1786368900,7773.00,7777.75,7771.25,7774.75
1786369200,7774.75,7777.50,7771.50,7773.00
1786369500,7773.00,7779.25,7772.50,7777.75
1786369800,7777.75,7780.75,7771.00,7777.75
1786370100,7777.75,7782.00,7776.50,7781.00
1786370400,7780.75,7785.00,7780.25,7783.25
1786370700,7783.50,7787.00,7782.00,7787.00
1786371000,7787.00,7789.50,7785.25,7789.00
1786371300,7789.00,7790.25,7786.25,7789.50
1786371600,7789.50,7790.50,7784.75,7786.25
1786371900,7786.25,7791.25,7784.00,7790.00
1786372200,7790.00,7793.50,7789.25,7790.00
1786372500,7790.00,7792.75,7788.25,7790.00
1786372800,7789.75,7793.00,7789.50,7792.50
1786373100,7792.50,7797.00,7792.25,7795.50
1786373400,7795.75,7796.25,7784.50,7785.25
1786373700,7785.00,7787.75,7781.25,7781.50
1786374000,7781.50,7786.00,7779.25,7783.75
1786374300,7783.75,7787.00,7782.00,7782.00
1786374600,7782.00,7785.75,7780.75,7784.50
1786374900,7784.75,7788.75,7784.00,7786.00
1786375200,7785.75,7787.75,7784.50,7785.75
1786375500,7785.75,7786.00,7780.50,7784.25
1786375800,7784.00,7785.25,7780.00,7780.75
1786376100,7780.50,7782.50,7778.00,7779.25
1786376400,7779.00,7784.75,7778.00,7784.50
1786376700,7784.50,7785.25,7781.50,7782.25
1786377000,7782.00,7790.00,7781.25,7788.75
1786377300,7788.75,7790.75,7787.00,7789.75
1786377600,7789.75,7791.25,7787.00,7788.25
1786377900,7788.50,7788.75,7785.25,7786.50
1786378200,7786.50,7788.25,7784.25,7784.25
1786378500,7784.25,7784.50,7781.00,7783.25
1786378800,7783.25,7785.25,7781.00,7784.00
1786379100,7784.00,7785.75,7780.00,7780.25
1786379400,7780.50,7781.50,7763.75,7773.75
1786379700,7773.75,7777.25,7771.50,7772.00
1786380000,7772.25,7773.00,7766.00,7768.00
1786380300,7768.00,7772.75,7765.50,7772.75
1786380600,7772.75,7773.00,7769.25,7772.00
1786380900,7772.00,7776.25,7771.50,7776.25
1786381200,7776.25,7777.00,7771.50,7773.25
1786381500,7773.25,7777.50,7772.25,7777.50
1786381800,7777.50,7779.00,7775.75,7777.75
1786382100,7777.50,7779.50,7776.50,7777.75
1786382400,7778.00,7778.75,7776.50,7778.00
1786382700,7778.25,7778.50,7775.00,7777.75
1786383000,7777.75,7779.50,7777.25,7777.75
1786383300,7777.75,7778.00,7774.00,7774.75
1786383600,7774.75,7776.25,7772.50,7772.75
1786383900,7773.00,7774.25,7772.00,7773.25
1786384200,7773.50,7774.00,7771.25,7772.75
1786384500,7772.75,7774.75,7771.75,7774.00
1786384800,7773.75,7775.50,7773.00,7773.75
1786385100,7774.00,7776.75,7773.00,7776.00
1786385400,7776.00,7777.25,7773.00,7773.25
1786385700,7773.25,7774.00,7771.75,7772.25
1786386000,7772.25,7774.00,7771.50,7772.00
1786386300,7772.00,7773.25,7771.50,7771.75
1786386600,7771.75,7773.25,7769.75,7772.00
1786386900,7772.00,7773.50,7769.50,7772.00
1786387200,7772.25,7775.75,7771.75,7775.25
1786387500,7775.25,7776.00,7774.00,7775.25
1786387800,7775.25,7778.00,7775.25,7777.75
1786388100,7777.75,7779.75,7776.50,7778.50
1786388400,7778.75,7779.75,7777.25,7778.50
1786388700,7778.50,7780.75,7777.75,7780.50
1786389000,7780.75,7780.75,7778.75,7779.75
1786389300,7779.75,7781.25,7778.75,7779.75
1786389600,7779.75,7780.50,7778.50,7780.50
1786389900,7780.50,7780.75,7775.50,7776.00
1786390200,7776.00,7776.50,7773.75,7775.50
1786390500,7775.25,7779.50,7774.25,7778.50
1786390800,7778.50,7778.75,7776.00,7777.50
1786391100,7777.50,7778.75,7775.50,7778.25
1786391400,7778.25,7778.25,7770.50,7771.25
1786391700,7771.25,7779.00,7770.25,7778.00
1786392000,7778.00,7778.25,7774.75,7775.75
1786392300,7775.75,7776.50,7775.00,7776.00
1786392600,7775.75,7776.00,7775.00,7775.25
1786455000,7791.50,7792.50,7778.50,7780.75
1786455300,7781.00,7781.75,7774.75,7777.25
1786455600,7777.50,7783.50,7777.00,7778.75
1786455900,7779.00,7781.00,7771.75,7774.25
1786456200,7774.25,7777.50,7771.75,7775.00
1786456500,7774.75,7782.50,7773.75,7782.25
1786456800,7782.50,7787.00,7780.75,7785.00
1786457100,7784.75,7786.00,7781.00,7784.00
1786457400,7784.00,7785.75,7781.75,7783.75
1786457700,7783.75,7785.50,7779.50,7782.25
1786458000,7782.25,7785.00,7779.75,7780.00
1786458300,7780.00,7785.50,7778.75,7784.75
1786458600,7784.75,7785.50,7780.50,7782.75
1786458900,7782.75,7783.75,7777.25,7779.25
1786459200,7779.50,7782.25,7778.75,7779.50
1786459500,7779.50,7785.50,7779.25,7785.00
1786459800,7784.75,7786.25,7780.25,7784.75
1786460100,7784.75,7786.25,7781.00,7782.00
1786460400,7782.00,7784.00,7779.25,7781.00
1786460700,7780.75,7781.00,7772.75,7773.50
1786461000,7773.50,7775.25,7771.00,7772.50
1786461300,7772.00,7772.25,7767.50,7770.00
1786461600,7770.00,7774.00,7769.25,7771.00
1786461900,7770.75,7772.50,7769.50,7769.50
1786462200,7769.75,7771.25,7763.25,7764.75
1786462500,7765.00,7766.75,7762.50,7764.00
1786462800,7764.25,7767.75,7763.25,7767.25
1786463100,7767.25,7767.25,7764.25,7765.25
1786463400,7765.25,7768.00,7763.00,7763.75
1786463700,7763.75,7766.75,7763.25,7765.50
1786464000,7765.50,7768.50,7765.50,7765.50
1786464300,7765.50,7769.50,7765.00,7768.50
1786464600,7768.75,7768.75,7764.75,7765.25
1786464900,7765.25,7770.00,7765.00,7766.00
1786465200,7766.25,7767.50,7761.50,7762.50
1786465500,7762.25,7764.25,7759.00,7763.25
1786465800,7763.50,7764.50,7760.00,7760.75
1786466100,7760.75,7765.25,7760.50,7764.00
1786466400,7763.75,7764.00,7761.00,7761.25
1786466700,7761.25,7761.50,7758.00,7759.75
1786467000,7759.75,7761.00,7758.25,7759.00
1786467300,7759.00,7759.25,7755.50,7756.75
1786467600,7756.75,7758.00,7753.00,7753.00
1786467900,7753.00,7756.25,7752.75,7754.25
1786468200,7754.00,7754.00,7748.25,7748.50
1786468500,7748.75,7753.75,7747.75,7752.75
1786468800,7752.75,7755.50,7751.25,7754.25
1786469100,7754.00,7755.50,7751.75,7753.75
1786469400,7753.50,7754.75,7752.25,7754.75
1786469700,7754.75,7756.75,7753.00,7754.25
1786470000,7754.25,7758.50,7753.75,7758.00
1786470300,7758.00,7759.00,7756.50,7757.00
1786470600,7757.25,7758.50,7756.75,7758.25
1786470900,7758.25,7758.25,7756.25,7757.50
1786471200,7757.50,7757.75,7754.25,7756.25
1786471500,7756.25,7757.00,7752.00,7752.50
1786471800,7752.50,7754.75,7752.00,7754.00
1786472100,7754.00,7755.00,7752.00,7753.00
1786472400,7752.75,7753.00,7748.00,7750.50
1786472700,7750.50,7751.00,7739.25,7740.50
1786473000,7740.50,7746.25,7740.50,7745.25
1786473300,7745.50,7747.75,7744.50,7745.50
1786473600,7745.25,7745.25,7742.00,7743.50
1786473900,7743.25,7749.00,7743.25,7748.50
1786474200,7748.50,7750.25,7747.00,7749.25
1786474500,7749.25,7749.50,7746.00,7746.25
1786474800,7746.00,7747.50,7744.00,7746.25
1786475100,7746.25,7747.00,7743.75,7746.25
1786475400,7746.00,7749.00,7745.50,7747.75
1786475700,7748.00,7750.50,7747.25,7749.75
1786476000,7749.75,7752.00,7749.00,7751.75
1786476300,7751.50,7752.50,7749.75,7751.75
1786476600,7751.75,7754.00,7751.25,7753.75
1786476900,7753.50,7756.75,7752.50,7756.25
1786477200,7756.50,7756.50,7752.50,7752.50
1786477500,7752.75,7753.00,7748.50,7749.25
1786477800,7749.50,7750.25,7743.50,7749.75
1786478100,7749.25,7750.75,7743.50,7750.00
1786478400,7749.75,7752.25,7746.75,7748.00
1786478700,7748.00,7752.00,7748.00,7752.00
1786479000,7752.00,7753.00,7750.25,7752.25
1786541400,7791.75,7794.00,7771.75,7775.00
1786541700,7775.00,7780.00,7772.50,7773.25
1786542000,7773.50,7776.00,7769.00,7772.75
1786542300,7772.75,7782.50,7768.25,7780.00
1786542600,7780.00,7780.25,7770.25,7770.75
1786542900,7770.75,7772.75,7765.50,7770.50
1786543200,7770.50,7773.00,7763.75,7764.00
1786543500,7764.00,7770.00,7763.50,7768.50
1786543800,7768.50,7772.00,7766.00,7768.50
1786544100,7768.50,7775.00,7766.75,7769.50
1786544400,7769.50,7775.00,7766.25,7774.00
1786544700,7774.00,7777.75,7770.25,7772.25
1786545000,7772.25,7774.75,7756.25,7765.00
1786545300,7765.25,7772.50,7763.75,7772.50
1786545600,7772.50,7775.50,7771.25,7775.25
1786545900,7775.25,7776.75,7768.50,7771.50
1786546200,7771.25,7771.75,7764.50,7764.75
1786546500,7765.00,7768.00,7762.75,7766.75
1786546800,7766.75,7767.50,7762.00,7763.25
1786547100,7763.00,7766.75,7761.75,7765.75
1786547400,7765.75,7768.75,7762.50,7766.50
1786547700,7766.00,7768.00,7763.75,7765.75
1786548000,7765.75,7766.75,7761.75,7763.75
1786548300,7763.75,7768.50,7763.00,7768.25
1786548600,7768.25,7769.50,7761.25,7763.50
1786548900,7763.50,7766.50,7761.00,7761.50
1786549200,7761.25,7764.25,7760.25,7762.75
1786549500,7762.50,7766.50,7762.00,7766.50
1786549800,7766.50,7766.50,7763.00,7764.25
1786550100,7764.00,7765.50,7763.25,7764.75
1786550400,7764.75,7769.00,7764.25,7766.75
1786550700,7766.75,7768.25,7764.50,7768.25
1786551000,7768.25,7770.75,7766.50,7769.75
1786551300,7769.75,7770.75,7768.00,7768.50
1786551600,7768.75,7770.75,7767.75,7770.50
1786551900,7770.25,7771.25,7768.50,7769.00
1786552200,7769.00,7769.75,7766.25,7766.25
1786552500,7766.25,7772.25,7766.00,7772.00
1786552800,7772.00,7773.50,7771.00,7771.75
1786553100,7771.75,7773.25,7770.00,7772.75
1786553400,7772.75,7776.25,7772.75,7775.00
1786553700,7775.00,7775.00,7772.50,7773.50
1786554000,7773.50,7775.25,7772.75,7775.00
1786554300,7775.00,7777.50,7774.25,7774.25
1786554600,7774.50,7775.00,7772.00,7774.75
1786554900,7774.75,7774.75,7770.50,7772.25
1786555200,7772.00,7773.50,7770.75,7772.25
1786555500,7772.25,7774.75,7771.75,7772.50
1786555800,7772.50,7774.50,7771.25,7773.50
1786556100,7773.50,7774.00,7771.75,7773.25
1786556400,7773.00,7774.25,7771.00,7773.25
1786556700,7773.00,7774.00,7772.00,7772.25
1786557000,7772.25,7774.25,7771.50,7771.75
1786557300,7771.75,7773.50,7770.75,7772.50
1786557600,7772.50,7774.25,7772.25,7773.50
1786557900,7773.25,7774.25,7772.75,7773.25
1786558200,7773.50,7776.75,7773.50,7775.75
1786558500,7775.50,7776.00,7774.50,7776.00
1786558800,7776.00,7777.00,7774.00,7776.75
1786559100,7776.75,7777.75,7775.25,7775.25
1786559400,7775.25,7779.25,7775.25,7778.25
1786559700,7778.00,7779.75,7777.75,7778.75
1786560000,7778.75,7781.00,7778.75,7779.50
1786560300,7779.50,7780.25,7778.25,7780.25
1786560600,7780.00,7781.00,7779.00,7779.25
1786560900,7779.00,7779.00,7774.50,7775.00
1786561200,7775.00,7778.00,7774.75,7777.25
1786561500,7777.25,7778.75,7777.00,7777.00
1786561800,7777.00,7777.75,7774.75,7775.75
1786562100,7775.75,7777.00,7775.25,7776.00
1786562400,7776.25,7776.25,7772.75,7773.25
1786562700,7773.25,7774.75,7772.75,7774.75
1786563000,7774.50,7775.00,7772.50,7773.50
1786563300,7773.25,7774.75,7773.25,7773.75
1786563600,7773.50,7774.00,7770.25,7773.50
1786563900,7773.25,7774.75,7771.50,7773.50
1786564200,7773.75,7774.00,7766.25,7767.00
1786564500,7767.00,7771.50,7764.50,7769.75
1786564800,7769.75,7775.50,7768.50,7774.50
1786565100,7774.25,7778.00,7772.25,7773.75
1786565400,7773.75,7774.25,7770.75,7772.25
1786627800,7793.25,7799.50,7785.25,7798.50
1786628100,7798.25,7809.25,7798.00,7809.00
1786628400,7809.00,7809.00,7800.00,7801.50
1786628700,7801.50,7814.25,7800.50,7813.00
1786629000,7813.00,7816.25,7811.00,7816.00
1786629300,7816.00,7821.50,7813.75,7820.75
1786629600,7820.75,7827.50,7819.75,7827.00
1786629900,7827.00,7828.75,7823.75,7826.00
1786630200,7826.00,7830.25,7825.75,7829.50
1786630500,7829.75,7831.25,7824.50,7830.00
1786630800,7829.75,7836.75,7828.25,7834.75
1786631100,7834.75,7837.00,7833.50,7836.25
1786631400,7836.25,7838.25,7834.25,7836.75
1786631700,7836.75,7838.50,7832.50,7835.25
1786632000,7835.00,7835.75,7830.25,7830.25
1786632300,7830.25,7830.50,7819.50,7821.25
1786632600,7821.00,7823.75,7820.00,7823.00
1786632900,7823.00,7824.25,7817.75,7822.25
1786633200,7822.00,7826.75,7817.25,7818.25
1786633500,7818.00,7820.50,7813.75,7816.75
1786633800,7816.75,7818.00,7814.50,7815.50
1786634100,7815.50,7816.75,7811.50,7816.00
1786634400,7816.00,7817.00,7812.50,7813.50
1786634700,7813.50,7813.50,7803.25,7805.75
1786635000,7806.00,7807.50,7801.25,7801.50
1786635300,7801.75,7805.50,7800.00,7803.75
1786635600,7803.75,7808.00,7801.00,7803.75
1786635900,7803.50,7805.50,7800.75,7803.25
1786636200,7803.00,7803.25,7799.00,7800.75
1786636500,7800.75,7803.50,7797.75,7799.00
1786636800,7799.00,7804.50,7798.50,7803.25
1786637100,7803.00,7807.00,7803.00,7803.75
1786637400,7803.75,7805.25,7800.75,7801.25
1786637700,7801.00,7803.00,7799.75,7802.50
1786638000,7802.50,7805.00,7801.50,7804.75
1786638300,7804.50,7809.50,7804.50,7809.25
1786638600,7809.25,7811.50,7808.00,7810.75
1786638900,7810.50,7811.25,7806.00,7807.25
1786639200,7807.00,7809.25,7806.00,7808.50
1786639500,7808.50,7811.00,7808.25,7810.00
1786639800,7810.00,7812.25,7810.00,7811.00
1786640100,7811.00,7811.75,7809.75,7811.25
1786640400,7811.25,7814.75,7811.25,7814.25
1786640700,7814.25,7818.25,7813.50,7816.75
1786641000,7816.75,7817.50,7815.00,7816.25
1786641300,7816.25,7818.50,7815.75,7818.50
1786641600,7818.50,7819.25,7816.00,7817.00
1786641900,7817.25,7817.50,7815.00,7815.25
1786642200,7815.25,7816.75,7812.50,7813.50
1786642500,7813.50,7813.75,7810.75,7812.25
1786642800,7812.25,7813.50,7810.25,7810.25
1786643100,7810.25,7813.50,7810.25,7812.50
1786643400,7812.75,7813.75,7811.50,7811.75
1786643700,7811.75,7813.75,7810.75,7811.75
1786644000,7812.00,7813.75,7811.75,7813.75
1786644300,7813.75,7815.00,7812.25,7812.75
1786644600,7812.50,7816.00,7811.00,7815.25
1786644900,7815.25,7816.25,7813.25,7813.75
1786645200,7813.75,7814.50,7811.00,7811.50
1786645500,7811.75,7814.75,7811.50,7814.25
1786645800,7814.50,7817.00,7814.50,7816.75
1786646100,7817.00,7818.50,7816.25,7818.50
1786646400,7818.50,7821.75,7818.00,7820.50
1786646700,7820.50,7822.00,7820.25,7822.00
1786647000,7821.75,7823.75,7820.50,7823.00
1786647300,7823.00,7823.75,7821.00,7822.00
1786647600,7822.00,7824.00,7821.75,7823.50
1786647900,7823.25,7828.75,7822.50,7828.25
1786648200,7828.00,7828.25,7822.75,7824.00
1786648500,7824.00,7826.25,7822.25,7826.25
1786648800,7826.25,7828.25,7826.00,7827.75
1786649100,7827.75,7828.25,7824.75,7825.25
1786649400,7825.00,7827.25,7824.25,7825.00
1786649700,7825.00,7825.50,7822.00,7824.25
1786650000,7824.50,7825.25,7821.50,7821.75
1786650300,7821.75,7823.00,7821.00,7822.25
1786650600,7822.00,7822.00,7818.00,7820.25
1786650900,7820.25,7824.75,7818.50,7823.25
1786651200,7823.25,7825.50,7818.50,7824.25
1786651500,7824.25,7825.00,7822.00,7822.50
1786651800,7822.75,7823.25,7821.50,7822.50
1786714200,7827.75,7828.00,7821.50,7824.25
1786714500,7824.25,7825.25,7819.25,7822.50
1786714800,7822.75,7827.50,7820.50,7826.25
1786715100,7826.50,7828.50,7821.25,7822.00
1786715400,7821.75,7828.50,7820.25,7827.00
1786715700,7827.25,7827.25,7823.25,7826.00
1786716000,7825.75,7829.75,7823.25,7828.00
1786716300,7828.25,7830.75,7827.25,7828.00
1786716600,7828.00,7829.50,7824.25,7825.25
1786716900,7825.25,7826.00,7820.00,7820.75
1786717200,7820.75,7821.75,7816.25,7818.00
1786717500,7817.75,7818.75,7813.75,7816.75
1786717800,7816.75,7817.50,7810.50,7811.00
1786718100,7811.00,7817.00,7810.75,7816.50
1786718400,7816.50,7816.50,7812.25,7813.75
1786718700,7813.75,7816.75,7812.50,7814.75
1786719000,7815.00,7816.75,7812.00,7812.50
1786719300,7812.25,7813.75,7809.50,7809.50
1786719600,7809.75,7813.75,7809.25,7812.00
1786719900,7812.00,7813.25,7808.00,7809.00
1786720200,7809.25,7810.50,7806.50,7806.75
1786720500,7806.75,7809.50,7806.50,7808.25
1786720800,7808.25,7808.75,7802.25,7802.50
1786721100,7802.50,7805.25,7801.00,7805.25
1786721400,7805.25,7806.50,7802.25,7804.25
1786721700,7804.25,7807.00,7802.50,7803.50
1786722000,7803.25,7803.75,7800.50,7802.75
1786722300,7802.75,7805.75,7800.50,7801.00
1786722600,7800.75,7804.25,7800.00,7803.50
1786722900,7803.50,7805.75,7802.25,7804.50
1786723200,7804.50,7808.00,7804.50,7806.50
1786723500,7806.50,7807.25,7802.75,7804.50
1786723800,7804.25,7807.50,7803.75,7807.25
1786724100,7807.50,7809.50,7807.25,7808.00
1786724400,7808.00,7809.25,7806.50,7808.50
1786724700,7808.75,7810.25,7808.00,7808.75
1786725000,7809.00,7809.50,7805.00,7805.75
1786725300,7805.75,7808.50,7805.25,7807.00
1786725600,7806.75,7807.00,7803.25,7803.25
1786725900,7803.25,7804.25,7802.00,7803.50
1786726200,7803.25,7803.25,7800.25,7801.50
1786726500,7801.50,7802.25,7798.50,7799.25
1786726800,7799.25,7801.00,7798.25,7800.00
1786727100,7800.00,7802.00,7799.75,7801.25
1786727400,7801.25,7803.50,7800.00,7802.50
1786727700,7802.75,7803.25,7800.00,7802.00
1786728000,7802.00,7803.75,7799.75,7800.50
1786728300,7800.75,7801.00,7798.75,7799.75
1786728600,7799.75,7802.00,7799.50,7800.50
1786728900,7800.50,7800.50,7796.50,7797.75
1786729200,7797.50,7799.00,7796.75,7798.00
1786729500,7798.25,7799.50,7797.50,7798.25
1786729800,7798.25,7800.50,7796.75,7800.00
1786730100,7800.00,7801.75,7798.75,7800.50
1786730400,7800.75,7803.50,7799.50,7802.50
1786730700,7802.50,7804.25,7801.75,7804.00
1786731000,7804.00,7805.75,7803.00,7804.00
1786731300,7804.25,7806.00,7803.50,7804.50
1786731600,7804.75,7805.75,7803.25,7804.25
1786731900,7804.25,7805.25,7801.50,7801.75
1786732200,7802.00,7803.75,7800.75,7801.50
1786732500,7801.50,7802.75,7800.75,7802.25
1786732800,7802.25,7805.25,7802.00,7804.75
1786733100,7804.50,7805.25,7802.75,7805.00
1786733400,7805.00,7807.50,7805.00,7806.00
1786733700,7806.25,7806.25,7803.75,7804.25
1786734000,7804.50,7804.75,7801.50,7802.25
1786734300,7802.25,7804.50,7802.00,7804.00
1786734600,7804.00,7804.50,7803.00,7803.00
1786734900,7803.00,7803.75,7800.50,7802.50
1786735200,7802.50,7804.00,7801.25,7804.00
1786735500,7804.00,7806.00,7803.75,7804.00
1786735800,7804.25,7805.75,7803.50,7805.00
1786736100,7805.00,7805.75,7802.50,7804.25
1786736400,7804.00,7805.75,7803.75,7804.25
1786736700,7804.25,7804.75,7802.25,7804.25
1786737000,7804.25,7806.50,7803.00,7804.25
1786737300,7804.25,7806.50,7801.50,7805.50
1786737600,7805.25,7806.00,7802.00,7802.75
1786737900,7802.50,7802.75,7800.00,7800.75
1786738200,7800.75,7802.50,7800.25,7801.00
1786973400,7803.00,7809.50,7796.25,7796.50
1786973700,7796.75,7800.25,7794.75,7795.75
1786974000,7796.00,7800.00,7794.75,7797.25
1786974300,7797.25,7802.00,7792.75,7801.25
1786974600,7801.25,7801.75,7797.00,7799.75
1786974900,7799.75,7800.00,7793.00,7794.25
1786975200,7794.50,7797.00,7789.25,7795.75
1786975500,7795.50,7796.50,7792.25,7795.75
1786975800,7795.75,7799.00,7795.25,7798.00
1786976100,7797.75,7798.00,7793.75,7795.00
1786976400,7795.00,7795.25,7791.50,7794.00
1786976700,7793.75,7796.00,7790.75,7796.00
1786977000,7796.00,7797.25,7794.75,7797.00
1786977300,7797.00,7797.00,7790.50,7791.75
1786977600,7792.00,7794.75,7791.50,7792.50
1786977900,7792.50,7795.25,7792.50,7794.25
1786978200,7794.25,7796.25,7790.25,7790.75
1786978500,7791.00,7794.00,7790.00,7794.00
1786978800,7794.00,7797.50,7792.50,7796.25
1786979100,7796.25,7797.25,7794.25,7795.00
1786979400,7795.00,7797.00,7794.50,7794.50
1786979700,7794.75,7799.00,7794.25,7798.50
1786980000,7798.50,7800.00,7797.25,7798.25
1786980300,7798.25,7799.25,7796.75,7798.50
1786980600,7798.75,7799.50,7793.25,7793.50
1786980900,7793.50,7794.50,7791.00,7791.25
1786981200,7791.50,7792.25,7788.25,7792.00
1786981500,7792.00,7793.50,7791.25,7792.00
1786981800,7792.00,7795.25,7791.25,7794.25
1786982100,7794.25,7795.50,7793.75,7794.00
1786982400,7794.00,7795.00,7792.50,7793.25
1786982700,7793.25,7794.50,7791.75,7792.50
1786983000,7792.50,7796.00,7792.50,7795.25
1786983300,7795.25,7797.25,7795.00,7796.25
1786983600,7796.25,7797.50,7795.00,7795.25
1786983900,7795.50,7795.75,7793.25,7794.25
1786984200,7794.25,7795.50,7792.00,7792.50
1786984500,7792.25,7794.25,7792.25,7794.25
1786984800,7794.25,7794.25,7790.50,7790.75
1786985100,7791.00,7792.00,7789.75,7791.50
1786985400,7791.25,7791.75,7787.25,7790.00
1786985700,7789.75,7790.25,7787.25,7788.00
1786986000,7787.75,7789.00,7786.50,7788.00
1786986300,7788.00,7788.25,7786.00,7786.75
1786986600,7786.75,7787.75,7784.00,7784.00
1786986900,7784.25,7785.75,7782.00,7783.75
1786987200,7783.75,7784.50,7777.75,7778.75
1786987500,7778.50,7779.25,7775.75,7776.75
1786987800,7776.75,7779.50,7775.25,7775.50
1786988100,7775.50,7776.50,7772.25,7772.50
1786988400,7772.25,7779.50,7772.00,7778.75
1786988700,7778.50,7779.75,7775.75,7776.25
1786989000,7776.00,7777.75,7774.75,7776.25
1786989300,7776.25,7776.50,7774.00,7775.25
1786989600,7775.00,7776.75,7773.50,7775.50
1786989900,7775.50,7777.25,7773.75,7775.00
1786990200,7774.75,7778.50,7774.50,7777.75
1786990500,7778.00,7779.00,7776.00,7776.50
1786990800,7776.50,7778.50,7774.75,7778.00
1786991100,7778.00,7779.00,7775.00,7776.75
1786991400,7776.75,7777.25,7773.00,7773.50
1786991700,7773.50,7775.75,7773.50,7775.25
1786992000,7775.25,7777.75,7774.75,7776.75
1786992300,7776.75,7778.50,7776.25,7777.75
1786992600,7777.75,7779.00,7776.00,7776.50
1786992900,7776.50,7777.00,7775.50,7776.00
1786993200,7776.00,7776.75,7773.75,7774.00
1786993500,7773.75,7775.00,7773.00,7773.75
1786993800,7773.50,7774.75,7772.00,7772.75
1786994100,7772.75,7775.75,7772.25,7774.50
1786994400,7774.75,7775.50,7773.50,7773.50
1786994700,7773.50,7775.00,7772.00,7772.00
1786995000,7772.00,7772.50,7767.75,7770.50
1786995300,7770.50,7772.25,7769.50,7771.25
1786995600,7771.00,7771.75,7769.00,7770.75
1786995900,7770.75,7774.25,7770.50,7774.00
1786996200,7774.25,7774.75,7767.00,7768.75
1786996500,7768.75,7771.25,7766.25,7768.50
1786996800,7768.75,7769.50,7766.25,7766.75
1786997100,7766.75,7768.00,7765.25,7767.50
1786997400,7767.25,7768.00,7767.00,7767.00
1787059800,7726.50,7734.75,7718.50,7726.00
1787060100,7725.50,7732.00,7722.75,7731.25
1787060400,7731.25,7735.25,7727.25,7727.50
1787060700,7727.50,7731.25,7723.50,7724.75
1787061000,7724.50,7728.25,7722.00,7726.00
1787061300,7725.75,7728.75,7721.25,7724.75
1787061600,7725.00,7732.75,7721.50,7729.25
1787061900,7729.75,7732.50,7724.00,7725.25
1787062200,7725.50,7726.00,7716.50,7721.25
1787062500,7721.25,7728.75,7720.25,7725.75
1787062800,7725.75,7730.25,7721.00,7728.25
1787063100,7728.00,7731.00,7725.25,7726.50
1787063400,7726.50,7732.50,7725.50,7727.50
1787063700,7727.50,7732.00,7727.25,7731.00
1787064000,7731.25,7732.50,7723.75,7724.00
1787064300,7724.00,7726.00,7721.75,7724.50
1787064600,7724.75,7728.25,7719.00,7719.50
1787064900,7719.75,7721.75,7717.25,7719.50
1787065200,7719.50,7723.25,7714.25,7722.25
1787065500,7722.50,7724.25,7717.50,7718.00
1787065800,7718.00,7719.50,7716.25,7717.50
1787066100,7717.25,7719.25,7714.75,7714.75
1787066400,7714.50,7717.25,7713.25,7715.25
1787066700,7715.25,7720.50,7713.75,7718.50
1787067000,7718.50,7721.75,7717.00,7718.75
1787067300,7718.75,7719.00,7716.00,7718.25
1787067600,7718.00,7722.50,7716.75,7720.50
1787067900,7720.75,7725.50,7720.50,7724.00
1787068200,7723.75,7726.50,7720.75,7724.75
1787068500,7724.75,7725.00,7720.25,7723.25
1787068800,7723.25,7726.25,7722.50,7725.50
1787069100,7725.25,7727.00,7722.00,7723.50
1787069400,7723.75,7727.25,7723.50,7725.50
1787069700,7725.50,7726.50,7722.00,7722.75
1787070000,7723.00,7728.75,7723.00,7726.50
1787070300,7726.75,7727.00,7721.25,7722.00
1787070600,7721.75,7724.00,7720.50,7722.50
1787070900,7723.00,7725.50,7721.50,7724.25
1787071200,7724.25,7725.75,7721.75,7723.50
1787071500,7723.50,7728.25,7721.50,7727.75
1787071800,7727.50,7728.50,7726.00,7728.00
1787072100,7728.00,7728.00,7726.00,7726.25
1787072400,7726.00,7726.75,7723.25,7725.50
1787072700,7725.25,7727.50,7724.25,7727.25
1787073000,7727.50,7728.00,7724.75,7726.00
1787073300,7726.00,7726.00,7722.75,7723.00
1787073600,7722.75,7725.50,7722.25,7722.75
1787073900,7722.75,7723.25,7720.50,7722.75
1787074200,7722.50,7723.75,7720.50,7721.75
1787074500,7721.75,7724.00,7719.75,7722.00
1787074800,7722.00,7723.00,7720.50,7720.75
1787075100,7720.50,7722.00,7719.75,7720.00
1787075400,7720.00,7721.75,7719.50,7720.50
1787075700,7720.50,7720.75,7715.75,7716.00
1787076000,7716.00,7717.25,7715.00,7716.50
1787076300,7716.50,7717.50,7714.25,7715.00
1787076600,7714.75,7721.25,7714.50,7720.50
1787076900,7720.75,7724.75,7720.25,7724.00
1787077200,7724.00,7725.75,7722.00,7722.75
1787077500,7722.75,7724.25,7721.00,7723.50
1787077800,7723.75,7724.00,7721.50,7723.50
1787078100,7723.50,7724.50,7723.00,7723.25
1787078400,7723.25,7723.75,7721.00,7721.25
1787078700,7721.25,7722.25,7720.50,7720.75
1787079000,7720.75,7721.25,7718.00,7718.00
1787079300,7718.00,7719.50,7716.75,7717.25
1787079600,7717.00,7718.75,7716.00,7717.50
1787079900,7717.50,7719.50,7716.50,7718.50
1787080200,7718.25,7719.25,7715.50,7716.00
1787080500,7716.25,7718.75,7716.00,7718.75
1787080800,7718.75,7721.75,7717.75,7721.75
1787081100,7721.75,7722.25,7720.50,7720.50
1787081400,7720.75,7722.75,7719.00,7719.50
1787081700,7719.25,7721.00,7719.00,7720.00
1787082000,7720.00,7720.25,7717.75,7719.25
1787082300,7719.25,7720.25,7717.25,7719.75
1787082600,7719.50,7720.00,7713.50,7715.00
1787082900,7715.00,7717.50,7710.25,7715.00
1787083200,7715.25,7716.00,7712.75,7715.00
1787083500,7715.25,7716.00,7713.25,7713.75
1787083800,7713.75,7715.25,7713.25,7714.25
1787146200,7743.50,7746.25,7738.25,7739.75
1787146500,7740.00,7742.50,7734.00,7734.50
1787146800,7735.00,7742.50,7732.00,7740.75
1787147100,7740.50,7745.75,7723.25,7725.00
1787147400,7725.00,7736.75,7720.75,7736.25
1787147700,7736.25,7743.50,7733.25,7739.75
1787148000,7739.75,7742.25,7735.00,7736.00
1787148300,7736.00,7740.00,7734.25,7737.75
1787148600,7737.75,7739.50,7727.00,7727.50
1787148900,7727.75,7741.25,7726.75,7737.25
1787149200,7737.25,7741.50,7733.25,7735.50
1787149500,7735.25,7740.25,7731.75,7739.50
1787149800,7739.50,7744.25,7737.75,7741.75
1787150100,7741.50,7753.00,7741.25,7751.25
1787150400,7751.50,7753.25,7747.75,7750.50
1787150700,7750.50,7752.75,7746.50,7747.00
1787151000,7747.00,7754.25,7746.75,7753.25
1787151300,7753.25,7762.25,7752.50,7762.00
1787151600,7761.75,7764.75,7760.00,7761.75
1787151900,7761.75,7762.75,7754.50,7754.75
1787152200,7754.75,7759.50,7754.50,7757.75
1787152500,7757.75,7758.25,7753.50,7754.50
1787152800,7754.50,7755.75,7751.25,7751.25
1787153100,7751.25,7752.25,7748.25,7750.50
1787153400,7750.50,7751.25,7746.75,7747.50
1787153700,7747.50,7748.75,7743.00,7744.75
1787154000,7744.75,7744.75,7740.00,7744.25
1787154300,7744.00,7748.25,7743.00,7743.00
1787154600,7743.25,7744.75,7740.00,7740.50
1787154900,7740.75,7745.75,7740.00,7745.75
1787155200,7745.75,7752.75,7743.25,7752.50
1787155500,7752.50,7755.75,7751.50,7754.50
1787155800,7754.75,7756.25,7754.00,7755.00
1787156100,7755.00,7759.50,7753.75,7757.75
1787156400,7757.75,7758.00,7752.75,7753.75
1787156700,7753.50,7753.75,7745.75,7746.00
1787157000,7746.25,7747.00,7743.25,7746.50
1787157300,7746.75,7746.75,7742.00,7744.50
1787157600,7744.25,7744.75,7741.75,7743.25
1787157900,7743.00,7744.00,7740.50,7741.00
1787158200,7741.00,7741.00,7736.50,7738.00
1787158500,7737.75,7737.75,7734.25,7736.00
1787158800,7736.25,7740.50,7734.75,7738.50
1787159100,7738.50,7741.50,7733.75,7734.25
1787159400,7734.50,7740.00,7734.50,7737.50
1787159700,7737.50,7739.00,7733.75,7734.00
1787160000,7734.00,7734.50,7729.50,7732.25
1787160300,7732.25,7736.00,7731.25,7734.75
1787160600,7735.00,7736.00,7731.00,7731.50
1787160900,7731.25,7734.25,7730.75,7731.75
1787161200,7731.75,7737.00,7731.75,7735.00
1787161500,7735.00,7737.25,7734.50,7734.50
1787161800,7734.75,7738.25,7734.00,7735.25
1787162100,7735.50,7735.75,7733.25,7734.50
1787162400,7734.50,7744.75,7733.00,7740.50
1787162700,7740.75,7742.00,7728.75,7729.25
1787163000,7729.00,7736.50,7729.00,7733.75
1787163300,7734.00,7734.25,7730.00,7732.25
1787163600,7732.50,7734.25,7731.25,7732.00
1787163900,7732.00,7735.50,7731.75,7735.00
1787164200,7735.25,7739.75,7734.75,7738.75
1787164500,7738.50,7738.75,7736.25,7737.25
1787164800,7737.00,7740.50,7736.25,7737.25
1787165100,7737.50,7737.75,7735.25,7737.50
1787165400,7737.75,7738.00,7734.25,7736.25
1787165700,7736.00,7737.00,7734.25,7734.50
1787166000,7734.75,7737.75,7733.75,7735.75
1787166300,7735.75,7739.25,7734.50,7738.25
1787166600,7738.50,7739.00,7736.25,7736.50
1787166900,7736.50,7739.75,7735.75,7739.75
1787167200,7739.50,7739.75,7736.25,7738.75
1787167500,7738.75,7739.75,7735.00,7735.75
1787167800,7736.00,7743.50,7735.50,7741.50
1787168100,7741.75,7741.75,7731.00,7731.00
1787168400,7731.25,7733.50,7729.25,7729.25
1787168700,7729.25,7730.75,7724.75,7727.25
1787169000,7727.25,7728.25,7722.25,7726.75
1787169300,7727.00,7731.75,7721.75,7731.50
1787169600,7731.00,7733.00,7729.00,7730.00
1787169900,7730.00,7730.25,7726.00,7729.50
1787170200,7729.50,7730.25,7728.50,7728.75
1787232600,7698.00,7710.00,7697.00,7709.25
1787232900,7709.50,7716.00,7705.00,7711.75
1787233200,7712.00,7716.25,7705.00,7712.00
1787233500,7712.25,7713.75,7704.75,7710.25
1787233800,7710.25,7711.50,7702.75,7708.25
1787234100,7708.25,7711.75,7699.75,7703.75
1787234400,7703.75,7708.00,7698.25,7698.50
1787234700,7698.25,7705.00,7695.00,7705.00
1787235000,7705.00,7705.75,7697.50,7698.00
1787235300,7698.00,7699.75,7691.75,7692.50
1787235600,7692.50,7707.75,7691.50,7705.75
1787235900,7705.75,7706.75,7698.00,7700.50
1787236200,7700.25,7706.75,7698.25,7699.25
1787236500,7699.50,7710.25,7697.50,7707.75
1787236800,7708.00,7711.00,7703.75,7710.00
1787237100,7709.75,7713.25,7704.50,7705.50
1787237400,7705.75,7711.00,7704.00,7705.25
1787237700,7705.25,7710.75,7702.75,7710.00
1787238000,7710.00,7719.75,7709.50,7717.25
1787238300,7717.25,7717.25,7701.50,7703.75
1787238600,7703.75,7708.50,7698.50,7706.00
1787238900,7706.00,7709.00,7702.00,7705.75
1787239200,7705.50,7706.00,7698.00,7701.00
1787239500,7701.00,7706.25,7698.00,7705.75
1787239800,7705.50,7707.00,7695.75,7698.00
1787240100,7697.75,7699.50,7693.50,7693.50
1787240400,7693.50,7696.75,7690.75,7691.50
1787240700,7691.75,7695.50,7690.25,7693.50
1787241000,7693.50,7698.50,7692.25,7696.75
1787241300,7696.75,7698.25,7694.25,7696.50
1787241600,7696.50,7699.00,7693.00,7693.75
1787241900,7694.00,7698.25,7693.25,7698.00
1787242200,7698.25,7699.00,7692.75,7693.25
1787242500,7693.25,7695.00,7692.50,7694.25
1787242800,7694.25,7699.00,7692.75,7697.25
1787243100,7697.50,7698.75,7694.25,7695.50
1787243400,7695.50,7699.50,7691.75,7699.25
1787243700,7699.25,7702.00,7698.25,7701.00
1787244000,7701.25,7705.50,7701.00,7704.75
1787244300,7704.50,7704.75,7701.25,7701.75
1787244600,7701.75,7704.25,7699.25,7700.00
1787244900,7699.75,7703.25,7698.25,7702.00
1787245200,7702.25,7702.25,7697.50,7698.50
1787245500,7698.25,7698.50,7694.00,7695.00
1787245800,7695.00,7696.25,7692.75,7693.00
1787246100,7693.00,7693.50,7686.25,7686.75
1787246400,7686.50,7690.50,7685.75,7688.25
1787246700,7688.00,7689.00,7685.25,7685.75
1787247000,7685.75,7687.00,7683.00,7684.00
1787247300,7684.25,7685.75,7680.75,7682.75
1787247600,7682.50,7683.25,7680.25,7682.75
1787247900,7682.75,7686.50,7682.00,7685.25
1787248200,7685.25,7688.25,7685.00,7685.50
1787248500,7685.50,7686.50,7683.25,7683.75
1787248800,7683.50,7683.75,7678.25,7679.00
1787249100,7679.00,7679.75,7673.75,7675.25
1787249400,7675.25,7676.00,7671.50,7674.00
1787249700,7673.75,7675.25,7669.25,7675.00
1787250000,7675.00,7677.75,7674.00,7674.50
1787250300,7674.25,7675.50,7672.50,7673.75
1787250600,7673.75,7674.25,7670.50,7671.00
1787250900,7671.00,7674.50,7671.00,7672.25
1787251200,7672.50,7674.50,7670.50,7674.00
1787251500,7673.75,7676.75,7672.25,7675.25
1787251800,7675.25,7676.25,7673.25,7674.25
1787252100,7674.25,7676.00,7670.25,7670.50
1787252400,7670.50,7672.75,7670.00,7672.25
1787252700,7672.25,7675.50,7671.00,7674.50
1787253000,7674.50,7675.00,7672.00,7673.75
1787253300,7673.50,7676.50,7671.25,7671.75
1787253600,7672.00,7676.00,7670.75,7675.00
1787253900,7675.00,7676.00,7673.00,7673.25
1787254200,7673.50,7673.75,7668.50,7670.50
1787254500,7670.50,7675.00,7669.50,7673.25
1787254800,7673.50,7674.25,7668.00,7669.50
1787255100,7669.25,7672.75,7666.50,7672.25
1787255400,7672.50,7672.75,7665.50,7667.50
1787255700,7667.50,7668.25,7659.00,7665.00
1787256000,7665.50,7667.75,7664.25,7666.00
1787256300,7665.75,7665.75,7661.00,7664.00
1787256600,7664.00,7666.00,7660.75,7661.50
1787319000,7695.75,7696.25,7683.50,7683.75
1787319300,7683.75,7687.25,7681.25,7686.25
1787319600,7686.25,7688.25,7682.75,7686.75
1787319900,7686.50,7689.50,7682.00,7685.25
1787320200,7685.00,7687.75,7676.50,7679.50
1787320500,7679.50,7683.75,7678.00,7680.50
1787320800,7680.75,7685.00,7680.25,7684.75
1787321100,7684.75,7691.00,7684.50,7688.00
1787321400,7687.75,7690.25,7681.25,7682.50
1787321700,7682.25,7686.00,7681.00,7681.75
1787322000,7681.50,7687.25,7679.75,7682.75
1787322300,7682.75,7686.50,7681.25,7681.50
1787322600,7681.75,7684.25,7679.75,7680.00
1787322900,7680.00,7681.75,7677.50,7678.75
1787323200,7678.75,7684.00,7677.25,7681.50
1787323500,7681.50,7686.25,7680.50,7685.75
1787323800,7685.75,7688.50,7684.00,7686.25
1787324100,7685.75,7694.00,7684.75,7693.75
1787324400,7693.75,7699.25,7692.75,7698.00
1787324700,7698.00,7699.50,7693.25,7693.75
1787325000,7694.00,7696.00,7692.25,7692.50
1787325300,7692.50,7695.00,7690.75,7691.25
1787325600,7691.50,7694.00,7689.75,7690.50
1787325900,7690.25,7695.50,7689.50,7694.75
1787326200,7694.75,7700.25,7693.25,7700.25
1787326500,7700.00,7706.00,7699.50,7706.00
1787326800,7705.75,7710.00,7704.75,7708.50
1787327100,7708.50,7710.00,7704.75,7705.75
1787327400,7705.75,7714.00,7705.50,7712.25
1787327700,7712.00,7712.25,7706.00,7707.25
1787328000,7707.25,7708.75,7701.50,7702.75
1787328300,7702.75,7703.00,7698.00,7698.50
1787328600,7698.75,7701.25,7697.50,7697.50
1787328900,7697.50,7700.50,7694.25,7695.50
1787329200,7695.50,7706.00,7693.75,7697.00
1787329500,7697.00,7701.00,7696.50,7700.50
1787329800,7700.25,7700.75,7695.50,7695.50
1787330100,7695.25,7701.00,7695.25,7700.75
1787330400,7700.75,7701.00,7697.75,7698.75
1787330700,7698.75,7699.00,7696.00,7697.00
1787331000,7696.75,7697.00,7693.00,7695.25
1787331300,7695.25,7699.75,7694.50,7699.25
1787331600,7699.00,7700.00,7697.25,7698.00
1787331900,7697.75,7700.75,7696.75,7699.00
1787332200,7699.00,7699.00,7696.00,7697.00
1787332500,7697.50,7698.25,7696.00,7696.75
1787332800,7696.75,7697.00,7692.25,7693.75
1787333100,7693.75,7695.75,7692.25,7693.75
1787333400,7693.75,7694.50,7690.50,7690.75
1787333700,7690.50,7693.50,7690.25,7691.00
1787334000,7691.00,7692.50,7690.00,7692.00
1787334300,7692.25,7694.25,7691.00,7692.50
1787334600,7692.25,7693.00,7690.25,7691.00
1787334900,7691.25,7691.25,7689.50,7689.50
1787335200,7689.75,7692.75,7688.50,7692.00
1787335500,7692.25,7692.25,7688.00,7688.25
1787335800,7688.50,7690.75,7688.00,7688.50
1787336100,7688.50,7690.50,7688.25,7689.75
1787336400,7690.00,7691.50,7689.50,7690.00
1787336700,7690.25,7690.50,7687.75,7688.00
1787337000,7688.00,7689.00,7685.75,7687.00
1787337300,7687.00,7688.75,7687.00,7687.75
1787337600,7687.50,7690.50,7687.25,7689.25
1787337900,7689.25,7692.25,7688.50,7692.00
1787338200,7691.75,7695.25,7691.75,7694.00
1787338500,7694.25,7697.75,7693.00,7697.25
1787338800,7697.25,7699.00,7695.25,7695.50
1787339100,7695.25,7698.50,7695.00,7696.25
1787339400,7696.00,7696.25,7693.75,7695.50
1787339700,7695.50,7696.25,7693.50,7694.75
1787340000,7694.75,7697.50,7693.75,7697.00
1787340300,7697.00,7697.25,7694.50,7695.75
1787340600,7695.75,7698.25,7695.25,7695.75
1787340900,7696.00,7698.75,7694.75,7697.75
1787341200,7697.50,7699.75,7695.75,7699.50
1787341500,7699.50,7703.00,7698.50,7701.75
1787341800,7701.25,7702.25,7693.75,7694.25
1787342100,7694.00,7698.25,7689.00,7691.75
1787342400,7691.75,7692.25,7689.50,7691.50
1787342700,7691.50,7692.00,7690.00,7691.25
1787343000,7691.25,7691.50,7688.75,7690.75
1787578200,7681.75,7682.75,7666.00,7669.00
1787578500,7669.00,7672.75,7664.50,7668.25
1787578800,7668.25,7671.75,7655.75,7656.00
1787579100,7656.25,7670.25,7655.00,7665.50
1787579400,7665.75,7670.00,7662.00,7669.00
1787579700,7669.00,7671.25,7666.75,7668.50
1787580000,7668.75,7674.00,7662.25,7664.25
1787580300,7664.25,7666.50,7660.50,7663.50
1787580600,7663.25,7664.75,7659.50,7664.00
1787580900,7664.25,7665.00,7660.50,7662.75
1787581200,7663.00,7669.25,7662.00,7662.50
1787581500,7662.50,7665.75,7660.75,7663.25
1787581800,7663.25,7671.75,7661.75,7670.25
1787582100,7670.50,7673.25,7669.50,7671.00
1787582400,7671.00,7675.50,7669.25,7671.25
1787582700,7671.00,7673.25,7669.00,7673.00
1787583000,7673.00,7673.50,7668.00,7670.25
1787583300,7670.25,7673.75,7669.50,7670.75
1787583600,7670.75,7672.75,7664.25,7664.75
1787583900,7664.50,7665.00,7661.75,7664.00
1787584200,7664.00,7666.00,7660.75,7661.50
1787584500,7661.25,7662.50,7660.25,7660.75
1787584800,7660.75,7666.00,7657.50,7665.50
1787585100,7665.50,7674.25,7664.50,7671.50
1787585400,7671.50,7674.50,7668.00,7672.75
1787585700,7672.50,7675.75,7671.00,7674.50
1787586000,7674.25,7678.75,7674.25,7676.50
1787586300,7676.50,7681.50,7676.50,7676.75
1787586600,7677.00,7680.25,7676.75,7677.00
1787586900,7677.25,7679.50,7675.75,7679.50
1787587200,7679.50,7685.50,7678.25,7683.50
1787587500,7683.75,7684.00,7678.75,7679.00
1787587800,7679.00,7680.75,7678.25,7680.75
1787588100,7680.75,7685.75,7680.25,7684.75
1787588400,7684.75,7686.50,7682.00,7682.50
1787588700,7682.75,7684.25,7682.00,7683.25
1787589000,7683.00,7684.25,7679.00,7679.75
1787589300,7680.00,7681.25,7677.25,7677.50
1787589600,7677.50,7678.25,7676.00,7677.00
1787589900,7677.25,7678.25,7675.50,7677.50
1787590200,7677.75,7678.75,7675.25,7676.25
1787590500,7676.25,7677.50,7675.25,7676.00
1787590800,7676.00,7676.25,7672.75,7674.25
1787591100,7674.25,7681.00,7673.50,7678.50
1787591400,7678.75,7682.00,7677.25,7679.25
1787591700,7679.00,7679.75,7674.25,7675.25
1787592000,7675.50,7676.00,7669.00,7669.75
1787592300,7669.75,7671.50,7667.25,7668.00
1787592600,7668.00,7669.75,7666.75,7667.00
1787592900,7667.00,7668.25,7665.50,7668.00
1787593200,7668.00,7668.75,7664.75,7665.25
1787593500,7665.00,7667.00,7664.25,7666.50
1787593800,7666.25,7669.00,7665.25,7666.00
1787594100,7666.25,7668.00,7665.25,7667.00
1787594400,7667.00,7670.75,7666.75,7669.50
1787594700,7669.50,7674.25,7669.00,7673.00
1787595000,7673.25,7677.00,7672.25,7676.75
1787595300,7676.75,7679.00,7675.25,7676.25
1787595600,7676.25,7681.25,7676.00,7680.25
1787595900,7680.00,7682.75,7679.50,7682.00
1787596200,7682.25,7685.25,7680.75,7680.75
1787596500,7681.25,7681.75,7675.25,7676.50
1787596800,7676.50,7678.50,7675.75,7677.50
1787597100,7677.50,7678.50,7675.25,7677.50
1787597400,7677.50,7678.50,7675.00,7675.50
1787597700,7675.75,7677.00,7674.00,7674.25
1787598000,7674.00,7675.00,7672.50,7673.50
1787598300,7673.75,7675.25,7672.50,7673.00
1787598600,7673.00,7676.50,7672.75,7675.50
1787598900,7675.50,7676.75,7673.25,7675.25
1787599200,7675.25,7676.50,7673.75,7674.75
1787599500,7674.50,7676.00,7673.50,7674.25
1787599800,7674.25,7677.00,7672.00,7672.00
1787600100,7672.00,7673.00,7670.75,7671.00
1787600400,7671.25,7672.25,7670.00,7671.25
1787600700,7671.50,7672.50,7669.25,7672.00
1787601000,7672.00,7674.25,7668.00,7672.25
1787601300,7672.25,7674.00,7668.25,7669.75
1787601600,7669.25,7672.50,7668.00,7671.25
1787601900,7671.00,7673.25,7670.25,7671.00
1787602200,7671.25,7671.75,7670.00,7671.00
1787664600,7695.00,7701.25,7692.50,7700.50
1787664900,7700.25,7700.50,7694.50,7695.00
1787665200,7695.25,7699.75,7692.00,7694.75
1787665500,7694.75,7700.50,7694.50,7697.75
1787665800,7698.00,7698.75,7693.00,7693.25
1787666100,7693.25,7694.00,7688.00,7690.00
1787666400,7690.00,7691.25,7685.25,7688.00
1787666700,7687.75,7689.00,7684.50,7686.50
1787667000,7686.50,7688.50,7684.00,7685.00
1787667300,7684.75,7689.50,7683.50,7687.50
1787667600,7687.25,7688.00,7681.25,7684.00
1787667900,7684.25,7685.00,7679.75,7680.00
1787668200,7680.00,7682.00,7662.75,7676.25
1787668500,7676.25,7683.75,7676.25,7683.00
1787668800,7683.00,7683.50,7674.50,7676.50
1787669100,7676.25,7678.25,7674.50,7675.25
1787669400,7675.00,7681.25,7673.25,7679.50
1787669700,7679.50,7681.75,7677.75,7680.25
1787670000,7680.25,7681.00,7676.00,7677.50
1787670300,7677.50,7681.00,7677.25,7679.00
1787670600,7679.00,7681.25,7676.75,7678.75
1787670900,7679.00,7682.50,7677.75,7682.25
1787671200,7682.25,7685.00,7679.75,7680.75
1787671500,7681.00,7687.00,7679.25,7686.00
1787671800,7686.25,7691.00,7683.50,7684.00
1787672100,7684.00,7690.00,7683.75,7684.25
1787672400,7684.25,7685.50,7682.00,7685.00
1787672700,7685.00,7685.25,7679.00,7680.00
1787673000,7680.25,7686.25,7679.25,7685.25
1787673300,7685.25,7689.25,7685.25,7687.75
1787673600,7687.75,7691.50,7687.25,7688.50
1787673900,7688.50,7689.50,7686.25,7686.50
1787674200,7686.75,7689.00,7686.25,7688.50
1787674500,7688.25,7689.25,7687.25,7688.00
1787674800,7688.00,7689.50,7687.00,7689.50
1787675100,7689.25,7692.00,7688.75,7690.75
1787675400,7690.75,7691.75,7689.75,7690.50
1787675700,7690.75,7692.75,7689.00,7692.25
1787676000,7692.25,7692.25,7688.00,7689.00
1787676300,7688.75,7691.00,7687.25,7689.25
1787676600,7689.50,7689.50,7686.25,7687.25
1787676900,7687.25,7692.25,7687.00,7690.75
1787677200,7690.75,7691.75,7686.50,7686.75
1787677500,7686.50,7687.00,7682.25,7684.25
1787677800,7684.00,7686.50,7682.75,7686.00
1787678100,7685.75,7687.50,7684.75,7687.25
1787678400,7687.25,7687.50,7683.25,7683.25
1787678700,7683.25,7683.25,7679.25,7681.25
1787679000,7681.25,7682.75,7680.25,7681.25
1787679300,7681.50,7683.25,7680.50,7682.25
1787679600,7682.25,7683.50,7681.25,7681.75
1787679900,7681.75,7683.75,7681.50,7682.25
1787680200,7682.25,7684.50,7681.25,7684.25
1787680500,7684.00,7684.75,7682.25,7683.50
1787680800,7683.25,7683.50,7681.00,7681.00
1787681100,7681.25,7683.25,7681.00,7682.25
1787681400,7682.25,7683.75,7680.75,7680.75
1787681700,7680.75,7681.75,7680.25,7681.25
1787682000,7681.25,7683.00,7681.25,7682.00
1787682300,7682.00,7683.00,7680.75,7682.75
1787682600,7682.75,7687.25,7682.75,7686.50
1787682900,7686.75,7687.00,7685.50,7686.00
1787683200,7686.00,7689.00,7685.75,7688.50
1787683500,7688.75,7691.75,7688.75,7691.00
1787683800,7691.25,7691.50,7689.25,7690.00
1787684100,7690.00,7691.00,7688.25,7689.50
1787684400,7689.50,7691.50,7687.50,7687.50
1787684700,7687.50,7688.50,7685.75,7686.50
1787685000,7686.50,7686.75,7683.75,7684.25
1787685300,7684.00,7684.75,7682.25,7683.00
1787685600,7683.00,7683.75,7681.75,7683.50
1787685900,7683.75,7685.00,7683.00,7684.50
1787686200,7684.50,7685.50,7683.00,7684.25
1787686500,7684.00,7686.50,7683.75,7685.50
1787686800,7685.50,7689.25,7685.50,7686.75
1787687100,7686.50,7688.25,7685.25,7687.25
1787687400,7687.50,7694.50,7685.25,7694.00
1787687700,7694.00,7695.25,7689.50,7691.25
1787688000,7691.25,7693.50,7689.00,7691.00
1787688300,7691.00,7693.25,7690.25,7692.25
1787688600,7692.25,7693.25,7691.25,7692.25
1787751000,7678.75,7690.75,7678.75,7689.00
1787751300,7689.00,7690.50,7680.25,7688.00
1787751600,7688.00,7698.25,7686.50,7695.25
1787751900,7695.50,7699.25,7691.25,7691.25
1787752200,7691.50,7698.75,7688.50,7698.75
1787752500,7698.50,7701.50,7696.75,7701.50
1787752800,7701.25,7702.00,7698.25,7700.75
1787753100,7701.00,7701.75,7697.00,7698.25
1787753400,7698.50,7698.75,7693.00,7694.00
1787753700,7694.25,7696.00,7691.50,7691.75
1787754000,7691.50,7692.75,7686.00,7686.50
1787754300,7686.25,7687.25,7680.25,7683.00
1787754600,7682.75,7685.25,7681.00,7683.50
1787754900,7683.50,7688.25,7682.00,7684.25
1787755200,7684.25,7687.50,7683.50,7685.75
1787755500,7686.00,7687.75,7682.75,7687.75
1787755800,7687.75,7691.50,7687.25,7688.50
1787756100,7688.50,7691.25,7687.25,7690.75
1787756400,7690.50,7696.50,7690.25,7694.00
1787756700,7694.00,7697.00,7693.75,7695.75
1787757000,7695.50,7696.75,7693.00,7695.00
1787757300,7694.75,7695.00,7687.50,7690.00
1787757600,7689.75,7692.50,7689.00,7690.00
1787757900,7689.75,7692.75,7689.00,7690.75
1787758200,7690.75,7691.25,7683.25,7684.75
1787758500,7684.75,7687.75,7684.25,7686.75
1787758800,7687.00,7693.50,7686.25,7693.00
1787759100,7692.75,7695.00,7691.50,7694.75
1787759400,7694.75,7695.25,7685.25,7686.00
1787759700,7686.00,7690.00,7685.25,7685.50
1787760000,7685.25,7685.75,7680.75,7684.00
1787760300,7683.75,7686.50,7682.25,7683.25
1787760600,7683.50,7685.00,7681.50,7682.50
1787760900,7682.50,7683.50,7680.25,7682.00
1787761200,7682.00,7683.25,7680.50,7681.50
1787761500,7681.50,7682.00,7679.50,7680.00
1787761800,7679.75,7681.75,7679.50,7680.50
1787762100,7680.25,7681.00,7673.25,7673.50
1787762400,7673.50,7676.00,7671.00,7672.00
1787762700,7672.25,7675.75,7671.25,7672.75
1787763000,7672.75,7675.25,7672.50,7674.00
1787763300,7673.75,7679.75,7673.75,7679.50
1787763600,7679.25,7681.75,7677.75,7681.00
1787763900,7681.00,7683.25,7679.00,7682.75
1787764200,7682.50,7683.75,7681.75,7683.50
1787764500,7683.75,7687.25,7683.75,7685.50
1787764800,7685.25,7689.00,7685.25,7688.75
1787765100,7688.75,7689.75,7686.50,7688.50
1787765400,7688.75,7690.25,7687.50,7690.00
1787765700,7689.75,7690.75,7688.00,7688.25
1787766000,7688.25,7689.75,7686.75,7689.00
1787766300,7689.00,7689.25,7686.50,7686.75
1787766600,7687.00,7690.00,7686.75,7689.75
1787766900,7690.00,7691.00,7688.50,7688.75
1787767200,7689.00,7689.00,7687.00,7687.50
1787767500,7687.25,7690.75,7687.25,7689.75
1787767800,7690.00,7690.00,7685.75,7686.50
1787768100,7686.25,7689.75,7685.50,7689.25
1787768400,7689.25,7692.50,7687.50,7687.75
1787768700,7687.50,7689.50,7687.00,7688.25
1787769000,7688.25,7691.00,7687.25,7689.75
1787769300,7689.75,7690.25,7688.25,7689.25
1787769600,7689.25,7690.75,7688.50,7690.75
1787769900,7690.75,7696.50,7690.50,7695.25
1787770200,7695.25,7698.00,7694.00,7696.75
1787770500,7697.00,7698.50,7695.50,7697.25
1787770800,7697.25,7705.50,7696.75,7704.75
1787771100,7705.00,7705.00,7700.75,7701.75
1787771400,7701.75,7703.25,7701.00,7702.00
1787771700,7701.75,7705.00,7701.75,7704.25
1787772000,7704.00,7704.25,7700.25,7702.75
1787772300,7702.50,7703.75,7700.75,7701.25
1787772600,7701.25,7701.75,7700.00,7701.00
1787772900,7701.00,7701.25,7698.25,7699.25
1787773200,7699.25,7701.00,7698.50,7699.25
1787773500,7699.25,7703.75,7698.75,7703.50
1787773800,7703.50,7704.75,7692.25,7694.00
1787774100,7694.00,7696.75,7686.75,7692.00
1787774400,7692.25,7703.00,7690.50,7700.25
1787774700,7700.25,7703.50,7700.00,7702.00
1787775000,7702.00,7703.75,7701.00,7703.00
1787837400,7716.25,7719.75,7703.00,7706.25
1787837700,7706.00,7714.00,7702.75,7713.75
1787838000,7713.75,7723.50,7710.75,7723.25
1787838300,7723.50,7728.50,7708.25,7712.00
1787838600,7712.00,7725.25,7712.00,7723.25
1787838900,7723.25,7724.00,7707.25,7715.50
1787839200,7715.50,7721.75,7713.25,7719.25
1787839500,7719.25,7722.25,7711.75,7715.75
1787839800,7715.75,7721.25,7715.50,7717.75
1787840100,7718.00,7724.75,7718.00,7722.75
1787840400,7723.00,7727.00,7721.75,7726.25
1787840700,7726.25,7730.50,7724.25,7728.50
1787841000,7728.50,7729.25,7721.75,7725.25
1787841300,7725.50,7732.25,7724.75,7725.00
1787841600,7725.00,7728.25,7724.50,7727.75
1787841900,7727.50,7734.50,7724.75,7733.75
1787842200,7733.75,7736.00,7730.25,7733.00
1787842500,7732.75,7735.75,7728.75,7735.50
1787842800,7735.50,7738.25,7733.75,7737.75
1787843100,7738.00,7738.75,7734.75,7737.25
1787843400,7737.25,7740.25,7736.75,7739.75
1787843700,7740.00,7742.75,7739.75,7741.50
1787844000,7741.25,7742.50,7739.00,7739.75
1787844300,7739.75,7739.75,7733.75,7734.75
1787844600,7734.75,7737.75,7732.25,7733.50
1787844900,7733.75,7735.00,7729.50,7730.50
1787845200,7730.50,7735.25,7727.25,7728.00
1787845500,7727.75,7728.75,7725.00,7728.25
1787845800,7728.25,7740.50,7727.75,7740.50
1787846100,7740.25,7740.25,7737.00,7738.00
1787846400,7738.00,7741.50,7737.25,7740.25
1787846700,7740.25,7740.50,7736.00,7736.75
1787847000,7737.00,7739.50,7735.75,7737.75
1787847300,7737.75,7740.00,7736.75,7737.75
1787847600,7737.75,7738.00,7734.75,7737.00
1787847900,7737.00,7740.75,7735.75,7740.50
1787848200,7740.50,7743.50,7739.75,7743.25
1787848500,7743.00,7747.00,7742.75,7746.75
1787848800,7746.50,7749.75,7746.50,7748.50
1787849100,7748.50,7751.25,7748.00,7748.75
1787849400,7748.75,7752.00,7747.75,7751.00
1787849700,7751.00,7752.25,7748.75,7752.00
1787850000,7752.00,7753.50,7751.50,7752.50
1787850300,7752.50,7754.50,7749.25,7754.00
1787850600,7754.00,7755.75,7752.75,7753.50
1787850900,7753.75,7755.00,7752.00,7753.00
1787851200,7753.00,7754.50,7752.25,7753.75
1787851500,7753.75,7753.75,7748.50,7749.00
1787851800,7749.25,7752.25,7748.25,7749.50
1787852100,7749.25,7750.50,7748.25,7748.75
1787852400,7748.75,7751.25,7747.50,7747.75
1787852700,7748.00,7748.25,7744.25,7745.75
1787853000,7745.75,7746.00,7743.50,7745.25
1787853300,7745.00,7746.00,7742.75,7743.50
1787853600,7743.75,7745.50,7736.50,7736.75
1787853900,7736.75,7739.00,7735.00,7736.25
1787854200,7736.25,7737.00,7731.00,7734.00
1787854500,7734.00,7736.50,7732.00,7734.00
1787854800,7734.25,7735.75,7731.50,7732.25
1787855100,7732.25,7732.50,7723.50,7726.00
1787855400,7726.00,7730.75,7725.25,7726.75
1787855700,7726.75,7732.00,7726.00,7732.00
1787856000,7732.00,7732.50,7729.00,7730.25
1787856300,7730.00,7732.25,7726.25,7726.25
1787856600,7726.50,7727.50,7724.25,7724.50
1787856900,7724.50,7729.00,7722.75,7727.50
1787857200,7727.50,7731.75,7726.50,7730.75
1787857500,7730.75,7733.25,7728.25,7732.50
1787857800,7732.50,7733.50,7730.00,7730.25
1787858100,7730.25,7733.75,7730.25,7733.00
1787858400,7733.00,7734.00,7731.00,7731.50
1787858700,7731.50,7732.00,7729.00,7730.50
1787859000,7730.50,7736.00,7729.75,7735.75
1787859300,7736.00,7737.75,7735.25,7737.00
1787859600,7737.00,7738.25,7735.25,7737.75
1787859900,7737.75,7739.75,7737.00,7739.00
1787860200,7739.00,7744.50,7735.25,7743.25
1787860500,7743.25,7744.75,7739.75,7741.25
1787860800,7741.25,7743.25,7738.00,7738.25
1787861100,7738.50,7740.00,7735.50,7737.00
1787861400,7737.25,7738.25,7735.25,7735.25
1787923800,7746.25,7750.00,7743.75,7749.50
1787924100,7749.25,7753.75,7746.25,7751.50
1787924400,7751.50,7757.50,7750.50,7754.75
1787924700,7755.00,7758.00,7748.00,7750.75
1787925000,7750.50,7751.00,7745.50,7746.25
1787925300,7746.00,7753.00,7745.00,7747.00
1787925600,7745.75,7760.50,7739.50,7746.00
1787925900,7746.00,7746.75,7735.00,7738.75
1787926200,7738.75,7740.00,7726.50,7731.00
1787926500,7731.25,7746.50,7730.25,7743.00
1787926800,7743.00,7751.50,7738.50,7744.50
1787927100,7744.75,7745.75,7735.00,7742.00
1787927400,7742.00,7750.75,7738.00,7750.75
1787927700,7750.75,7756.50,7749.00,7752.25
1787928000,7752.50,7765.00,7752.00,7763.25
1787928300,7763.00,7768.00,7761.00,7767.75
1787928600,7768.00,7776.50,7767.00,7774.50
1787928900,7774.50,7780.00,7774.00,7779.00
1787929200,7779.25,7782.50,7776.75,7778.25
1787929500,7778.25,7779.75,7770.00,7772.00
1787929800,7771.75,7773.75,7767.25,7771.25
1787930100,7771.25,7776.25,7771.00,7772.25
1787930400,7772.25,7778.50,7772.25,7777.50
1787930700,7777.50,7781.50,7776.75,7779.00
1787931000,7779.25,7779.50,7773.50,7773.50
1787931300,7773.75,7775.50,7764.75,7765.75
1787931600,7766.00,7766.00,7755.50,7757.50
1787931900,7757.25,7759.50,7750.50,7752.00
1787932200,7752.00,7754.00,7743.50,7750.00
1787932500,7750.00,7750.50,7737.25,7739.75
1787932800,7739.75,7741.50,7733.50,7737.25
1787933100,7737.00,7745.25,7736.50,7744.50
1787933400,7744.25,7745.00,7738.25,7738.75
1787933700,7738.75,7741.50,7726.25,7730.75
1787934000,7730.75,7732.50,7720.25,7724.00
1787934300,7723.75,7727.75,7721.75,7725.25
1787934600,7725.00,7734.25,7724.50,7725.25
1787934900,7725.25,7735.25,7725.25,7732.25
1787935200,7732.25,7732.75,7724.25,7725.50
1787935500,7725.50,7735.25,7725.25,7733.00
1787935800,7733.00,7736.00,7727.00,7728.00
1787936100,7728.25,7730.25,7725.75,7725.75
1787936400,7725.75,7726.00,7715.25,7718.75
1787936700,7718.75,7719.00,7713.50,7713.50
1787937000,7713.50,7722.75,7711.75,7722.50
1787937300,7722.50,7723.25,7718.25,7720.25
1787937600,7720.00,7721.25,7714.50,7718.50
1787937900,7718.75,7722.25,7716.25,7717.00
1787938200,7717.00,7723.75,7715.75,7722.00
1787938500,7722.25,7724.00,7714.75,7715.25
1787938800,7715.50,7720.50,7715.25,7719.75
1787939100,7719.50,7726.25,7717.75,7725.25
1787939400,7725.50,7726.50,7723.00,7723.75
1787939700,7723.75,7724.75,7719.50,7724.25
1787940000,7724.50,7727.25,7722.25,7724.00
1787940300,7724.00,7726.75,7722.25,7725.00
1787940600,7724.75,7726.75,7720.75,7721.00
1787940900,7721.00,7724.50,7720.25,7723.00
1787941200,7723.00,7724.75,7718.00,7719.50
1787941500,7719.50,7722.50,7717.75,7719.50
1787941800,7719.50,7724.25,7718.75,7722.75
1787942100,7723.00,7725.00,7719.75,7720.00
1787942400,7720.00,7723.25,7719.25,7722.00
1787942700,7722.00,7722.25,7716.25,7716.75
1787943000,7716.75,7716.75,7712.25,7714.75
1787943300,7715.00,7717.25,7712.75,7716.00
1787943600,7716.00,7718.75,7713.75,7717.00
1787943900,7717.00,7723.00,7716.25,7722.75
1787944200,7722.75,7723.25,7719.00,7721.50
1787944500,7721.75,7722.25,7719.25,7721.25
1787944800,7721.50,7724.75,7720.50,7722.00
1787945100,7722.25,7725.25,7722.25,7724.50
1787945400,7724.50,7724.50,7721.00,7723.00
1787945700,7723.00,7725.00,7720.50,7724.75
1787946000,7724.75,7727.25,7724.50,7725.25
1787946300,7725.50,7726.00,7719.50,7721.75
1787946600,7721.75,7727.25,7720.25,7723.00
1787946900,7723.25,7728.25,7719.50,7722.75
1787947200,7722.50,7724.00,7720.75,7722.50
1787947500,7722.25,7722.25,7719.00,7720.25
1787947800,7720.00,7721.75,7719.75,7720.50
1788183000,7701.25,7704.25,7690.75,7691.50
1788183300,7691.75,7692.75,7685.25,7690.50
1788183600,7690.50,7694.50,7685.25,7686.00
1788183900,7686.25,7694.00,7682.50,7688.75
1788184200,7688.75,7693.25,7685.50,7692.50
1788184500,7692.75,7695.00,7688.50,7689.75
1788184800,7689.75,7691.25,7685.00,7686.00
1788185100,7686.00,7689.00,7681.00,7682.75
1788185400,7682.75,7686.75,7681.25,7686.00
1788185700,7686.25,7688.25,7683.50,7687.25
1788186000,7687.50,7687.75,7677.50,7677.75
1788186300,7677.75,7678.50,7674.75,7676.75
1788186600,7676.75,7679.25,7675.50,7676.50
1788186900,7676.50,7686.00,7676.00,7684.25
1788187200,7684.25,7689.00,7683.50,7686.00
1788187500,7686.25,7686.50,7681.50,7682.00
1788187800,7682.00,7686.75,7681.25,7686.50
1788188100,7686.25,7692.00,7685.25,7687.75
1788188400,7687.50,7692.75,7684.50,7685.75
1788188700,7685.50,7690.00,7684.00,7684.75
1788189000,7684.75,7687.75,7683.25,7685.50
1788189300,7685.50,7687.00,7681.50,7685.50
1788189600,7685.75,7688.75,7683.50,7688.25
1788189900,7688.50,7689.75,7686.00,7687.50
1788190200,7687.25,7688.00,7682.00,7685.75
1788190500,7685.50,7686.75,7682.25,7683.75
1788190800,7684.00,7686.75,7681.75,7686.25
1788191100,7686.00,7688.00,7684.25,7686.50
1788191400,7686.50,7691.25,7686.25,7688.75
1788191700,7688.50,7689.25,7680.75,7682.00
1788192000,7681.75,7682.00,7678.25,7679.25
1788192300,7679.50,7680.00,7677.25,7679.00
1788192600,7679.00,7685.75,7678.50,7685.00
1788192900,7685.00,7685.50,7680.25,7683.75
1788193200,7683.75,7684.50,7680.25,7682.50
1788193500,7682.25,7687.25,7682.25,7687.00
1788193800,7686.75,7687.25,7684.00,7685.75
1788194100,7686.00,7687.25,7680.00,7680.00
1788194400,7680.00,7685.25,7679.50,7681.75
1788194700,7681.75,7686.50,7681.75,7685.25
1788195000,7685.25,7687.75,7684.75,7686.00
1788195300,7686.00,7687.75,7685.50,7686.50
1788195600,7686.50,7686.75,7683.50,7684.25
1788195900,7684.75,7686.25,7683.00,7683.75
1788196200,7683.75,7687.25,7683.50,7687.25
1788196500,7687.00,7688.50,7684.75,7686.50
1788196800,7686.50,7687.25,7685.00,7686.00
1788197100,7685.75,7686.25,7681.50,7682.00
1788197400,7682.00,7683.25,7679.25,7680.50
1788197700,7680.75,7686.25,7680.75,7686.25
1788198000,7686.00,7690.50,7685.50,7690.50
1788198300,7690.50,7692.50,7689.25,7691.25
1788198600,7691.00,7695.75,7691.00,7695.75
1788198900,7695.50,7696.25,7691.50,7693.00
1788199200,7693.00,7694.25,7689.50,7693.50
1788199500,7693.50,7695.00,7692.25,7694.25
1788199800,7694.50,7695.00,7692.00,7694.75
1788200100,7695.00,7695.50,7693.25,7694.75
1788200400,7694.75,7696.25,7692.75,7694.00
1788200700,7694.00,7694.25,7690.75,7690.75
1788201000,7690.75,7692.00,7687.75,7688.00
1788201300,7688.25,7689.00,7680.25,7682.25
1788201600,7682.25,7683.75,7678.00,7681.25
1788201900,7681.50,7682.00,7679.50,7682.00
1788202200,7682.00,7685.00,7680.00,7684.25
1788202500,7684.25,7686.50,7683.00,7684.50
1788202800,7684.50,7688.50,7684.50,7686.00
1788203100,7686.00,7688.25,7684.75,7688.00
1788203400,7688.25,7690.25,7687.25,7689.75
1788203700,7689.75,7690.25,7687.50,7688.25
1788204000,7688.25,7692.75,7687.75,7691.75
1788204300,7692.00,7695.50,7690.50,7694.00
1788204600,7694.25,7694.50,7689.75,7692.25
1788204900,7692.25,7695.00,7691.75,7694.25
1788205200,7694.25,7700.25,7694.00,7698.25
1788205500,7698.00,7699.75,7693.75,7696.25
1788205800,7696.50,7704.75,7696.50,7701.00
1788206100,7701.25,7708.25,7693.75,7698.00
1788206400,7698.00,7704.75,7697.00,7700.75
1788206700,7700.75,7703.75,7700.50,7702.50
1788207000,7702.25,7703.75,7700.75,7701.50
1788269400,7647.00,7648.25,7638.50,7646.50
1788269700,7646.25,7651.00,7642.75,7644.75
1788270000,7644.50,7648.25,7641.00,7646.25
1788270300,7646.50,7649.25,7643.75,7649.25
1788270600,7649.00,7652.00,7642.75,7645.25
1788270900,7645.25,7648.00,7641.50,7647.00
1788271200,7647.75,7652.75,7644.50,7648.50
1788271500,7648.75,7656.50,7648.75,7656.25
1788271800,7656.25,7658.00,7651.75,7657.25
1788272100,7657.00,7662.25,7656.75,7660.25
1788272400,7660.25,7667.25,7660.25,7664.00
1788272700,7664.00,7667.25,7663.25,7665.00
1788273000,7665.00,7672.25,7664.50,7672.00
1788273300,7671.75,7673.00,7667.75,7670.00
1788273600,7670.00,7670.50,7665.75,7668.50
1788273900,7668.75,7670.75,7666.25,7666.25
1788274200,7666.25,7666.50,7662.00,7663.00
1788274500,7663.00,7664.00,7660.25,7662.50
1788274800,7662.50,7663.50,7657.00,7658.25
1788275100,7658.00,7658.75,7653.25,7655.00
1788275400,7654.75,7659.00,7654.00,7656.50
1788275700,7656.50,7660.75,7655.50,7659.75
1788276000,7660.00,7661.75,7657.50,7661.25
1788276300,7661.25,7663.00,7658.75,7663.00
1788276600,7662.75,7664.75,7661.25,7663.00
1788276900,7663.00,7668.00,7661.50,7668.00
1788277200,7668.00,7669.50,7666.50,7669.00
1788277500,7669.00,7673.00,7668.00,7672.50
1788277800,7672.75,7673.75,7669.75,7672.50
1788278100,7672.25,7672.75,7668.25,7669.75
1788278400,7670.00,7670.75,7667.50,7669.50
1788278700,7669.25,7670.00,7665.00,7665.75
1788279000,7665.75,7668.00,7661.75,7662.00
1788279300,7662.25,7663.00,7656.25,7657.00
1788279600,7657.00,7657.75,7650.75,7655.25
1788279900,7655.50,7656.25,7649.50,7652.25
1788280200,7652.00,7653.25,7642.75,7644.00
1788280500,7643.75,7649.00,7643.50,7648.75
1788280800,7649.00,7650.50,7643.50,7643.75
1788281100,7643.75,7647.00,7643.00,7646.25
1788281400,7646.25,7647.50,7644.00,7645.50
1788281700,7645.75,7650.75,7645.75,7649.50
1788282000,7649.25,7649.50,7643.50,7643.75
1788282300,7643.75,7645.00,7641.75,7643.50
1788282600,7643.75,7647.50,7643.00,7646.25
1788282900,7646.50,7648.25,7641.50,7642.75
1788283200,7642.75,7644.50,7641.50,7643.00
1788283500,7643.00,7644.00,7632.75,7643.50
1788283800,7643.75,7647.25,7642.75,7646.50
1788284100,7646.75,7648.75,7644.50,7645.75
1788284400,7646.00,7649.25,7645.25,7647.50
1788284700,7647.25,7648.00,7642.25,7642.50
1788285000,7642.25,7645.25,7641.25,7642.50
1788285300,7642.50,7645.50,7641.25,7645.00
1788285600,7644.75,7647.00,7642.25,7643.00
1788285900,7642.75,7644.00,7641.00,7643.25
1788286200,7643.25,7644.00,7639.75,7640.25
1788286500,7640.25,7645.00,7639.25,7644.50
1788286800,7644.50,7645.25,7641.75,7643.25
1788287100,7643.25,7643.25,7637.25,7638.75
1788287400,7638.75,7639.25,7633.50,7634.50
1788287700,7634.50,7636.00,7631.50,7632.00
1788288000,7632.00,7633.00,7623.50,7624.00
1788288300,7624.00,7629.25,7621.50,7628.75
1788288600,7628.75,7630.75,7627.00,7629.00
1788288900,7629.00,7636.00,7628.25,7634.00
1788289200,7634.00,7639.00,7633.00,7638.50
1788289500,7638.50,7638.75,7635.25,7637.75
1788289800,7638.00,7641.50,7637.25,7641.50
1788290100,7641.50,7643.00,7639.00,7641.00
1788290400,7641.00,7641.75,7637.50,7639.75
1788290700,7640.00,7641.50,7638.50,7641.00
1788291000,7641.00,7641.00,7634.50,7638.50
1788291300,7638.50,7640.50,7635.25,7635.50
1788291600,7635.50,7639.75,7634.25,7637.75
1788291900,7637.75,7641.50,7636.75,7639.75
1788292200,7639.75,7640.25,7633.00,7636.50
1788292500,7636.50,7645.25,7633.00,7644.00
1788292800,7644.00,7647.25,7640.50,7643.00
1788293100,7643.00,7644.75,7641.50,7643.50
1788293400,7643.50,7645.00,7643.00,7644.25
1788355800,7650.50,7651.50,7643.50,7650.00
1788356100,7650.00,7651.00,7643.25,7651.00
1788356400,7651.00,7654.75,7648.50,7654.25
1788356700,7654.00,7655.50,7645.75,7647.00
1788357000,7647.00,7652.50,7646.50,7650.50
1788357300,7650.50,7657.25,7647.50,7656.75
1788357600,7657.00,7664.00,7654.75,7664.00
1788357900,7664.00,7667.75,7662.50,7663.50
1788358200,7663.50,7669.25,7662.75,7668.75
1788358500,7668.75,7676.25,7667.00,7674.75
1788358800,7675.00,7680.00,7673.75,7678.25
1788359100,7678.50,7682.50,7676.75,7679.25
1788359400,7679.25,7682.50,7675.75,7682.50
1788359700,7682.50,7685.50,7681.25,7685.50
1788360000,7685.50,7690.00,7684.25,7689.50
1788360300,7689.75,7690.00,7682.75,7685.00
1788360600,7685.00,7685.00,7679.75,7680.75
1788360900,7680.50,7682.75,7678.00,7679.75
1788361200,7679.75,7683.00,7677.50,7681.00
1788361500,7681.00,7682.75,7678.25,7680.75
1788361800,7680.75,7684.25,7678.25,7681.75
1788362100,7681.75,7686.75,7680.25,7686.25
1788362400,7686.25,7687.00,7683.25,7685.00
1788362700,7685.00,7691.00,7685.00,7689.75
1788363000,7689.75,7691.25,7686.50,7686.75
1788363300,7686.50,7687.75,7684.00,7685.00
1788363600,7685.00,7686.50,7682.50,7682.75
1788363900,7682.75,7683.00,7676.00,7676.50
1788364200,7676.50,7682.50,7676.00,7678.75
1788364500,7679.00,7686.00,7677.75,7685.75
1788364800,7685.50,7685.75,7681.75,7684.50
1788365100,7684.50,7685.50,7682.50,7683.50
1788365400,7683.75,7685.00,7682.50,7683.25
1788365700,7683.25,7683.50,7679.50,7680.75
1788366000,7680.50,7682.00,7676.00,7676.00
1788366300,7676.25,7677.75,7673.00,7675.00
1788366600,7674.50,7679.50,7674.50,7677.25
1788366900,7677.25,7679.00,7676.25,7677.00
1788367200,7677.00,7677.25,7673.25,7673.25
1788367500,7673.25,7676.00,7673.25,7674.75
1788367800,7674.75,7678.25,7673.25,7678.25
1788368100,7678.25,7678.75,7675.00,7675.25
1788368400,7675.25,7681.25,7675.25,7681.00
1788368700,7681.00,7681.25,7672.25,7673.25
1788369000,7673.00,7677.50,7673.00,7675.50
1788369300,7675.50,7676.00,7671.50,7672.25
1788369600,7672.50,7674.25,7670.75,7672.75
1788369900,7672.75,7675.00,7672.25,7673.75
1788370200,7673.75,7674.25,7670.25,7670.25
1788370500,7670.25,7672.50,7670.00,7671.00
1788370800,7671.00,7676.00,7670.00,7675.50
1788371100,7675.75,7679.50,7675.50,7676.50
1788371400,7676.75,7677.75,7674.75,7676.25
1788371700,7676.25,7679.50,7673.75,7678.25
1788372000,7678.25,7680.00,7673.75,7679.50
1788372300,7679.25,7680.75,7677.25,7677.25
1788372600,7677.50,7679.25,7677.00,7678.25
1788372900,7678.25,7687.50,7677.75,7682.50
1788373200,7682.50,7683.75,7680.25,7681.25
1788373500,7681.25,7681.75,7678.50,7680.00
1788373800,7680.00,7681.75,7679.00,7679.50
1788374100,7679.25,7680.25,7674.25,7674.50
1788374400,7674.50,7675.25,7672.75,7674.00
1788374700,7673.75,7676.50,7672.25,7675.50
1788375000,7675.50,7676.50,7673.25,7674.75
1788375300,7674.75,7676.50,7673.25,7674.50
1788375600,7674.50,7676.00,7673.25,7675.50
1788375900,7675.25,7678.75,7675.25,7678.50
1788376200,7678.75,7681.50,7678.75,7680.50
1788376500,7680.50,7680.75,7678.50,7680.75
1788376800,7680.75,7680.75,7677.00,7679.00
1788377100,7678.75,7681.75,7678.25,7681.00
1788377400,7681.25,7681.50,7677.75,7679.25
1788377700,7679.50,7680.00,7677.00,7677.00
1788378000,7677.25,7680.25,7676.75,7679.75
1788378300,7679.75,7681.25,7678.25,7680.25
1788378600,7680.00,7681.00,7676.00,7678.75
1788378900,7678.75,7679.75,7674.00,7678.50
1788379200,7678.50,7680.50,7677.25,7680.50
1788379500,7680.50,7682.50,7679.00,7680.75
1788379800,7680.75,7682.00,7680.00,7680.25
1788442200,7704.25,7718.00,7704.25,7715.00
1788442500,7715.25,7723.75,7710.50,7722.75
1788442800,7723.00,7724.50,7719.00,7723.50
1788443100,7723.75,7725.50,7720.00,7722.25
1788443400,7722.50,7726.50,7719.00,7721.75
1788443700,7721.75,7723.00,7717.00,7722.00
1788444000,7721.75,7721.75,7706.50,7706.75
1788444300,7706.75,7709.00,7701.25,7703.25
1788444600,7703.50,7709.50,7700.50,7709.25
1788444900,7709.25,7714.50,7707.50,7714.00
1788445200,7714.00,7716.25,7710.50,7714.00
1788445500,7714.00,7715.25,7710.25,7712.00
1788445800,7712.25,7715.50,7703.75,7704.25
1788446100,7704.25,7710.75,7703.75,7707.00
1788446400,7707.25,7712.25,7705.75,7707.50
1788446700,7707.00,7713.50,7705.50,7713.00
1788447000,7713.00,7714.00,7707.50,7711.75
1788447300,7711.75,7719.00,7698.25,7718.00
1788447600,7718.25,7730.50,7718.00,7730.25
1788447900,7730.50,7734.75,7730.00,7733.00
1788448200,7733.25,7741.50,7732.50,7741.50
1788448500,7741.50,7746.75,7740.75,7746.25
1788448800,7746.25,7748.50,7740.75,7746.75
1788449100,7746.75,7756.00,7746.25,7755.75
1788449400,7755.75,7758.50,7752.50,7755.00
1788449700,7755.00,7756.00,7750.25,7750.75
1788450000,7751.00,7754.50,7749.00,7752.00
1788450300,7752.25,7756.25,7752.00,7755.75
1788450600,7755.50,7759.00,7755.50,7757.75
1788450900,7757.50,7759.75,7755.75,7759.50
1788451200,7759.50,7759.50,7753.75,7754.00
1788451500,7754.00,7755.00,7750.75,7751.25
1788451800,7751.00,7753.00,7749.75,7753.00
1788452100,7752.75,7754.75,7751.25,7753.25
1788452400,7753.25,7754.00,7750.50,7751.00
1788452700,7751.00,7751.25,7748.00,7750.50
1788453000,7750.25,7752.00,7748.75,7750.50
1788453300,7750.50,7756.50,7749.50,7755.50
1788453600,7755.75,7758.25,7755.25,7757.50
1788453900,7757.25,7758.25,7756.00,7757.00
1788454200,7757.00,7757.25,7753.25,7754.25
1788454500,7754.25,7756.25,7753.25,7754.75
1788454800,7755.00,7756.00,7752.50,7753.75
1788455100,7754.00,7755.00,7750.00,7750.00
1788455400,7750.00,7751.00,7749.00,7750.25
1788455700,7750.25,7751.50,7749.00,7749.25
1788456000,7749.25,7749.25,7747.00,7748.50
1788456300,7748.50,7752.75,7748.50,7752.50
1788456600,7752.50,7755.25,7752.25,7754.25
1788456900,7754.50,7757.25,7754.00,7756.00
1788457200,7756.00,7757.75,7755.75,7756.25
1788457500,7756.50,7757.75,7754.50,7756.00
1788457800,7756.00,7761.00,7755.25,7760.00
1788458100,7760.25,7761.00,7758.00,7758.75
1788458400,7758.75,7765.75,7758.75,7763.75
1788458700,7763.75,7765.25,7762.50,7763.75
1788459000,7764.00,7765.25,7763.00,7764.00
1788459300,7764.25,7766.25,7762.25,7763.00
1788459600,7763.25,7764.00,7761.25,7763.25
1788459900,7763.25,7764.50,7762.25,7763.25
1788460200,7763.25,7764.75,7761.25,7764.50
1788460500,7764.25,7765.00,7763.50,7764.00
1788460800,7763.75,7764.00,7761.00,7761.75
1788461100,7761.75,7763.75,7761.50,7763.50
1788461400,7763.50,7764.25,7761.25,7762.00
1788461700,7762.00,7762.75,7760.00,7762.50
1788462000,7762.50,7763.00,7760.00,7761.75
1788462300,7761.50,7762.75,7760.50,7761.50
1788462600,7761.50,7762.25,7758.75,7759.50
1788462900,7759.50,7761.75,7758.50,7761.50
1788463200,7761.75,7761.75,7756.75,7757.50
1788463500,7757.50,7759.75,7757.00,7759.75
1788463800,7759.75,7761.00,7758.00,7758.50
1788464100,7758.50,7761.00,7758.25,7759.75
1788464400,7759.75,7760.75,7757.25,7757.75
1788464700,7757.75,7759.50,7756.50,7758.00
1788465000,7757.75,7759.00,7755.75,7757.50
1788465300,7757.50,7757.75,7752.00,7756.25
1788465600,7756.25,7757.00,7751.00,7753.00
1788465900,7753.00,7754.75,7752.00,7753.75
1788466200,7753.75,7754.25,7752.50,7753.50
1788528600,7742.25,7750.50,7740.75,7749.00
1788528900,7749.25,7751.00,7744.75,7747.00
1788529200,7747.00,7747.25,7740.00,7743.50
1788529500,7743.50,7748.25,7740.25,7747.25
1788529800,7747.00,7747.00,7741.50,7745.50
1788530100,7745.75,7747.75,7743.00,7745.00
1788530400,7745.00,7745.50,7739.25,7741.75
1788530700,7741.75,7743.50,7737.00,7737.25
1788531000,7737.25,7738.75,7730.25,7738.25
1788531300,7738.25,7739.00,7731.50,7731.50
1788531600,7731.75,7734.50,7730.50,7733.00
1788531900,7733.00,7735.00,7729.50,7734.00
1788532200,7734.25,7735.25,7729.50,7730.00
1788532500,7730.25,7733.75,7729.50,7733.50
1788532800,7733.25,7733.25,7724.00,7725.00
1788533100,7725.00,7727.00,7719.25,7719.75
1788533400,7719.50,7723.50,7717.00,7717.75
1788533700,7717.75,7719.75,7714.75,7716.25
1788534000,7716.50,7718.25,7712.25,7717.00
1788534300,7716.75,7719.50,7715.25,7718.75
1788534600,7718.75,7721.50,7716.00,7721.25
1788534900,7721.25,7722.00,7714.50,7715.50
1788535200,7715.50,7716.50,7713.00,7714.75
1788535500,7714.75,7717.00,7713.25,7716.50
1788535800,7716.75,7716.75,7710.25,7714.25
1788536100,7714.25,7717.50,7714.00,7717.25
1788536400,7717.25,7722.50,7716.75,7721.75
1788536700,7721.75,7722.75,7718.00,7720.00
1788537000,7720.00,7721.75,7718.75,7721.00
1788537300,7721.00,7722.25,7718.25,7721.50
1788537600,7721.25,7723.25,7720.25,7723.00
1788537900,7723.00,7726.25,7721.00,7725.50
1788538200,7725.75,7729.50,7724.75,7729.25
1788538500,7729.25,7730.75,7727.50,7730.50
1788538800,7730.25,7733.75,7729.50,7730.50
1788539100,7730.75,7731.00,7727.75,7728.25
1788539400,7728.25,7731.25,7727.25,7731.00
1788539700,7731.00,7731.50,7728.75,7729.50
1788540000,7729.50,7731.75,7728.75,7731.25
1788540300,7731.25,7734.25,7730.75,7733.75
1788540600,7734.00,7735.25,7732.50,7732.75
1788540900,7732.75,7733.50,7730.50,7730.50
1788541200,7730.50,7731.75,7725.50,7726.50
1788541500,7726.25,7728.50,7725.25,7725.25
1788541800,7725.25,7726.75,7724.75,7725.25
1788542100,7725.25,7726.75,7724.00,7724.50
1788542400,7724.75,7725.75,7722.50,7722.75
1788542700,7722.75,7724.25,7719.75,7720.25
1788543000,7720.50,7720.50,7716.50,7718.25
1788543300,7718.25,7719.50,7717.00,7718.75
1788543600,7718.50,7718.75,7714.50,7714.75
1788543900,7715.00,7717.00,7712.75,7715.50
1788544200,7715.50,7716.75,7714.25,7715.25
1788544500,7715.50,7717.00,7714.50,7716.00
1788544800,7716.00,7718.00,7713.75,7715.00
1788545100,7715.00,7717.75,7713.50,7717.75
1788545400,7717.50,7719.00,7717.00,7718.25
1788545700,7718.25,7720.00,7717.50,7719.50
1788546000,7719.50,7721.50,7719.00,7720.50
1788546300,7720.50,7721.50,7719.25,7720.50
1788546600,7720.75,7722.25,7720.00,7722.00
1788546900,7722.00,7722.25,7719.50,7720.50
1788547200,7720.50,7723.75,7719.50,7723.50
1788547500,7723.25,7724.50,7722.50,7724.00
1788547800,7724.25,7725.00,7723.25,7724.25
1788548100,7724.25,7725.50,7723.25,7724.50
1788548400,7724.50,7725.75,7718.25,7718.75
1788548700,7719.00,7720.00,7717.75,7718.75
1788549000,7718.75,7720.00,7717.50,7717.75
1788549300,7717.75,7719.50,7717.50,7718.25
1788549600,7718.25,7720.00,7717.75,7719.25
1788549900,7719.25,7722.50,7719.25,7721.75
1788550200,7721.75,7722.50,7720.25,7721.75
1788550500,7721.50,7721.75,7718.00,7719.50
1788550800,7719.25,7721.25,7718.50,7720.75
1788551100,7720.75,7724.00,7720.75,7723.00
1788551400,7723.25,7726.00,7722.50,7725.50
1788551700,7725.75,7726.50,7719.00,7723.75
1788552000,7723.75,7724.00,7718.75,7719.00
1788552300,7719.00,7719.25,7716.25,7717.50
1788552600,7717.50,7719.75,7717.50,7718.50
1788787800,7714.50,7717.25,7714.00,7714.25
1788788100,7714.50,7715.25,7712.25,7713.00
1788788400,7712.75,7714.25,7711.75,7713.50
1788788700,7713.25,7714.75,7712.75,7714.50
1788789000,7714.50,7714.75,7712.75,7714.25
1788789300,7714.25,7714.25,7712.75,7713.50
1788789600,7713.75,7715.75,7710.50,7710.75
1788789900,7710.50,7713.25,7710.25,7711.00
1788790200,7711.00,7711.50,7709.75,7710.50
1788790500,7710.50,7711.50,7709.25,7709.25
1788790800,7709.25,7710.25,7708.75,7709.00
1788791100,7708.75,7710.25,7708.75,7709.75
1788791400,7710.25,7710.25,7707.00,7707.00
1788791700,7707.00,7711.25,7706.25,7711.00
1788792000,7711.00,7712.00,7708.50,7711.25
1788792300,7711.25,7711.25,7709.75,7710.00
1788792600,7709.75,7710.00,7708.25,7709.25
1788792900,7709.25,7709.50,7704.50,7704.50
1788793200,7704.50,7707.75,7704.50,7706.50
1788793500,7706.50,7707.00,7705.00,7706.25
1788793800,7706.25,7706.50,7704.75,7705.50
1788794100,7705.50,7706.50,7704.50,7705.75
1788794400,7705.75,7706.00,7703.75,7704.25
1788794700,7704.50,7707.00,7703.50,7705.50
1788795000,7706.00,7707.50,7705.50,7706.25
1788795300,7706.50,7708.75,7705.75,7707.75
1788795600,7707.75,7708.00,7706.25,7707.75
1788795900,7707.75,7707.75,7706.25,7707.75
1788796200,7707.50,7708.00,7705.75,7705.75
1788796500,7706.00,7707.25,7705.25,7707.25
1788796800,7707.50,7708.50,7706.50,7708.25
1788797100,7708.00,7708.25,7706.50,7706.75
1788797400,7707.00,7709.00,7707.00,7709.00
1788797700,7709.00,7709.50,7708.50,7708.75
1788798000,7709.00,7709.50,7707.25,7707.50
1788798300,7707.75,7708.00,7707.00,7708.00
1788798600,7707.75,7709.25,7707.50,7708.75
1788798900,7708.75,7710.25,7708.75,7709.50
1788799200,7709.75,7710.25,7709.25,7709.75
1788799500,7709.75,7710.00,7708.75,7709.00
1788799800,7709.25,7709.75,7708.75,7709.25
1788800100,7709.25,7710.25,7707.75,7709.00
1788874200,7711.25,7717.75,7707.00,7708.75
1788874500,7708.50,7708.50,7701.50,7702.00
1788874800,7702.00,7702.00,7691.25,7693.25
1788875100,7693.25,7698.75,7692.25,7697.75
1788875400,7697.75,7697.75,7688.50,7694.00
1788875700,7694.00,7701.25,7693.25,7694.75
1788876000,7695.00,7697.00,7685.75,7690.25
1788876300,7690.25,7691.00,7684.00,7684.50
1788876600,7684.50,7688.25,7680.00,7685.00
1788876900,7684.75,7688.00,7681.25,7685.75
1788877200,7685.50,7691.75,7683.25,7691.25
1788877500,7691.50,7692.00,7684.25,7687.50
1788877800,7687.50,7691.00,7684.50,7690.50
1788878100,7690.25,7691.25,7686.75,7689.00
1788878400,7689.00,7693.00,7688.00,7691.50
1788878700,7691.50,7693.50,7686.75,7692.75
1788879000,7692.75,7697.75,7692.25,7696.75
1788879300,7696.75,7699.75,7693.50,7696.50
1788879600,7697.00,7699.25,7695.25,7697.25
1788879900,7697.00,7698.75,7695.00,7697.00
1788880200,7697.00,7703.75,7697.00,7700.75
1788880500,7700.75,7704.00,7699.50,7701.25
1788880800,7701.25,7701.50,7693.75,7700.25
1788881100,7700.25,7704.75,7698.50,7698.50
1788881400,7698.75,7701.50,7696.75,7699.00
1788881700,7698.75,7699.00,7693.75,7695.75
1788882000,7695.50,7701.00,7694.50,7700.50
1788882300,7700.50,7701.00,7695.25,7696.00
1788882600,7696.00,7698.50,7695.50,7696.00
1788882900,7696.00,7697.75,7693.75,7694.25
1788883200,7694.25,7697.00,7692.25,7697.00
1788883500,7697.00,7698.50,7693.50,7693.75
1788883800,7693.50,7694.00,7690.50,7692.75
1788884100,7692.75,7692.75,7688.25,7689.75
1788884400,7689.75,7694.75,7688.50,7694.25
1788884700,7694.50,7697.00,7691.25,7691.50
1788885000,7691.75,7694.00,7690.50,7692.50
1788885300,7692.50,7693.00,7689.75,7690.50
1788885600,7690.50,7692.25,7688.50,7690.75
1788885900,7690.50,7693.75,7689.50,7693.00
1788886200,7692.75,7696.75,7691.50,7693.00
1788886500,7693.25,7693.50,7685.75,7690.00
1788886800,7690.00,7699.75,7689.50,7699.75
1788887100,7699.50,7701.75,7696.00,7696.00
1788887400,7696.25,7697.75,7695.50,7696.75
1788887700,7697.00,7697.75,7695.50,7696.75
1788888000,7696.50,7697.75,7694.75,7696.75
1788888300,7696.50,7697.00,7692.50,7695.50
1788888600,7695.75,7699.00,7695.00,7697.50
1788888900,7697.25,7699.50,7697.00,7697.50
1788889200,7697.75,7697.75,7693.75,7694.00
1788889500,7694.00,7697.00,7694.00,7696.50
1788889800,7696.50,7699.00,7695.25,7698.25
1788890100,7698.25,7698.25,7695.00,7695.25
1788890400,7695.00,7697.00,7695.00,7696.75
1788890700,7696.50,7698.75,7696.00,7698.00
1788891000,7698.25,7699.25,7697.25,7698.25
1788891300,7698.00,7699.50,7697.25,7698.50
1788891600,7698.50,7699.25,7696.00,7696.25
1788891900,7696.25,7698.50,7695.50,7698.00
1788892200,7698.25,7698.50,7695.50,7695.75
1788892500,7695.50,7695.75,7691.75,7692.25
1788892800,7692.50,7696.00,7691.00,7695.75
1788893100,7695.75,7696.75,7676.75,7683.00
1788893400,7683.25,7691.00,7682.25,7690.25
1788893700,7690.25,7691.25,7687.75,7688.25
1788894000,7688.00,7689.75,7685.25,7686.75
1788894300,7686.50,7690.25,7686.00,7688.75
1788894600,7688.75,7691.50,7688.25,7689.50
1788894900,7689.50,7690.75,7686.50,7687.50
1788895200,7687.25,7689.50,7685.50,7686.00
1788895500,7686.25,7691.25,7685.75,7690.50
1788895800,7690.50,7692.25,7687.75,7691.50
1788896100,7691.50,7692.00,7688.25,7690.50
1788896400,7690.50,7691.50,7687.50,7689.00
1788896700,7688.75,7689.75,7683.50,7686.00
1788897000,7686.00,7687.00,7676.00,7678.00
1788897300,7678.00,7683.00,7672.25,7681.25
1788897600,7681.00,7683.00,7675.25,7676.50
1788897900,7676.25,7678.25,7674.00,7677.75
1788898200,7677.50,7679.25,7676.75,7678.75
1788960600,7660.50,7663.75,7652.00,7660.75
1788960900,7661.00,7662.00,7655.50,7658.00
1788961200,7658.00,7660.25,7653.75,7657.00
1788961500,7656.75,7661.75,7653.50,7658.75
1788961800,7658.75,7659.50,7654.25,7657.50
1788962100,7657.50,7662.25,7656.25,7661.00
1788962400,7660.75,7662.00,7653.50,7658.25
1788962700,7658.00,7661.50,7657.25,7660.50
1788963000,7660.50,7661.25,7656.00,7658.75
1788963300,7658.75,7658.75,7647.50,7650.00
1788963600,7650.25,7651.50,7644.25,7644.75
1788963900,7644.75,7660.75,7644.50,7659.75
1788964200,7659.50,7660.00,7654.00,7655.00
1788964500,7654.75,7658.00,7652.25,7656.00
1788964800,7655.75,7659.00,7654.25,7657.75
1788965100,7657.50,7658.00,7653.75,7657.25
1788965400,7657.25,7659.25,7655.50,7656.50
1788965700,7656.75,7659.00,7654.25,7657.75
1788966000,7657.75,7665.00,7646.75,7648.50
1788966300,7648.50,7650.50,7641.25,7642.25
1788966600,7642.25,7642.75,7633.50,7635.75
1788966900,7635.75,7641.50,7634.50,7640.25
1788967200,7639.75,7641.00,7629.50,7630.25
1788967500,7630.00,7635.50,7628.75,7635.25
1788967800,7635.25,7641.50,7634.25,7641.25
1788968100,7641.25,7649.50,7637.00,7648.75
1788968400,7648.75,7650.75,7640.75,7642.00
1788968700,7642.50,7643.50,7639.75,7642.75
1788969000,7642.75,7646.25,7642.75,7645.25
1788969300,7645.25,7645.25,7638.25,7641.50
1788969600,7641.50,7643.75,7640.00,7643.50
1788969900,7643.50,7644.00,7634.50,7634.75
1788970200,7635.00,7638.75,7633.75,7636.00
1788970500,7636.00,7636.25,7633.25,7634.25
1788970800,7634.25,7637.00,7632.50,7637.00
1788971100,7637.00,7638.00,7634.00,7636.00
1788971400,7635.75,7642.25,7635.50,7640.75
1788971700,7641.00,7642.50,7639.00,7642.50
1788972000,7642.50,7644.50,7640.75,7644.50
1788972300,7644.50,7645.50,7641.50,7644.75
1788972600,7644.75,7648.75,7644.75,7646.00
1788972900,7646.00,7647.50,7645.00,7645.75
1788973200,7645.50,7650.00,7643.50,7643.75
1788973500,7644.00,7647.75,7643.75,7645.75
1788973800,7645.50,7652.25,7645.00,7651.50
1788974100,7651.25,7653.00,7648.25,7648.75
1788974400,7648.75,7652.00,7647.50,7652.00
1788974700,7652.00,7652.00,7648.50,7649.25
1788975000,7649.25,7650.75,7646.75,7648.00
1788975300,7648.00,7648.75,7643.50,7644.25
1788975600,7644.25,7649.75,7644.25,7648.75
1788975900,7648.75,7651.50,7648.50,7650.75
1788976200,7650.50,7653.25,7649.25,7652.50
1788976500,7652.50,7653.25,7650.00,7650.25
1788976800,7650.25,7651.75,7649.50,7651.00
1788977100,7650.75,7651.00,7647.00,7647.50
1788977400,7647.25,7647.75,7644.00,7644.00
1788977700,7644.00,7647.00,7642.75,7645.50
1788978000,7645.50,7650.25,7645.50,7649.50
1788978300,7649.75,7650.50,7647.50,7648.50
1788978600,7648.25,7649.00,7645.75,7647.25
1788978900,7647.50,7650.25,7647.00,7650.00
1788979200,7649.75,7653.00,7649.75,7651.50
1788979500,7651.75,7652.00,7649.25,7650.00
1788979800,7650.00,7653.50,7650.00,7652.50
1788980100,7652.50,7654.25,7648.50,7649.00
1788980400,7648.75,7650.75,7646.25,7646.75
1788980700,7646.75,7651.00,7646.25,7650.75
1788981000,7650.75,7651.25,7649.50,7649.75
1788981300,7649.75,7653.50,7649.50,7652.75
1788981600,7652.75,7653.50,7651.00,7652.50
1788981900,7652.50,7654.25,7651.00,7651.25
1788982200,7651.25,7652.25,7649.25,7650.25
1788982500,7650.00,7651.00,7647.75,7647.75
1788982800,7647.75,7648.50,7646.00,7648.25
1788983100,7648.25,7649.75,7646.50,7648.75
1788983400,7649.00,7649.00,7642.25,7644.75
1788983700,7644.75,7645.50,7641.25,7644.50
1788984000,7644.75,7646.25,7642.25,7643.25
1788984300,7643.25,7646.25,7643.25,7645.50
1788984600,7645.75,7647.25,7644.75,7646.25
1789047000,7599.00,7603.00,7595.00,7596.75
1789047300,7597.00,7604.50,7593.75,7603.25
1789047600,7603.50,7606.50,7599.50,7600.25
1789047900,7600.25,7609.25,7600.00,7605.50
1789048200,7605.75,7605.75,7591.50,7592.25
1789048500,7592.25,7593.00,7586.00,7586.75
1789048800,7586.75,7597.00,7586.25,7592.00
1789049100,7592.00,7593.25,7585.50,7587.50
1789049400,7587.50,7597.00,7586.75,7593.00
1789049700,7592.75,7600.00,7590.50,7599.25
1789050000,7599.25,7620.00,7598.50,7612.75
1789050300,7612.75,7618.25,7604.75,7606.50
1789050600,7606.25,7611.75,7605.50,7608.00
1789050900,7608.00,7615.50,7608.00,7612.50
1789051200,7612.25,7613.75,7606.00,7608.00
1789051500,7607.75,7609.75,7603.75,7607.50
1789051800,7607.25,7611.50,7604.25,7611.00
1789052100,7611.25,7614.50,7608.25,7613.50
1789052400,7613.25,7613.75,7604.75,7607.75
1789052700,7608.00,7614.00,7607.50,7609.50
1789053000,7609.50,7614.25,7608.75,7609.75
1789053300,7609.75,7612.00,7608.00,7610.25
1789053600,7610.25,7613.00,7605.75,7612.75
1789053900,7612.75,7615.25,7610.50,7611.25
1789054200,7611.50,7615.50,7609.50,7614.00
1789054500,7613.75,7619.25,7610.00,7612.00
1789054800,7611.75,7614.00,7610.00,7613.50
1789055100,7613.25,7614.50,7606.75,7610.50
1789055400,7610.50,7612.75,7605.25,7605.25
1789055700,7605.50,7606.50,7601.25,7604.75
1789056000,7604.75,7610.25,7603.50,7605.00
1789056300,7604.75,7605.75,7599.75,7600.00
1789056600,7600.00,7602.75,7597.50,7600.25
1789056900,7600.25,7603.75,7598.00,7599.50
1789057200,7599.75,7602.50,7599.25,7599.75
1789057500,7600.00,7600.25,7597.00,7600.25
1789057800,7600.25,7603.50,7594.25,7594.25
1789058100,7594.25,7601.75,7591.50,7601.00
1789058400,7601.00,7608.50,7600.25,7607.25
1789058700,7607.50,7613.00,7607.25,7607.50
1789059000,7607.50,7611.25,7606.25,7611.25
1789059300,7611.00,7612.75,7609.50,7611.25
1789059600,7611.25,7617.75,7607.00,7609.50
1789059900,7609.50,7612.25,7607.75,7608.75
1789060200,7609.00,7613.75,7608.50,7609.50
1789060500,7609.50,7611.25,7607.75,7609.25
1789060800,7609.00,7610.25,7605.25,7606.25
1789061100,7606.25,7606.50,7604.50,7605.25
1789061400,7605.00,7607.25,7602.75,7605.00
1789061700,7605.00,7607.25,7599.75,7600.00
1789062000,7600.00,7603.75,7599.75,7603.50
1789062300,7603.75,7604.25,7601.25,7602.25
1789062600,7602.00,7605.00,7601.25,7603.25
1789062900,7603.50,7604.75,7601.25,7602.50
1789063200,7602.25,7605.25,7597.50,7599.00
1789063500,7599.00,7601.25,7596.00,7597.00
1789063800,7596.75,7598.50,7594.00,7596.25
1789064100,7596.25,7597.00,7594.00,7596.25
1789064400,7596.25,7600.00,7596.00,7597.50
1789064700,7597.50,7598.75,7595.25,7596.50
1789065000,7596.50,7596.50,7591.75,7595.25
1789065300,7595.25,7598.25,7594.25,7598.00
1789065600,7598.25,7598.75,7596.25,7597.75
1789065900,7597.75,7600.50,7593.50,7597.00
1789066200,7597.25,7603.50,7595.00,7599.00
1789066500,7599.25,7600.75,7596.00,7597.25
1789066800,7597.00,7597.25,7592.50,7592.50
1789067100,7592.50,7599.50,7592.50,7599.00
1789067400,7599.25,7599.25,7594.75,7597.50
1789067700,7597.75,7599.25,7593.00,7595.00
1789068000,7594.75,7596.75,7593.00,7596.50
1789068300,7596.50,7597.50,7594.50,7596.00
1789068600,7595.75,7599.75,7594.00,7599.00
1789068900,7599.00,7601.25,7596.25,7599.75
1789069200,7599.75,7602.75,7599.50,7600.00
1789069500,7600.25,7602.00,7597.50,7600.75
1789069800,7601.00,7603.00,7595.75,7598.50
1789070100,7598.50,7600.50,7596.00,7598.50
1789070400,7598.75,7599.50,7596.50,7597.75
1789070700,7598.00,7602.00,7596.00,7601.50
1789071000,7601.25,7606.25,7599.75,7605.75
1789133400,7665.25,7676.50,7659.75,7675.50
1789133700,7675.25,7677.75,7671.25,7673.50
1789134000,7673.25,7676.00,7664.00,7672.25
1789134300,7672.25,7677.25,7665.50,7667.25
1789134600,7667.50,7670.75,7664.75,7669.00
1789134900,7669.00,7682.00,7667.75,7681.00
1789135200,7681.00,7681.25,7671.25,7672.00
1789135500,7672.00,7673.75,7666.75,7671.75
1789135800,7672.00,7674.75,7665.25,7666.50
1789136100,7666.50,7675.50,7664.00,7675.00
1789136400,7675.00,7678.75,7673.50,7675.50
1789136700,7675.25,7678.75,7673.25,7674.75
1789137000,7675.00,7675.75,7664.50,7665.00
1789137300,7664.75,7665.25,7657.50,7660.25
1789137600,7660.75,7665.00,7656.00,7657.75
1789137900,7657.75,7665.75,7653.25,7664.75
1789138200,7664.75,7665.00,7657.25,7658.00
1789138500,7658.25,7659.50,7654.25,7657.00
1789138800,7657.25,7664.25,7655.25,7664.00
1789139100,7664.00,7670.25,7663.25,7666.50
1789139400,7666.50,7667.25,7658.25,7663.50
1789139700,7663.25,7673.25,7663.25,7671.50
1789140000,7671.50,7676.75,7670.75,7676.25
1789140300,7676.00,7680.00,7674.25,7677.50
1789140600,7677.50,7679.50,7675.00,7676.50
1789140900,7676.50,7678.25,7673.75,7677.00
1789141200,7677.25,7680.50,7676.25,7678.75
1789141500,7679.00,7679.25,7675.25,7676.75
1789141800,7676.75,7677.75,7671.75,7673.25
1789142100,7673.00,7676.00,7671.50,7675.00
1789142400,7675.00,7680.00,7675.00,7679.00
1789142700,7679.25,7679.75,7675.25,7677.00
1789143000,7676.75,7678.00,7673.00,7673.75
1789143300,7673.50,7674.25,7671.50,7672.50
1789143600,7672.50,7674.00,7670.25,7671.25
1789143900,7671.50,7673.75,7666.25,7667.25
1789144200,7666.75,7675.50,7665.75,7673.75
1789144500,7673.50,7673.75,7666.75,7667.25
1789144800,7667.00,7672.50,7666.25,7672.25
1789145100,7672.25,7674.00,7670.75,7670.75
1789145400,7670.75,7673.25,7670.50,7671.75
1789145700,7672.00,7674.50,7671.50,7674.00
1789146000,7674.25,7676.50,7673.25,7674.25
1789146300,7674.00,7678.75,7673.75,7675.25
1789146600,7675.25,7676.75,7673.00,7673.25
1789146900,7673.50,7677.25,7673.25,7676.75
1789147200,7677.00,7680.50,7676.50,7680.25
1789147500,7680.25,7681.25,7677.00,7677.75
1789147800,7677.75,7680.50,7676.75,7677.50
1789148100,7677.75,7678.25,7675.50,7676.00
1789148400,7675.75,7677.75,7675.50,7676.25
1789148700,7676.25,7677.25,7675.00,7676.75
1789149000,7676.75,7677.50,7676.00,7676.25
1789149300,7676.00,7676.50,7674.00,7674.75
1789149600,7675.00,7677.75,7674.50,7676.50
1789149900,7676.25,7676.25,7673.50,7674.75
1789150200,7674.75,7675.00,7672.75,7673.25
1789150500,7673.25,7675.00,7672.75,7673.50
1789150800,7673.50,7673.75,7668.75,7671.25
1789151100,7671.25,7673.25,7669.50,7672.00
1789151400,7672.00,7673.75,7669.25,7672.25
1789151700,7672.25,7673.25,7670.00,7670.75
1789152000,7670.75,7671.75,7668.50,7669.00
1789152300,7669.00,7671.25,7667.25,7668.25
1789152600,7668.25,7669.50,7668.00,7668.00
1789152900,7668.25,7670.25,7667.00,7667.75
1789153200,7668.00,7669.75,7667.50,7669.00
1789153500,7669.00,7669.00,7664.75,7665.25
1789153800,7665.00,7667.00,7663.00,7666.50
1789154100,7666.75,7668.50,7666.25,7667.50
1789154400,7667.50,7669.75,7666.50,7669.50
1789154700,7669.50,7670.50,7667.50,7667.75
1789155000,7668.00,7668.75,7666.25,7667.25
1789155300,7667.25,7667.50,7666.00,7666.75
1789155600,7666.75,7668.00,7666.25,7667.75
1789155900,7667.50,7667.75,7664.50,7664.75
1789156200,7664.75,7665.50,7661.75,7664.00
1789156500,7664.00,7664.25,7657.50,7658.75
1789156800,7658.75,7661.25,7658.50,7661.00
1789157100,7661.00,7661.75,7660.50,7661.00
1789157400,7661.25,7662.00,7659.50,7660.501789157700,7660.50,7660.75,7659.75,7660.00
1789158000,7660.00,7661.75,7660.00,7661.50
1789158300,7661.75,7661.75,7660.50,7661.00
1789158600,7661.00,7663.50,7660.75,7662.25
1789158900,7662.25,7662.75,7661.75,7661.75
1789159200,7662.00,7662.25,7660.00,7660.75
1789159500,7661.00,7661.25,7659.75,7660.25
1789159800,7660.25,7661.50,7660.00,7661.50
1789160100,7661.25,7661.50,7660.00,7660.75
1789336800,7609.25,7625.75,7604.25,7617.25
1789337100,7617.00,7620.75,7608.00,7609.50
1789337400,7609.50,7612.75,7607.75,7612.25
1789337700,7612.25,7613.75,7609.25,7613.50
1789338000,7613.25,7615.75,7612.25,7614.00
1789338300,7614.00,7619.00,7613.75,7619.00
1789338600,7618.50,7622.75,7618.25,7622.25
1789338900,7622.25,7622.25,7619.00,7620.75
1789339200,7620.50,7620.50,7617.25,7617.50
1789339500,7617.50,7619.25,7616.75,7618.25
1789339800,7618.25,7619.75,7618.00,7619.25
1789340100,7619.25,7620.75,7618.00,7618.50
1789340400,7618.75,7619.75,7617.50,7618.00
1789340700,7618.00,7619.25,7617.50,7619.00
1789341000,7619.00,7620.25,7619.00,7620.00
1789341300,7619.75,7620.00,7619.00,7619.25
1789341600,7619.25,7624.00,7619.00,7623.75
1789341900,7623.75,7624.75,7622.75,7624.75
1789342200,7624.50,7625.50,7623.75,7623.75
1789342500,7623.50,7623.50,7618.25,7619.75
1789342800,7620.00,7620.75,7617.75,7619.00
1789343100,7618.75,7618.75,7616.25,7616.75
1789343400,7616.75,7619.50,7616.25,7617.00
1789343700,7617.00,7617.25,7614.75,7615.50
1789344000,7615.25,7620.00,7614.50,7618.75
1789344300,7618.75,7623.00,7618.50,7622.50
1789344600,7622.00,7623.25,7619.75,7620.75
1789344900,7621.00,7623.00,7620.00,7621.25
1789345200,7621.50,7621.50,7619.25,7620.50
1789345500,7620.75,7621.00,7617.75,7620.00
1789345800,7620.00,7622.50,7619.75,7621.25
1789346100,7621.25,7621.75,7619.25,7619.75
1789346400,7620.00,7623.00,7619.25,7622.75
1789346700,7622.75,7624.25,7622.00,7623.25
1789347000,7623.00,7624.25,7622.50,7623.75
1789347300,7623.75,7624.50,7621.00,7621.50
1789347600,7621.75,7624.25,7620.50,7623.25
1789347900,7622.25,7624.50,7622.25,7624.50
1789348200,7624.25,7625.75,7622.00,7622.00
1789348500,7622.25,7622.50,7620.75,7621.25
1789348800,7621.25,7622.75,7620.00,7621.75
1789349100,7622.00,7624.00,7620.50,7623.50
1789349400,7623.50,7624.00,7621.50,7622.00
1789349700,7622.00,7627.00,7622.00,7626.75
1789350000,7626.75,7627.75,7626.00,7626.75
1789350300,7626.75,7630.50,7626.75,7630.25
1789350600,7630.25,7632.00,7630.00,7632.00
1789350900,7631.75,7634.50,7631.75,7632.75
1789351200,7633.00,7634.00,7631.50,7631.75
1789351500,7631.75,7633.75,7631.50,7633.25
1789351800,7632.75,7633.75,7632.00,7632.50
1789352100,7632.50,7633.00,7631.50,7632.25
1789352400,7632.50,7633.25,7631.75,7632.00
1789352700,7632.25,7632.75,7632.00,7632.00
1789353000,7632.00,7633.00,7631.50,7632.25
1789353300,7632.25,7632.75,7631.00,7631.25
1789353600,7631.25,7631.50,7629.00,7629.50
1789353900,7629.25,7631.75,7629.00,7631.25
1789354200,7631.50,7632.00,7630.75,7631.50
1789354500,7631.25,7631.25,7629.25,7629.50
1789354800,7629.50,7629.50,7627.00,7627.00
1789355100,7627.00,7628.25,7626.75,7627.50
1789355400,7627.75,7627.75,7625.25,7625.50
1789355700,7625.75,7626.50,7624.00,7625.00
1789356000,7625.00,7625.50,7624.25,7625.25
1789356300,7625.25,7626.50,7624.50,7626.50
1789356600,7626.25,7626.25,7623.25,7624.25
1789356900,7624.50,7624.75,7623.50,7623.75
1789357200,7624.00,7624.25,7622.25,7622.50
1789357500,7622.75,7623.75,7621.75,7622.75
1789357800,7622.50,7624.00,7622.00,7623.75
1789358100,7623.50,7623.75,7622.00,7622.25
1789358400,7622.50,7624.00,7622.25,7624.00
1789358700,7624.00,7624.25,7622.50,7623.00
1789359000,7623.00,7623.00,7620.75,7621.25
1789359300,7621.25,7622.25,7620.75,7622.00
1789359600,7622.25,7622.25,7621.25,7622.25
1789359900,7622.00,7622.75,7621.75,7622.00
1789360200,7622.00,7622.00,7619.25,7619.75
1789360500,7619.50,7622.00,7619.25,7622.00
1789360800,7622.25,7622.75,7619.50,7620.00
1789361100,7620.25,7622.50,7620.25,7622.00
1789361400,7622.25,7623.25,7620.25,7620.50
1789361700,7620.50,7621.25,7619.50,7620.25
1789362000,7620.25,7621.00,7619.50,7620.75
1789362300,7620.50,7621.25,7620.00,7620.25
1789362600,7620.00,7620.50,7618.50,7620.25
1789362900,7620.25,7620.50,7618.50,7618.75
1789363200,7618.75,7618.75,7616.00,7616.25
1789363500,7616.25,7619.75,7616.25,7618.75
1789363800,7618.75,7619.75,7617.75,7619.00
1789364100,7618.75,7620.25,7618.00,7619.00
1789364400,7619.00,7619.25,7615.25,7616.75
1789364700,7616.75,7617.75,7615.50,7616.00
1789365000,7615.75,7619.25,7615.50,7619.25
1789365300,7619.50,7620.25,7617.75,7620.00
1789365600,7620.00,7623.25,7619.75,7622.50
1789365900,7622.50,7623.50,7621.50,7622.75
1789366200,7622.50,7624.75,7622.00,7623.50
1789366500,7623.50,7624.25,7622.75,7623.50
1789366800,7623.25,7624.00,7621.00,7623.00
1789367100,7623.00,7623.75,7621.00,7621.00
1789367400,7621.00,7621.00,7616.25,7617.25
1789367700,7617.25,7617.50,7616.00,7616.75
1789368000,7616.50,7617.25,7612.25,7614.25
1789368300,7614.50,7615.50,7612.00,7612.00
1789368600,7612.25,7614.25,7611.50,7613.00
1789368900,7613.25,7613.75,7606.25,7609.50
1789369200,7609.75,7613.50,7607.25,7613.50
1789369500,7613.50,7615.25,7611.50,7613.25
1789369800,7613.25,7615.50,7611.25,7614.50
1789370100,7614.50,7615.25,7612.00,7612.75
1789370400,7612.50,7615.25,7610.75,7614.00
1789370700,7614.25,7614.50,7610.75,7611.25
1789371000,7611.25,7613.00,7610.50,7611.50
1789371300,7611.25,7612.00,7609.50,7610.25
1789371600,7610.25,7611.25,7605.25,7606.00
1789371900,7606.25,7608.25,7604.50,7607.75
1789372200,7608.00,7608.25,7604.00,7606.00
1789372500,7605.75,7609.00,7605.75,7608.50
1789372800,7608.75,7613.25,7607.25,7611.75
1789373100,7611.75,7613.50,7610.00,7613.00
1789373400,7613.25,7613.25,7608.25,7610.25
1789373700,7610.25,7610.50,7606.25,7607.50
1789374000,7607.25,7609.00,7606.25,7606.50
1789374300,7606.75,7607.50,7603.50,7603.75
1789374600,7603.75,7606.75,7603.75,7605.75
1789374900,7605.75,7609.25,7605.75,7609.00
1789375200,7609.50,7610.75,7607.00,7607.75
1789375500,7607.75,7609.00,7600.00,7604.75
1789375800,7604.75,7606.50,7602.00,7602.25
1789376100,7602.50,7608.25,7602.00,7608.25
1789376400,7608.00,7609.75,7606.25,7606.75
1789376700,7607.00,7607.75,7605.50,7606.25
1789377000,7606.25,7607.50,7599.25,7601.00
1789377300,7601.00,7601.25,7597.50,7598.25
1789377600,7598.25,7599.00,7593.75,7595.00
1789377900,7595.00,7600.50,7594.00,7599.25
1789378200,7599.00,7601.25,7598.50,7599.25
1789378500,7599.00,7599.00,7595.25,7596.00
1789378800,7596.00,7599.25,7594.50,7595.00
1789379100,7595.25,7597.75,7594.25,7595.50
1789379400,7595.50,7598.50,7594.50,7598.00
1789379700,7598.25,7598.75,7594.75,7596.50
1789380000,7596.50,7598.75,7596.25,7597.25
1789380300,7597.50,7599.25,7597.00,7598.25
1789380600,7598.25,7600.75,7597.50,7599.25
1789380900,7599.50,7599.75,7596.25,7597.75
1789381200,7598.00,7603.25,7597.75,7602.00
1789381500,7602.25,7604.50,7602.00,7604.00
1789381800,7604.00,7605.50,7603.25,7605.00
1789382100,7605.25,7607.25,7605.25,7605.25
1789382400,7605.50,7609.00,7605.25,7607.75
1789382700,7607.75,7609.75,7607.50,7608.75
1789383000,7609.00,7609.50,7606.00,7607.00
1789383300,7606.75,7610.75,7606.75,7609.25
1789383600,7609.25,7612.25,7607.00,7612.00
1789383900,7611.75,7613.00,7611.00,7612.25
1789384200,7612.50,7613.75,7609.75,7611.75
1789384500,7612.00,7613.75,7612.00,7613.50
1789384800,7613.25,7615.25,7612.50,7615.00
1789385100,7615.00,7617.50,7614.25,7616.50
1789385400,7616.75,7617.75,7613.00,7613.50
1789385700,7613.50,7614.75,7610.50,7614.00
1789386000,7614.25,7617.50,7613.50,7615.00
1789386300,7615.00,7617.25,7613.75,7616.00
1789386600,7615.75,7616.00,7611.75,7613.25
1789386900,7613.50,7614.50,7611.25,7611.50
1789387200,7611.50,7611.75,7606.75,7608.00
1789387500,7608.00,7610.25,7606.75,7610.00
1789387800,7609.75,7612.00,7608.25,7609.75
1789388100,7610.00,7615.00,7609.75,7610.75
1789388400,7611.00,7612.50,7609.00,7610.50
1789388700,7610.25,7610.75,7607.50,7610.00
1789389000,7610.00,7612.50,7606.00,7607.00
1789389300,7607.00,7607.00,7596.50,7601.25
1789389600,7601.25,7608.25,7597.00,7607.75
1789389900,7607.75,7609.50,7603.75,7606.00
1789390200,7606.00,7607.75,7603.25,7603.75
1789390500,7603.50,7607.00,7601.25,7606.50
1789390800,7606.50,7606.75,7597.75,7598.75
1789391100,7598.75,7602.00,7596.50,7599.00
1789391400,7599.00,7607.00,7598.50,7606.00
1789391700,7606.00,7608.75,7604.50,7607.75
1789392000,7607.50,7609.25,7607.00,7607.75
1789392300,7607.75,7609.00,7605.75,7606.50
1789392600,7606.50,7608.50,7602.25,7603.00
1789392900,7603.25,7605.25,7601.00,7602.00
1789393200,7602.00,7611.50,7601.00,7610.50
1789393500,7610.50,7622.25,7610.25,7619.25
1789393800,7619.25,7622.25,7617.00,7618.00
1789394100,7617.75,7618.50,7613.50,7615.75
1789394400,7615.75,7622.00,7615.25,7620.50
1789394700,7620.25,7627.00,7619.00,7624.75
1789395000,7624.50,7626.25,7620.00,7620.25
1789395300,7620.50,7622.75,7613.75,7614.50
1789395600,7614.50,7614.50,7603.75,7604.00
1789395900,7604.00,7604.50,7597.75,7604.00
1789396200,7604.00,7607.00,7601.00,7606.50
1789396500,7606.50,7606.75,7598.75,7600.75
1789396800,7600.50,7602.75,7596.75,7602.50
1789397100,7602.75,7606.50,7600.50,7602.50
1789397400,7602.25,7602.75,7596.75,7598.00
1789397700,7598.00,7601.75,7595.25,7601.50
1789398000,7601.50,7602.25,7597.50,7597.75
1789398300,7597.75,7615.00,7597.50,7607.25
1789398600,7607.50,7608.25,7602.00,7602.25
1789398900,7602.00,7608.50,7601.00,7606.75
1789399200,7606.75,7611.75,7605.75,7611.50
1789399500,7611.50,7615.00,7609.00,7612.00
1789399800,7612.00,7625.00,7610.25,7623.75
1789400100,7624.00,7629.50,7620.50,7628.50
1789400400,7628.50,7638.75,7626.50,7637.50
1789400700,7637.50,7638.00,7630.75,7631.00
1789401000,7631.00,7635.25,7629.25,7634.75
1789401300,7634.75,7636.75,7633.00,7634.25
1789401600,7634.25,7635.75,7629.75,7629.75
1789401900,7629.50,7631.50,7628.50,7630.50
1789402200,7630.25,7633.00,7630.00,7631.00
1789402500,7631.25,7641.00,7631.00,7640.25
1789402800,7640.25,7642.75,7636.75,7640.50
1789403100,7640.75,7641.25,7635.25,7636.75
1789403400,7636.50,7640.75,7635.75,7636.00
1789403700,7636.00,7638.00,7634.75,7637.00
1789404000,7637.00,7639.50,7635.50,7639.50
1789404300,7639.50,7651.50,7636.75,7649.25
1789404600,7649.25,7652.00,7646.50,7646.75
1789404900,7647.00,7647.50,7642.00,7645.00
1789405200,7645.25,7646.75,7641.50,7642.75
1789405500,7643.00,7644.25,7639.50,7640.75
1789405800,7641.00,7645.00,7637.75,7638.00
1789406100,7638.00,7639.00,7635.25,7636.75
1789406400,7636.75,7640.50,7636.50,7639.25
1789406700,7639.25,7643.50,7638.00,7643.50
1789407000,7643.50,7645.00,7641.25,7643.00
1789407300,7642.75,7644.75,7641.50,7644.50
1789407600,7644.50,7644.50,7641.50,7642.50
1789407900,7642.50,7644.50,7641.75,7642.50
1789408200,7642.75,7644.75,7642.25,7644.25
1789408500,7644.00,7644.75,7639.75,7639.75
1789408800,7640.00,7644.50,7638.00,7638.75
1789409100,7638.75,7642.25,7637.25,7640.75
1789409400,7640.50,7641.00,7638.00,7640.00
1789409700,7640.00,7641.25,7638.00,7639.00
1789410000,7639.00,7639.75,7637.50,7637.50
1789410300,7637.75,7638.25,7635.50,7636.75
1789410600,7636.50,7640.00,7636.00,7638.75
1789410900,7638.75,7641.25,7638.25,7639.75
1789411200,7639.75,7641.75,7639.00,7640.00
1789411500,7640.00,7642.00,7637.25,7641.75
1789411800,7641.50,7641.75,7639.50,7639.75
1789412100,7639.75,7641.00,7637.50,7638.00
1789412400,7638.00,7638.75,7635.25,7636.00
1789412700,7636.00,7636.50,7632.50,7635.00
1789413000,7635.00,7637.75,7635.00,7637.00
1789413300,7637.00,7637.00,7634.50,7635.50
1789413600,7635.50,7636.00,7633.00,7634.75
1789413900,7634.75,7635.25,7633.75,7634.00
1789414200,7634.00,7636.00,7633.25,7633.75
1789414500,7634.00,7634.25,7632.50,7633.00
1789414800,7633.00,7634.25,7632.50,7633.00
1789415100,7633.00,7635.25,7632.75,7634.00
1789415400,7634.00,7635.50,7628.00,7629.50
1789415700,7629.50,7630.50,7623.50,7624.75
1789416000,7624.75,7626.75,7622.75,7624.50
1789416300,7624.50,7624.50,7623.00,7623.50
1789416600,7623.50,7625.25,7623.00,7624.75
1789416900,7624.50,7624.75,7622.00,7624.50
1789417200,7624.50,7626.75,7624.50,7626.50
1789417500,7626.75,7627.75,7626.50,7627.75
1789417800,7627.75,7628.00,7626.00,7627.00
1789418100,7627.00,7627.50,7626.75,7627.25
1789418400,7627.25,7627.75,7626.75,7627.25
1789418700,7627.00,7630.50,7627.00,7630.25
1789419000,7630.25,7631.50,7630.00,7631.25
1789419300,7631.25,7632.50,7630.50,7632.25
1789423200,7631.00,7632.75,7628.25,7629.75
1789423500,7629.75,7629.75,7628.00,7628.00
1789423800,7628.25,7629.00,7628.00,7629.00
1789424100,7629.25,7629.50,7627.50,7628.50
1789424400,7628.75,7629.00,7628.50,7628.50
1789424700,7628.25,7628.50,7627.25,7628.50
1789425000,7628.75,7629.50,7628.50,7629.25
1789425300,7629.00,7629.50,7628.50,7628.50
1789425600,7628.50,7628.50,7627.50,7627.75
1789425900,7628.00,7630.00,7628.00,7629.75
1789426200,7629.75,7630.75,7629.50,7630.00
1789426500,7630.00,7630.00,7628.75,7628.75
1789426800,7628.75,7628.75,7627.25,7628.00
1789427100,7628.25,7628.25,7627.75,7628.25
1789427400,7628.25,7629.50,7628.25,7629.00
1789427700,7629.25,7629.25,7626.75,7627.00
1789428000,7627.00,7628.50,7626.75,7628.25
1789428300,7628.25,7628.75,7626.50,7627.25
1789428600,7627.25,7628.00,7627.00,7627.75
1789428900,7628.00,7628.75,7627.75,7628.75
1789429200,7628.75,7629.00,7627.75,7628.00
1789429500,7628.25,7628.50,7627.00,7627.50
1789429800,7627.50,7627.50,7626.25,7627.00
1789430100,7627.00,7629.00,7626.75,7628.50
1789430400,7628.25,7629.50,7625.50,7626.00
1789430700,7626.50,7629.25,7624.25,7628.25
1789431000,7627.75,7628.75,7626.25,7628.25
1789431300,7628.25,7628.50,7624.75,7626.00
1789431600,7626.00,7628.50,7625.25,7628.50
1789431900,7628.50,7629.00,7626.75,7627.25
1789432200,7627.00,7627.75,7626.25,7626.25
1789432500,7626.00,7629.75,7626.00,7629.50
1789432800,7629.75,7632.50,7629.75,7631.50
1789433100,7631.50,7631.50,7629.50,7631.00
1789433400,7630.75,7632.75,7630.75,7631.75
1789433700,7632.00,7632.25,7629.75,7630.00
1789434000,7629.75,7633.00,7628.50,7632.50
1789434300,7631.75,7632.00,7629.50,7630.50
1789434600,7631.00,7632.50,7631.00,7632.50
1789434900,7632.50,7633.25,7632.00,7632.50
1789435200,7632.25,7632.50,7631.50,7632.25
1789435500,7632.00,7632.00,7629.75,7630.25
1789435800,7630.50,7630.50,7627.50,7627.50
1789436100,7627.75,7627.75,7625.25,7626.25
1789436400,7626.25,7626.25,7622.50,7624.00
1789436700,7624.25,7625.75,7622.75,7625.75
1789437000,7625.75,7626.75,7622.75,7625.75
1789437300,7625.75,7626.75,7624.75,7625.25
1789437600,7625.50,7627.25,7624.50,7626.75
1789437900,7626.75,7627.00,7625.00,7626.25
1789438200,7626.00,7626.75,7625.25,7625.75
1789438500,7625.75,7625.75,7624.25,7624.25
1789438800,7624.00,7625.00,7623.50,7624.50
1789439100,7625.00,7625.75,7624.50,7624.50
1789439400,7624.50,7625.25,7623.75,7624.25
1789439700,7624.00,7624.75,7622.75,7623.25
1789440000,7623.50,7624.25,7622.00,7623.00
1789440300,7622.75,7623.75,7622.25,7623.75
1789440600,7623.75,7623.75,7622.25,7623.25
1789440900,7623.25,7624.00,7622.50,7622.50
1789441200,7622.50,7624.00,7621.75,7622.00
1789441500,7622.00,7622.00,7620.75,7621.00
1789441800,7620.50,7621.25,7620.00,7620.75
1789442100,7620.75,7621.50,7620.00,7620.25
1789442400,7620.25,7620.50,7620.00,7620.25
1789442700,7620.25,7620.50,7619.50,7620.25
1789443000,7620.25,7620.50,7619.25,7620.00
1789443300,7620.25,7620.75,7619.25,7620.00
1789443600,7619.75,7620.00,7619.25,7620.00
1789443900,7620.25,7620.50,7618.00,7618.50
1789444200,7618.50,7618.75,7615.50,7615.50
1789444500,7615.50,7615.75,7614.00,7614.50
1789444800,7614.50,7615.25,7612.75,7615.00
1789445100,7615.00,7616.50,7613.75,7614.00
1789445400,7614.25,7615.00,7612.50,7612.50
1789445700,7612.75,7612.75,7611.75,7612.25
1789446000,7612.00,7612.75,7608.50,7609.25
1789446300,7609.25,7609.50,7606.50,7608.00
1789446600,7608.00,7609.00,7607.25,7608.00
1789446900,7608.00,7608.00,7604.25,7605.50
1789447200,7605.75,7609.25,7605.50,7608.00
1789447500,7608.00,7609.25,7606.75,7607.50
1789447800,7607.00,7607.50,7603.00,7604.75
1789448100,7604.50,7604.50,7601.50,7601.75
1789448400,7601.50,7603.75,7601.25,7601.50
1789448700,7601.50,7602.00,7598.75,7598.75
1789449000,7598.50,7599.00,7597.25,7598.25
1789449300,7598.00,7598.25,7595.75,7596.50
1789449600,7596.75,7598.50,7596.50,7597.25
1789449900,7597.50,7601.25,7597.00,7601.00
1789450200,7600.50,7602.50,7599.50,7601.50
1789450500,7601.50,7601.75,7598.50,7600.75
1789450800,7601.00,7607.50,7601.00,7607.25
1789451100,7607.25,7609.50,7605.75,7607.00
1789451400,7607.00,7611.75,7606.50,7611.25
1789451700,7611.25,7611.25,7606.75,7607.25
1789452000,7607.50,7610.00,7607.25,7609.50
1789452300,7609.00,7609.25,7606.00,7607.00
1789452600,7607.00,7608.25,7605.50,7607.50
1789452900,7606.50,7607.75,7606.25,7607.25
1789453200,7607.00,7607.75,7605.50,7605.50
1789453500,7605.75,7606.00,7604.00,7604.50
1789453800,7604.25,7604.50,7601.75,7602.00
1789454100,7602.00,7604.00,7600.50,7601.50
1789454400,7601.75,7603.50,7600.00,7600.50
1789454700,7600.00,7602.25,7600.00,7600.75
1789455000,7600.75,7601.00,7598.50,7598.75
1789455300,7598.75,7601.25,7597.25,7599.75
1789455600,7599.75,7602.25,7597.00,7600.25
1789455900,7600.25,7601.25,7596.50,7598.50
1789456200,7599.00,7599.50,7592.75,7593.00
1789456500,7593.00,7596.50,7593.00,7596.50
1789456800,7596.50,7600.50,7595.75,7600.50
1789457100,7600.50,7601.25,7595.25,7597.25
1789457400,7597.75,7599.00,7596.50,7598.00
1789457700,7596.75,7597.50,7592.50,7593.25
1789458000,7593.00,7593.50,7588.75,7588.75
1789458300,7588.75,7591.75,7588.50,7590.25
1789458600,7590.25,7591.25,7586.00,7588.50
1789458900,7588.50,7591.25,7586.75,7591.00
1789459200,7591.00,7591.00,7585.25,7586.00
1789459500,7586.25,7586.75,7579.25,7579.25
1789459800,7579.00,7585.50,7576.75,7585.25
1789460100,7585.50,7590.25,7585.00,7590.25
1789460400,7590.25,7592.25,7587.00,7587.25
1789460700,7587.50,7589.00,7583.25,7586.00
1789461000,7585.75,7586.75,7583.00,7584.75
1789461300,7584.25,7586.50,7583.00,7584.75
1789461600,7584.75,7584.75,7581.75,7582.00
1789461900,7582.00,7582.75,7581.25,7582.25
1789462200,7582.00,7584.00,7582.00,7583.25
1789462500,7583.50,7585.75,7582.25,7583.25
1789462800,7583.00,7583.50,7580.75,7583.00
1789463100,7583.00,7585.50,7581.50,7582.00
1789463400,7581.75,7584.25,7580.75,7583.00
1789463700,7582.50,7583.50,7578.25,7579.25
1789464000,7579.50,7584.50,7579.25,7580.00
1789464300,7580.25,7584.75,7579.50,7584.50
1789464600,7584.50,7586.50,7583.50,7586.50
1789464900,7586.50,7591.25,7586.25,7591.00
1789465200,7590.75,7591.50,7589.50,7589.75
1789465500,7590.25,7597.00,7590.25,7595.75
1789465800,7595.75,7599.75,7595.50,7598.50
1789466100,7598.50,7598.75,7595.75,7598.50
1789466400,7598.50,7599.75,7597.00,7597.50
1789466700,7597.75,7599.25,7597.00,7599.00
1789467000,7599.25,7604.00,7598.75,7600.25
1789467300,7600.00,7600.00,7596.75,7598.50
1789467600,7598.50,7601.50,7598.50,7601.25
1789467900,7601.25,7601.50,7599.75,7600.75
1789468200,7600.75,7602.50,7599.50,7602.25
1789468500,7602.00,7603.75,7601.50,7603.75
1789468800,7603.50,7606.25,7603.25,7604.75
1789469100,7604.75,7606.50,7603.25,7605.75
1789469400,7605.50,7609.75,7605.25,7608.75
1789469700,7608.75,7611.50,7608.00,7608.75
1789470000,7608.50,7611.00,7608.25,7609.50
1789470300,7609.75,7612.75,7608.00,7612.25
1789470600,7612.25,7613.00,7611.00,7611.25
1789470900,7611.50,7614.50,7610.25,7612.75
1789471200,7612.50,7613.25,7611.00,7611.50
1789471500,7611.50,7612.00,7610.00,7610.75
1789471800,7610.75,7611.25,7608.25,7611.25
1789472100,7611.25,7612.75,7609.75,7609.75
1789472400,7610.50,7611.75,7609.25,7610.75
1789472700,7610.50,7612.00,7610.00,7610.50
1789473000,7610.50,7613.50,7610.00,7611.00
1789473300,7611.00,7614.50,7610.00,7614.25
1789473600,7614.00,7615.50,7611.50,7614.25
1789473900,7614.25,7614.50,7612.25,7613.25
1789474200,7613.50,7616.75,7612.75,7616.25
1789474500,7616.25,7617.50,7614.25,7615.75
1789474800,7615.75,7616.00,7611.00,7611.75
1789475100,7612.00,7615.75,7611.50,7615.50
1789475400,7615.25,7618.00,7612.00,7618.00
1789475700,7618.00,7618.50,7616.25,7617.50
1789476000,7617.25,7617.75,7614.25,7616.25
1789476300,7616.75,7630.00,7616.00,7624.75
1789476600,7624.75,7628.75,7623.50,7628.50
1789476900,7628.25,7629.75,7620.25,7621.50
1789477200,7621.25,7624.50,7620.50,7624.50
1789477500,7624.50,7624.75,7621.75,7621.75
1789477800,7622.25,7623.25,7620.25,7621.00
1789478100,7620.75,7624.75,7620.25,7621.25
1789478400,7621.25,7623.25,7619.50,7622.50
1789478700,7622.50,7625.50,7616.75,7616.75
1789479000,7616.75,7619.00,7602.75,7604.50
1789479300,7604.25,7614.00,7604.25,7613.25
1789479600,7613.00,7615.50,7609.00,7614.75
1789479900,7614.50,7616.75,7607.25,7608.75
1789480200,7608.75,7612.50,7606.75,7611.75
1789480500,7611.75,7612.25,7608.75,7610.75
1789480800,7610.50,7610.75,7603.25,7603.25
1789481100,7603.50,7606.00,7599.75,7600.25
1789481400,7600.25,7600.50,7594.00,7594.75
1789481700,7594.75,7600.00,7594.25,7597.50
1789482000,7597.50,7598.75,7586.75,7591.75
1789482300,7592.00,7592.75,7589.75,7590.00
1789482600,7590.00,7591.75,7586.00,7588.75
1789482900,7588.50,7591.50,7585.50,7586.50
1789483200,7586.50,7587.75,7583.75,7587.25
1789483500,7587.25,7589.00,7584.50,7584.50
1789483800,7584.25,7585.25,7576.75,7581.00
1789484100,7580.75,7584.00,7578.75,7579.50
1789484400,7579.75,7587.00,7579.75,7587.00
1789484700,7587.00,7588.00,7583.50,7584.25
1789485000,7584.00,7586.00,7582.25,7585.00
1789485300,7584.75,7589.00,7583.25,7588.00
1789485600,7588.00,7590.50,7585.00,7590.00
1789485900,7590.00,7590.50,7587.25,7590.00
1789486200,7590.25,7591.00,7584.75,7588.75
1789486500,7588.75,7590.75,7586.75,7588.25
1789486800,7588.25,7593.00,7588.25,7590.75
1789487100,7590.50,7591.25,7584.50,7585.25
1789487400,7585.25,7591.00,7585.00,7586.25
1789487700,7586.25,7591.25,7585.25,7586.50
1789488000,7586.25,7589.00,7585.25,7588.50
1789488300,7588.50,7588.50,7580.50,7582.75
1789488600,7582.50,7584.00,7582.00,7583.25
1789488900,7583.00,7586.50,7582.25,7586.25
1789489200,7586.25,7592.75,7586.25,7592.25
1789489500,7592.25,7594.50,7590.75,7591.50
1789489800,7591.25,7593.50,7588.75,7592.25
1789490100,7592.25,7592.75,7590.00,7590.75
1789490400,7590.75,7592.25,7590.00,7592.00
1789490700,7591.75,7593.00,7588.75,7590.25
1789491000,7590.25,7596.00,7590.00,7595.75
1789491300,7595.75,7596.50,7591.25,7592.75
1789491600,7593.00,7593.75,7587.25,7587.25
1789491900,7587.00,7589.75,7586.00,7587.50
1789492200,7587.50,7591.00,7586.25,7586.50
1789492500,7586.50,7586.75,7584.25,7585.50
1789492800,7585.50,7586.25,7582.00,7582.25
1789493100,7582.00,7584.50,7581.50,7584.25
1789493400,7584.25,7587.50,7583.75,7585.50
1789493700,7585.75,7587.25,7584.75,7586.75
1789494000,7586.50,7588.00,7584.25,7587.00
1789494300,7586.75,7588.50,7584.75,7585.50
1789494600,7585.25,7588.25,7585.00,7588.25
1789494900,7588.25,7590.25,7587.00,7588.50
1789495200,7588.75,7590.75,7587.00,7590.75
1789495500,7590.75,7592.25,7589.75,7592.25
1789495800,7592.50,7595.00,7591.50,7593.50
1789496100,7593.75,7594.00,7590.50,7591.00
1789496400,7591.00,7592.25,7590.00,7590.50
1789496700,7590.50,7592.50,7589.25,7592.50
1789497000,7592.25,7592.25,7586.50,7587.75
1789497300,7587.75,7589.00,7587.25,7588.50
1789497600,7588.50,7592.00,7587.00,7587.75
1789497900,7587.75,7588.00,7583.25,7584.25
1789498200,7584.50,7587.50,7584.25,7586.75
1789498500,7586.50,7590.75,7586.25,7590.50
1789498800,7590.75,7592.00,7588.50,7589.25
1789499100,7589.25,7590.00,7588.00,7589.25
1789499400,7589.25,7589.50,7586.75,7587.25
1789499700,7587.50,7589.00,7586.50,7588.00
1789500000,7588.00,7588.25,7586.50,7587.00
1789500300,7587.00,7587.25,7585.25,7585.75
1789500600,7585.75,7586.75,7585.00,7585.25
1789500900,7585.25,7585.25,7581.75,7582.75
1789501200,7582.50,7584.25,7581.00,7583.25
1789501500,7583.25,7586.00,7582.50,7585.75
1789501800,7585.75,7586.50,7582.00,7586.00
1789502100,7586.00,7590.75,7584.50,7589.75
1789502400,7590.00,7595.25,7590.00,7595.00
1789502700,7595.00,7596.00,7594.25,7595.00
1789503000,7595.00,7598.00,7594.75,7597.75
1789503300,7597.75,7598.00,7596.50,7597.00
1789503600,7597.00,7597.50,7596.50,7597.25
1789503900,7597.25,7597.50,7596.25,7596.75
1789504200,7596.75,7598.50,7596.25,7597.00
1789504500,7597.00,7597.50,7596.50,7596.75
1789504800,7596.50,7597.50,7596.50,7597.00
1789505100,7597.00,7597.75,7596.50,7597.75
1789505400,7597.75,7597.75,7596.50,7597.00
1789505700,7596.75,7597.25,7596.75,7596.75
1789509600,7596.50,7597.75,7595.50,7597.00
1789509900,7597.00,7597.00,7595.25,7595.75
1789510200,7596.00,7596.00,7595.00,7595.25
1789510500,7595.25,7596.25,7594.50,7594.75
1789510800,7594.75,7596.75,7594.50,7595.75
1789511100,7595.75,7596.50,7595.50,7596.00
1789511400,7596.00,7597.75,7596.00,7597.50
1789511700,7597.75,7599.50,7597.75,7599.50
1789512000,7599.50,7599.50,7598.25,7599.25
1789512300,7598.75,7600.00,7598.25,7599.50
1789512600,7599.50,7600.25,7599.50,7600.00
1789512900,7600.00,7600.25,7599.50,7599.75
1789513200,7599.25,7599.75,7598.00,7598.00
1789513500,7598.00,7598.25,7597.75,7598.25
1789513800,7598.00,7598.25,7597.25,7597.75
1789514100,7597.50,7597.50,7596.75,7597.25
1789514400,7597.00,7597.00,7596.50,7596.75
1789514700,7596.75,7597.00,7595.50,7595.75
1789515000,7595.75,7596.50,7595.75,7596.50
1789515300,7596.00,7597.00,7595.25,7597.00
1789515600,7597.50,7599.75,7597.00,7599.00
1789515900,7598.75,7599.00,7597.75,7598.00
1789516200,7598.00,7599.25,7597.75,7599.00
1789516500,7599.50,7599.50,7597.75,7598.50
1789516800,7598.50,7600.00,7596.25,7597.25
1789517100,7597.50,7599.25,7597.25,7597.25
1789517400,7597.25,7599.75,7596.25,7599.50
1789517700,7599.50,7600.25,7598.00,7599.25
1789518000,7599.25,7599.25,7598.25,7598.50
1789518300,7598.00,7599.50,7597.75,7599.50
1789518600,7599.25,7600.00,7598.00,7598.25
1789518900,7597.50,7599.25,7596.75,7598.75
1789519200,7598.50,7598.75,7597.50,7597.50
1789519500,7597.50,7599.75,7597.00,7598.75
1789519800,7599.00,7599.50,7598.50,7598.75
1789520100,7598.75,7599.25,7597.50,7599.00
1789520400,7598.25,7599.00,7596.50,7597.00
1789520700,7596.75,7597.00,7593.50,7594.50
1789521000,7594.00,7599.75,7593.50,7599.50
1789521300,7599.50,7600.25,7598.50,7599.00
1789521600,7599.00,7601.75,7598.75,7600.25
1789521900,7600.25,7600.75,7599.50,7599.50
1789522200,7599.50,7599.50,7597.00,7598.50
1789522500,7598.50,7598.75,7595.50,7595.75
1789522800,7595.50,7596.75,7595.50,7595.75
1789523100,7595.75,7597.50,7595.00,7595.50
1789523400,7595.50,7595.50,7592.50,7593.00
1789523700,7593.25,7593.50,7592.25,7592.50
1789524000,7592.50,7597.50,7592.50,7596.50
1789524300,7596.75,7597.00,7594.25,7596.00
1789524600,7595.75,7596.75,7593.50,7594.25
1789524900,7594.25,7596.00,7594.25,7595.50
1789525200,7595.25,7597.00,7595.00,7596.75
1789525500,7596.75,7599.50,7596.75,7599.25
1789525800,7599.25,7601.75,7599.00,7600.50
1789526100,7600.75,7601.75,7599.75,7599.75
1789526400,7600.25,7600.25,7597.75,7598.50
1789526700,7598.50,7599.75,7598.50,7599.25
1789527000,7599.00,7600.75,7598.50,7600.00
1789527300,7600.00,7601.50,7600.00,7601.50
1789527600,7601.75,7604.25,7601.50,7603.50
1789527900,7603.25,7605.00,7603.00,7603.25
1789528200,7604.00,7606.25,7603.00,7605.50
1789528500,7605.75,7609.00,7605.50,7608.75
1789528800,7608.50,7611.00,7608.00,7609.50
1789529100,7609.75,7610.50,7606.75,7606.75
1789529400,7607.00,7607.00,7604.75,7604.75
1789529700,7605.00,7605.00,7603.00,7604.50
1789530000,7604.50,7605.50,7604.25,7605.25
1789530300,7606.00,7606.75,7605.50,7605.50
1789530600,7606.00,7607.00,7605.75,7605.75
1789530900,7605.50,7606.75,7605.50,7605.75
1789531200,7605.75,7607.50,7605.75,7607.25
1789531500,7607.00,7607.25,7605.75,7606.00
1789531800,7606.25,7606.25,7605.50,7605.75
1789532100,7605.50,7605.75,7604.50,7604.50
1789532400,7604.25,7606.25,7604.25,7605.75
1789532700,7605.25,7605.25,7603.50,7603.75
1789533000,7603.50,7603.75,7600.75,7601.25
1789533300,7601.00,7602.25,7600.00,7601.50
1789533600,7601.50,7602.75,7600.50,7601.00
1789533900,7601.00,7603.00,7601.00,7602.75
1789534200,7603.25,7603.25,7602.00,7602.00
1789534500,7602.00,7602.50,7601.25,7601.25
1789534800,7601.50,7601.75,7599.00,7601.75
1789535100,7601.75,7602.25,7600.25,7602.25
1789535400,7602.25,7603.25,7601.25,7602.25
1789535700,7602.75,7604.50,7602.50,7603.75
1789536000,7603.50,7604.00,7602.00,7602.50
1789536300,7602.75,7604.75,7602.25,7604.50
1789536600,7604.25,7604.25,7603.25,7603.75
1789536900,7603.75,7604.75,7603.50,7604.50
1789537200,7604.50,7606.75,7604.50,7606.75
1789537500,7606.75,7607.00,7603.50,7603.50
1789537800,7603.50,7605.00,7603.25,7604.75
1789538100,7605.25,7605.75,7603.75,7604.00
1789538400,7603.75,7607.50,7603.00,7603.50
1789538700,7603.75,7607.00,7603.75,7606.00
1789539000,7606.00,7608.75,7606.00,7607.50
1789539300,7607.00,7607.50,7605.75,7607.50
1789539600,7607.75,7607.75,7604.25,7605.25
1789539900,7605.25,7606.25,7603.00,7604.50
1789540200,7604.75,7605.50,7603.25,7604.75
1789540500,7604.75,7605.00,7603.50,7604.25
1789540800,7603.75,7604.00,7602.75,7604.00
1789541100,7603.75,7604.75,7602.50,7604.25
1789541400,7604.00,7607.25,7604.00,7605.75
1789541700,7605.75,7607.50,7605.25,7607.00
1789542000,7606.75,7611.00,7606.00,7610.75
1789542300,7610.75,7611.00,7607.50,7609.75
1789542600,7609.75,7610.50,7608.75,7609.75
1789542900,7609.75,7610.00,7606.00,7606.00
1789543200,7605.75,7608.75,7605.25,7608.25
1789543500,7607.50,7608.75,7607.50,7607.50
1789543800,7607.50,7610.00,7607.50,7608.00
1789544100,7608.00,7608.00,7606.25,7606.25
1789544400,7606.50,7606.50,7605.25,7605.75
1789544700,7605.50,7606.00,7604.75,7605.00
1789545000,7605.00,7605.00,7603.00,7603.00
1789545300,7603.25,7606.00,7603.25,7604.25
1789545600,7603.75,7604.00,7600.00,7600.00
1789545900,7600.50,7601.00,7598.25,7599.50
1789546200,7599.00,7599.75,7596.50,7599.25
1789546500,7599.25,7605.25,7599.25,7601.75
1789546800,7601.50,7603.75,7599.75,7599.75
1789547100,7600.00,7602.00,7598.25,7601.75
1789547400,7601.50,7604.00,7599.75,7601.00
1789547700,7601.25,7602.25,7599.25,7599.25
1789548000,7599.50,7603.50,7599.00,7603.50
1789548300,7603.25,7604.25,7602.50,7602.50
1789548600,7602.50,7605.50,7602.50,7605.00
1789548900,7605.00,7606.75,7605.00,7605.75
1789549200,7605.75,7606.25,7604.00,7606.00
1789549500,7606.25,7607.00,7604.50,7605.50
1789549800,7605.25,7605.75,7602.75,7603.00
1789550100,7603.25,7603.25,7599.00,7599.50
1789550400,7599.75,7601.50,7599.00,7599.50
1789550700,7599.25,7604.25,7599.25,7601.00
1789551000,7601.25,7603.00,7600.50,7602.50
1789551300,7602.75,7605.25,7602.00,7605.25
1789551600,7605.25,7608.25,7604.75,7607.50
1789551900,7606.50,7606.75,7604.25,7605.25
1789552200,7605.50,7607.75,7605.50,7607.00
1789552500,7607.00,7608.25,7606.50,7606.50
1789552800,7606.75,7607.25,7604.25,7604.25
1789553100,7604.50,7606.75,7603.75,7606.25
1789553400,7606.50,7607.00,7603.00,7605.00
1789553700,7605.25,7606.00,7604.00,7605.25
1789554000,7605.00,7606.25,7604.75,7605.50
1789554300,7605.25,7606.50,7605.00,7606.25
1789554600,7606.00,7606.50,7605.25,7605.50
1789554900,7606.00,7606.50,7605.25,7606.25
1789555200,7606.50,7607.00,7606.25,7607.00
1789555500,7606.75,7607.00,7605.50,7606.75
1789555800,7606.25,7606.75,7605.25,7605.50
1789556100,7605.50,7610.50,7605.25,7610.00
1789556400,7610.00,7614.75,7608.00,7609.25
1789556700,7609.25,7611.25,7607.00,7610.25
1789557000,7610.00,7610.50,7607.00,7607.00
1789557300,7607.25,7607.50,7605.50,7607.50
1789557600,7607.75,7608.50,7606.50,7608.50
1789557900,7608.25,7609.50,7608.00,7608.50
1789558200,7608.75,7611.00,7608.25,7610.50
1789558500,7610.25,7612.50,7610.00,7612.00
1789558800,7612.00,7614.25,7609.00,7613.50
1789559100,7613.25,7614.50,7613.25,7614.00
1789559400,7614.25,7616.25,7614.25,7616.00
1789559700,7616.25,7616.75,7615.00,7616.25
1789560000,7616.25,7619.75,7615.75,7617.25
1789560300,7617.25,7619.75,7616.25,7618.75
1789560600,7618.75,7618.75,7616.50,7616.50
1789560900,7616.50,7617.25,7615.00,7616.00
1789561200,7616.25,7616.50,7612.75,7612.75
1789561500,7613.25,7616.75,7613.25,7616.75
1789561800,7616.75,7617.50,7612.50,7614.50
1789562100,7614.50,7614.75,7608.75,7609.75
1789562400,7609.75,7610.25,7608.25,7608.50
1789562700,7608.25,7612.00,7607.50,7612.00
1789563000,7612.00,7614.00,7609.25,7609.25
1789563300,7608.75,7613.75,7608.75,7613.25
1789563600,7612.75,7614.00,7606.25,7606.75
1789563900,7607.00,7610.25,7606.25,7610.00
1789564200,7610.00,7613.75,7609.50,7613.75
1789564500,7613.50,7614.50,7610.75,7611.00
1789564800,7610.75,7615.25,7610.75,7613.00
1789565100,7613.25,7614.00,7609.50,7609.50
1789565400,7609.50,7611.75,7606.75,7607.50
1789565700,7607.25,7610.00,7602.50,7603.25
1789566000,7603.25,7606.25,7602.25,7602.75
1789566300,7603.00,7614.75,7602.75,7614.00
1789566600,7614.00,7619.50,7614.00,7617.00
1789566900,7617.50,7619.00,7614.75,7617.25
1789567200,7617.50,7619.25,7611.25,7611.75
1789567500,7612.00,7613.50,7608.50,7611.75
1789567800,7612.25,7613.00,7606.25,7610.50
1789568100,7610.75,7612.25,7607.50,7608.00
1789568400,7607.75,7608.50,7604.25,7604.75
1789568700,7604.75,7605.50,7602.75,7604.75
1789569000,7605.00,7607.50,7603.00,7606.75
1789569300,7606.75,7610.00,7604.25,7608.75
1789569600,7609.00,7613.75,7608.75,7613.50
1789569900,7613.50,7614.75,7611.25,7611.25
1789570200,7611.50,7614.00,7611.00,7611.75
1789570500,7612.25,7617.75,7612.00,7617.00
1789570800,7617.50,7621.25,7616.75,7620.50
1789571100,7620.50,7626.00,7618.00,7624.25
1789571400,7624.25,7625.25,7620.00,7622.75
1789571700,7622.75,7623.00,7619.00,7621.25
1789572000,7621.25,7621.50,7619.25,7620.75
1789572300,7620.75,7623.25,7618.25,7618.75
1789572600,7619.00,7620.00,7615.25,7616.50
1789572900,7616.75,7620.75,7616.00,7619.25
1789573200,7619.25,7621.25,7618.50,7620.50
1789573500,7620.75,7632.00,7620.25,7625.75
1789573800,7625.75,7626.00,7622.00,7623.00
1789574100,7623.00,7623.75,7621.50,7621.75
1789574400,7622.00,7622.50,7618.25,7618.50
1789574700,7618.50,7620.25,7618.00,7619.75
1789575000,7620.00,7620.25,7616.75,7618.75
1789575300,7619.00,7619.75,7617.75,7618.50
1789575600,7618.25,7618.25,7614.00,7614.75
1789575900,7615.00,7617.25,7613.25,7616.25
1789576200,7616.00,7617.00,7611.50,7611.75
1789576500,7611.75,7614.50,7611.75,7614.00
1789576800,7613.75,7615.50,7613.00,7614.00
1789577100,7614.00,7616.75,7614.00,7616.00
1789577400,7615.50,7616.00,7612.00,7613.75
1789577700,7613.50,7614.75,7612.25,7612.25
1789578000,7612.50,7612.50,7607.25,7608.75
1789578300,7608.75,7610.50,7608.50,7610.50
1789578600,7610.75,7613.00,7609.00,7612.25
1789578900,7612.00,7613.75,7611.25,7612.25
1789579200,7612.25,7613.75,7609.75,7611.00
1789579500,7611.00,7614.00,7611.00,7614.00
1789579800,7614.50,7615.50,7611.00,7612.50
1789580100,7612.50,7613.25,7610.75,7610.75
1789580400,7611.00,7611.00,7607.75,7607.75
1789580700,7608.25,7612.00,7608.25,7610.00
1789581000,7610.25,7613.00,7609.50,7612.50
1789581300,7612.25,7618.00,7611.00,7616.50
1789581600,7616.50,7630.00,7602.00,7616.25
1789581900,7616.75,7627.00,7615.75,7621.25
1789582200,7621.25,7623.00,7612.50,7614.25
1789582500,7614.25,7618.00,7611.00,7613.75
1789582800,7613.75,7617.50,7610.50,7613.00
1789583100,7613.25,7614.25,7602.50,7611.50
1789583400,7611.25,7613.50,7589.75,7590.75
1789583700,7590.25,7594.75,7574.50,7593.25
1789584000,7593.00,7616.00,7592.25,7604.50
1789584300,7604.25,7610.00,7588.50,7589.50
1789584600,7589.25,7592.50,7565.00,7565.75
1789584900,7565.75,7571.50,7551.50,7552.75
1789585200,7552.75,7567.50,7551.00,7561.25
1789585500,7561.25,7561.50,7543.75,7545.75
1789585800,7545.75,7546.75,7525.00,7526.75
1789586100,7526.75,7535.00,7518.25,7522.75
1789586400,7523.00,7527.25,7514.75,7520.25
1789586700,7521.00,7526.75,7509.25,7525.75
1789587000,7525.75,7539.75,7524.75,7539.25
1789587300,7538.75,7540.00,7528.25,7538.00
1789587600,7537.75,7541.75,7531.25,7534.75
1789587900,7534.50,7550.75,7534.50,7549.00
1789588200,7549.00,7556.50,7547.75,7555.25
1789588500,7555.25,7558.25,7551.75,7555.75
1789588800,7555.75,7559.50,7553.75,7557.25
1789589100,7557.00,7557.75,7554.00,7555.50
1789589400,7555.00,7556.25,7554.25,7555.50
1789589700,7555.50,7556.50,7553.25,7554.75
1789590000,7555.00,7555.00,7554.00,7554.00
1789590300,7553.75,7554.25,7551.25,7554.25
1789590600,7553.75,7556.50,7552.50,7556.00
1789590900,7555.50,7556.50,7554.25,7555.50
1789591200,7556.00,7556.25,7553.25,7555.00
1789591500,7555.00,7555.75,7554.25,7555.50
1789591800,7555.50,7556.50,7554.25,7555.00
1789592100,7555.25,7556.00,7552.25,7555.25
1789596000,7557.50,7558.50,7551.50,7551.50
1789596300,7552.25,7559.25,7552.25,7558.75
1789596600,7558.75,7562.00,7557.75,7559.75
1789596900,7560.25,7561.25,7559.25,7561.00
1789597200,7561.50,7563.25,7561.00,7563.00
1789597500,7562.75,7565.75,7562.75,7565.75
1789597800,7565.75,7568.25,7565.75,7568.00
1789598100,7568.00,7570.75,7567.75,7570.50
1789598400,7570.75,7573.00,7570.50,7572.00
1789598700,7572.00,7572.00,7568.50,7568.75
1789599000,7569.00,7569.50,7568.00,7568.25
1789599300,7568.25,7569.75,7567.75,7569.75
1789599600,7569.75,7571.00,7569.00,7570.00
1789599900,7570.00,7573.00,7569.50,7572.50
1789600200,7572.50,7572.75,7572.25,7572.25
1789600500,7572.25,7576.25,7572.00,7574.50
1789600800,7574.50,7577.75,7574.50,7577.25
1789601100,7577.50,7580.50,7576.25,7578.50
1789601400,7578.50,7581.00,7578.50,7580.75
1789601700,7580.50,7580.50,7578.25,7579.75
1789602000,7579.50,7586.50,7578.50,7585.00
1789602300,7584.75,7589.00,7584.50,7587.75
1789602600,7587.50,7589.75,7586.75,7588.00
1789602900,7588.00,7590.00,7587.50,7590.00
1789603200,7590.00,7592.75,7589.25,7591.50
1789603500,7591.25,7594.75,7589.75,7594.00
1789603800,7593.00,7594.25,7588.75,7589.00
1789604100,7588.50,7592.75,7586.75,7592.00
1789604400,7592.00,7592.25,7588.50,7590.00
1789604700,7589.25,7591.50,7588.75,7589.25
1789605000,7589.50,7596.00,7589.25,7594.75
1789605300,7595.00,7597.50,7594.50,7597.50
1789605600,7597.25,7600.25,7597.25,7598.50
1789605900,7598.25,7598.25,7595.25,7596.75
1789606200,7596.50,7597.00,7593.25,7593.50
1789606500,7594.25,7598.75,7594.25,7597.25
1789606800,7598.00,7598.00,7595.25,7597.50
1789607100,7597.50,7600.75,7596.75,7596.75
1789607400,7596.75,7596.75,7594.00,7596.75
1789607700,7596.25,7596.75,7595.25,7596.25
1789608000,7596.50,7597.50,7595.75,7596.25
1789608300,7596.25,7597.00,7595.75,7596.25
1789608600,7596.75,7599.50,7596.50,7597.25
1789608900,7597.25,7598.75,7595.00,7595.25
1789609200,7594.50,7596.75,7592.75,7596.25
1789609500,7596.50,7597.00,7596.00,7596.50
1789609800,7596.25,7596.50,7593.75,7595.50
1789610100,7596.00,7596.00,7591.75,7593.00
1789610400,7593.25,7597.00,7592.75,7597.00
1789610700,7597.00,7597.25,7593.50,7594.00
1789611000,7594.50,7595.50,7593.75,7594.75
1789611300,7594.75,7596.50,7594.50,7596.50
1789611600,7596.00,7596.75,7595.25,7596.25
1789611900,7596.00,7597.75,7595.50,7596.50
1789612200,7596.50,7599.75,7596.50,7598.25
1789612500,7599.75,7601.50,7598.75,7600.50
1789612800,7600.25,7602.50,7600.25,7601.50
1789613100,7600.25,7601.00,7599.50,7600.00
1789613400,7600.75,7601.25,7597.75,7597.75
1789613700,7598.00,7599.50,7597.00,7598.00
1789614000,7598.75,7599.00,7597.50,7599.00
1789614300,7599.25,7600.00,7598.75,7599.75
1789614600,7599.50,7600.00,7597.75,7600.00
1789614900,7600.00,7600.50,7598.75,7599.25
1789615200,7598.50,7600.50,7597.75,7600.50
1789615500,7600.75,7600.75,7599.75,7600.50
1789615800,7600.00,7601.00,7599.50,7600.75
1789616100,7600.50,7601.25,7600.25,7601.25
1789616400,7601.75,7602.75,7601.50,7602.25
1789616700,7602.50,7602.50,7600.25,7602.00
1789617000,7601.50,7601.50,7600.00,7600.75
1789617300,7600.75,7602.75,7600.75,7601.50
1789617600,7601.75,7603.00,7601.50,7602.25
1789617900,7602.00,7602.25,7601.25,7601.50
1789618200,7601.00,7601.50,7600.00,7600.75
1789618500,7600.50,7600.75,7599.75,7599.75
1789618800,7599.50,7599.75,7598.75,7598.75
1789619100,7599.00,7600.50,7598.25,7599.75
1789619400,7600.25,7600.25,7599.00,7599.25
1789619700,7599.50,7601.75,7599.25,7601.75
1789620000,7601.75,7602.75,7601.00,7601.75
1789620300,7601.75,7603.00,7601.50,7601.75
1789620600,7601.00,7601.25,7599.00,7599.25
1789620900,7599.25,7600.50,7599.25,7599.75
1789621200,7600.00,7600.00,7599.00,7599.75
1789621500,7599.75,7599.75,7598.50,7598.50
1789621800,7598.75,7598.75,7596.50,7596.50
1789622100,7597.00,7597.00,7596.00,7596.25
1789622400,7596.25,7596.25,7595.00,7596.00
1789622700,7596.00,7597.75,7596.00,7596.25
1789623000,7596.25,7596.25,7594.00,7595.25
1789623300,7595.25,7595.25,7592.75,7594.00
1789623600,7594.00,7594.00,7591.50,7591.75
1789623900,7592.00,7592.75,7591.50,7591.50
1789624200,7592.00,7592.75,7590.50,7590.75
1789624500,7590.75,7590.75,7589.00,7589.75
1789624800,7590.00,7596.00,7589.75,7595.00
1789625100,7594.75,7597.25,7594.00,7594.50
1789625400,7594.25,7594.75,7593.00,7594.50
1789625700,7593.00,7594.50,7591.50,7594.00
1789626000,7594.25,7598.00,7594.25,7598.00
1789626300,7598.25,7604.25,7598.00,7604.25
1789626600,7604.00,7606.75,7603.75,7605.00
1789626900,7604.75,7607.75,7604.25,7604.50
1789627200,7604.75,7609.25,7604.75,7608.75
1789627500,7608.50,7610.00,7607.75,7608.50
1789627800,7608.50,7609.25,7608.00,7608.75
1789628100,7608.50,7608.50,7606.75,7607.75
1789628400,7607.50,7611.25,7606.00,7610.75
1789628700,7610.75,7615.50,7610.50,7614.75
1789629000,7615.00,7616.25,7611.75,7612.75
1789629300,7612.75,7615.75,7611.75,7613.25
1789629600,7613.25,7615.50,7611.00,7615.00
1789629900,7614.75,7619.75,7614.25,7619.25
1789630200,7619.75,7621.25,7618.25,7619.00
1789630500,7619.00,7619.25,7617.50,7618.75
1789630800,7618.75,7619.25,7617.25,7618.50
1789631100,7618.25,7618.75,7616.00,7616.00
1789631400,7615.25,7616.00,7613.25,7613.25
1789631700,7613.00,7613.25,7611.50,7612.75
1789632000,7612.75,7614.00,7611.00,7613.00
1789632300,7613.00,7613.25,7611.75,7612.00
1789632600,7612.00,7612.75,7605.75,7606.75
1789632900,7606.50,7607.50,7604.00,7605.25
1789633200,7605.00,7607.75,7604.75,7607.75
1789633500,7608.00,7610.00,7608.00,7610.00
1789633800,7610.00,7611.50,7608.75,7611.50
1789634100,7612.25,7612.75,7611.25,7612.75
1789634400,7612.50,7612.50,7610.50,7611.00
1789634700,7612.00,7613.00,7611.25,7612.75
1789635000,7612.75,7616.25,7612.75,7616.25
1789635300,7615.75,7616.75,7614.75,7616.00
1789635600,7616.25,7618.75,7615.75,7617.50
1789635900,7617.50,7619.50,7617.00,7618.25
1789636200,7618.75,7621.50,7618.75,7619.00
1789636500,7619.00,7620.00,7616.75,7616.75
1789636800,7616.75,7618.25,7616.75,7617.50
1789637100,7617.50,7617.50,7615.75,7616.25
1789637400,7616.25,7619.25,7615.75,7619.00
1789637700,7618.50,7619.25,7617.75,7617.75
1789638000,7617.50,7618.75,7617.50,7618.25
1789638300,7618.00,7618.00,7613.75,7614.00
1789638600,7614.50,7616.00,7614.50,7616.00
1789638900,7616.00,7616.50,7614.75,7615.25
1789639200,7614.75,7617.00,7614.75,7616.50
1789639500,7616.50,7619.50,7616.50,7618.50
1789639800,7618.25,7619.00,7617.75,7617.75
1789640100,7618.00,7618.50,7616.00,7616.25
1789640400,7616.00,7621.00,7616.00,7621.00
1789640700,7621.00,7622.00,7619.75,7620.25
1789641000,7620.25,7622.00,7618.25,7618.25
1789641300,7619.00,7620.50,7618.00,7620.00
1789641600,7619.50,7620.00,7616.25,7617.50
1789641900,7617.25,7617.75,7616.75,7617.50
1789642200,7617.75,7619.50,7617.50,7618.75
1789642500,7619.00,7621.25,7618.25,7620.50
1789642800,7620.50,7623.25,7620.00,7620.50
1789643100,7620.75,7621.50,7619.50,7619.50
1789643400,7619.50,7621.00,7618.50,7620.50
1789643700,7620.75,7621.00,7617.50,7618.75
1789644000,7619.50,7620.75,7618.50,7618.50
1789644300,7618.50,7619.75,7617.00,7618.75
1789644600,7618.25,7620.00,7618.00,7618.00
1789644900,7618.00,7619.50,7617.50,7618.75
1789645200,7618.25,7618.50,7615.50,7615.75
1789645500,7615.50,7617.50,7615.50,7616.00
1789645800,7616.00,7620.75,7614.50,7620.00
1789646100,7620.00,7628.00,7618.50,7627.75
1789646400,7627.25,7629.25,7623.00,7627.25
1789646700,7627.50,7634.25,7626.25,7634.00
1789647000,7634.25,7636.00,7633.25,7634.25
1789647300,7634.25,7640.50,7634.00,7640.50
1789647600,7640.75,7644.50,7640.50,7643.00
1789647900,7643.25,7649.00,7642.75,7649.00
1789648200,7648.50,7654.50,7646.25,7653.50
1789648500,7653.75,7654.50,7650.00,7653.00
1789648800,7653.00,7653.75,7649.75,7650.00
1789649100,7650.00,7650.50,7647.50,7648.75
1789649400,7648.75,7652.25,7648.75,7650.50
1789649700,7649.75,7651.50,7648.75,7650.00
1789650000,7650.00,7654.25,7648.75,7650.25
1789650300,7651.00,7651.75,7648.75,7649.00
1789650600,7648.75,7649.75,7647.25,7648.50
1789650900,7648.25,7650.75,7648.00,7648.50
1789651200,7648.50,7649.25,7646.25,7646.25
1789651500,7646.00,7649.25,7645.00,7645.75
1789651800,7646.00,7648.50,7628.00,7628.00
1789652100,7628.50,7630.00,7624.50,7625.50
1789652400,7625.75,7627.25,7621.25,7623.50
1789652700,7623.75,7629.00,7621.50,7628.00
1789653000,7628.25,7630.50,7624.50,7624.50
1789653300,7624.25,7627.00,7621.75,7627.00
1789653600,7626.75,7626.75,7617.25,7620.00
1789653900,7620.25,7620.75,7614.25,7616.50
1789654200,7616.50,7625.75,7615.25,7625.50
1789654500,7625.50,7629.00,7624.50,7629.00
1789654800,7628.75,7634.75,7626.75,7633.75
1789655100,7633.75,7637.00,7630.25,7630.75
1789655400,7631.00,7634.50,7629.50,7634.00
1789655700,7634.00,7634.75,7630.75,7631.00
1789656000,7631.00,7636.50,7630.50,7633.00
1789656300,7633.00,7633.50,7624.75,7626.75
1789656600,7626.50,7627.00,7619.50,7620.25
1789656900,7620.00,7625.00,7618.25,7622.00
1789657200,7622.00,7623.75,7619.75,7619.75
1789657500,7620.00,7622.75,7617.50,7621.75
1789657800,7621.50,7626.25,7620.50,7625.50
1789658100,7625.00,7629.50,7623.25,7628.25
1789658400,7628.50,7628.50,7624.50,7626.75
1789658700,7626.75,7631.25,7626.75,7629.75
1789659000,7630.25,7632.00,7628.75,7631.50
1789659300,7631.50,7634.50,7631.25,7634.25
1789659600,7634.25,7639.75,7634.00,7636.75
1789659900,7636.75,7638.50,7636.00,7637.50
1789660200,7637.75,7639.00,7635.25,7638.00
1789660500,7638.25,7640.00,7634.75,7639.75
1789660800,7639.75,7640.50,7637.25,7637.25
1789661100,7638.00,7639.50,7634.75,7639.50
1789661400,7639.00,7639.25,7635.75,7637.25
1789661700,7637.25,7638.25,7636.25,7637.25
1789662000,7637.25,7640.00,7636.75,7639.00
1789662300,7639.00,7640.75,7638.25,7639.50
1789662600,7639.50,7641.25,7634.00,7635.00
1789662900,7635.25,7637.50,7634.50,7636.00
1789663200,7636.00,7640.25,7635.25,7640.25
1789663500,7640.50,7641.00,7638.25,7638.75
1789663800,7638.75,7640.00,7638.00,7638.00
1789664100,7638.00,7639.00,7630.25,7638.75
1789664400,7638.75,7641.75,7637.50,7640.75
1789664700,7641.00,7642.50,7637.75,7638.25
1789665000,7637.75,7638.50,7636.25,7636.75
1789665300,7636.75,7637.50,7635.75,7636.50
1789665600,7636.25,7636.50,7633.00,7633.50
1789665900,7633.50,7635.25,7632.50,7635.00
1789666200,7635.00,7637.50,7633.50,7637.50
1789666500,7637.50,7638.25,7636.00,7636.75
1789666800,7637.50,7639.25,7637.50,7639.00
1789667100,7638.75,7640.75,7638.25,7639.00
1789667400,7639.00,7639.00,7637.25,7638.00
1789667700,7638.25,7640.75,7638.25,7640.25
1789668000,7640.75,7642.50,7639.75,7642.00
1789668300,7642.25,7643.00,7638.50,7639.50
1789668600,7639.00,7642.00,7639.00,7641.75
1789668900,7641.75,7644.00,7640.00,7643.00
1789669200,7643.25,7643.75,7640.00,7640.00
1789669500,7640.25,7642.50,7639.50,7641.50
1789669800,7641.50,7643.25,7639.25,7639.25
1789670100,7639.00,7639.50,7636.25,7636.75
1789670400,7636.50,7638.25,7635.75,7637.75
1789670700,7638.00,7640.75,7637.50,7639.00
1789671000,7639.00,7639.25,7636.25,7637.50
1789671300,7637.25,7639.00,7636.75,7638.50
1789671600,7638.50,7643.00,7638.50,7642.75
1789671900,7642.75,7644.75,7641.25,7641.75
1789672200,7642.00,7643.00,7641.25,7641.50
1789672500,7641.50,7643.25,7641.00,7642.75
1789672800,7643.00,7643.00,7640.00,7640.25
1789673100,7640.25,7641.75,7639.75,7640.00
1789673400,7640.00,7643.25,7640.00,7642.25
1789673700,7642.25,7644.25,7642.00,7643.50
1789674000,7643.50,7645.00,7641.00,7644.75
1789674300,7644.50,7644.50,7641.25,7641.75
1789674600,7641.75,7648.75,7641.00,7644.75
1789674900,7644.75,7646.25,7637.75,7640.00
1789675200,7640.00,7640.75,7638.00,7638.50
1789675500,7638.50,7641.75,7638.50,7641.25
1789675800,7641.25,7641.25,7636.75,7637.25
1789676100,7637.00,7637.75,7635.00,7635.50
1789676400,7635.25,7636.00,7635.00,7635.25
1789676700,7635.25,7636.50,7635.00,7635.25
1789677000,7635.00,7636.00,7635.00,7635.25
1789677300,7635.50,7636.25,7635.50,7636.25
1789677600,7636.00,7636.00,7635.00,7635.00
1789677900,7635.00,7635.75,7635.00,7635.75
1789678200,7635.00,7636.75,7635.00,7636.75
1789678500,7636.50,7637.50,7636.00,7636.00
1789682400,7637.00,7637.75,7635.25,7635.25
1789682700,7635.00,7635.50,7633.75,7634.25
1789683000,7634.25,7635.25,7634.25,7635.25
1789683300,7635.25,7635.25,7634.00,7634.25
1789683600,7633.75,7633.75,7633.00,7633.50
1789683900,7633.75,7633.75,7632.25,7632.25
1789684200,7632.25,7632.75,7631.50,7632.25
1789684500,7632.25,7636.75,7632.00,7632.50
1789684800,7632.50,7632.50,7631.50,7631.75
1789685100,7632.50,7632.75,7632.50,7632.75
1789685400,7632.50,7632.75,7632.25,7632.25
1789685700,7631.75,7633.50,7631.75,7633.25
1789686000,7633.75,7635.00,7633.75,7635.00
1789686300,7635.25,7636.00,7635.25,7635.75
1789686600,7636.00,7636.00,7633.75,7634.25
1789686900,7633.75,7634.50,7633.75,7634.25
1789687200,7634.00,7635.25,7634.00,7635.25
1789687500,7634.50,7634.50,7634.00,7634.00
1789687800,7633.75,7634.00,7633.75,7634.00
1789688100,7635.25,7635.25,7635.25,7635.25
1789688400,7635.00,7635.50,7635.00,7635.25
1789688700,7635.50,7636.00,7635.00,7635.00
1789689000,7635.00,7635.25,7635.00,7635.25
1789689300,7635.50,7635.50,7635.50,7635.50
1789689600,7633.25,7634.00,7632.50,7634.00
1789689900,7633.00,7634.00,7631.25,7633.25
1789690200,7632.75,7634.75,7631.75,7634.75
1789690500,7635.00,7635.75,7634.00,7635.00
1789690800,7635.00,7635.25,7635.00,7635.00
1789691100,7635.50,7636.00,7633.75,7634.00
1789691400,7634.25,7636.00,7634.00,7635.75
1789691700,7634.25,7634.25,7633.00,7633.00
1789692000,7632.25,7634.25,7632.00,7634.25
1789692600,7632.25,7633.00,7632.25,7633.00
1789692900,7633.00,7633.00,7632.50,7632.50
1789693200,7634.00,7634.00,7631.75,7632.00
1789693500,7632.00,7632.00,7632.00,7632.00
1789693800,7631.25,7632.00,7630.75,7631.00
1789694100,7630.75,7631.00,7629.50,7630.25
1789694400,7630.50,7630.50,7630.00,7630.00
1789694700,7630.50,7630.50,7630.25,7630.25
1789695000,7630.25,7630.50,7629.25,7630.00
1789695300,7630.00,7631.50,7630.00,7630.75
1789695600,7631.00,7632.50,7631.00,7631.50
1789695900,7631.50,7633.50,7631.50,7633.50
1789696200,7633.25,7633.25,7633.25,7633.25
1789696500,7633.25,7634.50,7633.00,7634.25
1789696800,7634.50,7635.00,7633.50,7633.75
1789697100,7634.25,7634.25,7633.25,7633.25
1789697400,7632.25,7633.00,7632.25,7633.00
1789697700,7634.00,7634.25,7634.00,7634.25
1789698000,7634.75,7635.75,7634.50,7635.75
1789698300,7635.50,7636.00,7635.50,7636.00
1789698600,7635.75,7637.00,7635.75,7637.00
1789698900,7636.75,7636.75,7635.25,7635.75
1789699500,7636.25,7636.50,7636.25,7636.50
1789699800,7637.00,7637.25,7636.00,7636.25
1789700100,7636.00,7636.50,7635.75,7635.75
1789700400,7637.00,7638.25,7637.00,7638.25
1789700700,7638.50,7640.50,7638.25,7640.50
1789701000,7640.50,7641.50,7640.50,7641.50
1789701300,7641.00,7641.00,7640.00,7640.00
1789701600,7640.75,7641.25,7640.75,7641.00
1789701900,7641.50,7642.00,7641.50,7641.50
1789702200,7641.25,7642.50,7641.00,7642.00
1789702500,7642.50,7643.25,7642.50,7642.75
1789702800,7643.25,7644.25,7643.25,7644.00
1789703100,7644.50,7646.50,7644.50,7646.50
1789703400,7645.50,7645.50,7645.25,7645.50
1789703700,7646.25,7646.25,7645.25,7645.25
1789704000,7646.50,7646.50,7646.50,7646.50
1789704300,7647.50,7647.50,7647.50,7647.50
1789704600,7648.00,7648.00,7648.00,7648.00
1789704900,7647.00,7647.25,7647.00,7647.25
1789705200,7646.75,7646.75,7646.25,7646.25
1789705500,7645.75,7646.50,7645.25,7646.50
1789705800,7648.00,7648.75,7648.00,7648.75
1789706100,7648.50,7648.50,7648.00,7648.00
1789706400,7649.25,7651.75,7649.25,7651.25
1789706700,7651.50,7651.75,7651.50,7651.75
1789707000,7652.00,7653.75,7652.00,7652.50
1789707300,7652.50,7654.00,7652.50,7654.00
1789707600,7653.75,7655.00,7653.75,7655.00
1789707900,7654.75,7655.00,7654.25,7654.25
1789708200,7655.00,7655.25,7654.75,7655.00
1789708500,7655.00,7655.00,7655.00,7655.00
1789708800,7655.00,7655.50,7655.00,7655.50
1789709100,7656.00,7656.00,7654.75,7655.25
1789709400,7657.25,7657.25,7656.75,7656.75
1789709700,7657.25,7659.75,7657.25,7659.75
1789710000,7660.00,7661.50,7659.75,7661.50
1789710300,7662.00,7662.00,7658.75,7660.25
1789710600,7659.25,7660.50,7658.25,7658.75
1789710900,7658.25,7658.50,7658.00,7658.50
1789711200,7659.00,7661.00,7659.00,7659.75
1789711500,7659.50,7659.50,7659.50,7659.50
1789711800,7659.50,7659.75,7659.50,7659.50
1789712100,7660.25,7660.25,7657.75,7659.25
1789712400,7660.00,7661.50,7660.00,7661.50
1789712700,7661.50,7662.00,7660.75,7661.25
1789713000,7660.50,7665.50,7660.50,7665.50
1789713300,7665.50,7665.50,7665.00,7665.50
1789713600,7666.00,7666.50,7664.50,7665.00
1789713900,7665.00,7665.75,7664.75,7665.50
1789714200,7665.50,7665.75,7665.25,7665.75
1789714500,7665.00,7666.25,7665.00,7666.25
1789714800,7665.25,7666.00,7664.00,7666.00
1789715100,7664.50,7665.50,7664.50,7665.50
1789715400,7665.00,7667.50,7665.00,7665.00
1789715700,7665.75,7666.75,7665.75,7665.75
1789716000,7666.00,7666.50,7665.50,7666.25
1789716300,7667.00,7669.25,7667.00,7669.25
1789716600,7669.50,7670.25,7667.50,7667.50
1789716900,7667.25,7668.00,7666.00,7668.00
1789717200,7667.00,7667.00,7664.50,7665.00
1789717500,7665.50,7666.75,7665.25,7666.00
1789717800,7666.50,7668.00,7666.00,7667.75
1789718100,7666.75,7667.25,7666.00,7666.00
1789718400,7667.00,7667.00,7664.50,7664.75
1789718700,7664.75,7665.25,7662.50,7662.75
1789719000,7662.00,7662.00,7660.75,7661.00
1789719300,7661.00,7661.00,7660.50,7660.75
1789719600,7662.50,7663.25,7661.25,7661.25
1789719900,7661.75,7661.75,7657.50,7657.75
1789720200,7658.00,7660.00,7657.75,7660.00
1789720500,7660.00,7660.00,7659.50,7659.50
1789720800,7659.50,7660.75,7659.50,7660.75
1789721100,7661.75,7661.75,7660.75,7660.75
1789721400,7661.50,7661.75,7660.00,7660.00
1789722000,7658.00,7659.50,7658.00,7659.25
1789722300,7659.50,7661.25,7659.50,7661.25
1789722600,7659.50,7660.50,7659.50,7659.50
1789722900,7660.00,7660.50,7660.00,7660.50
1789723200,7661.25,7661.25,7661.25,7661.25
1789723500,7659.00,7659.00,7656.50,7657.50
1789723800,7656.50,7656.75,7655.00,7655.50
1789724100,7655.25,7655.25,7652.25,7652.50
1789724400,7652.00,7653.00,7651.50,7652.50
1789724700,7650.50,7652.00,7649.75,7651.50
1789725000,7651.50,7651.75,7651.25,7651.25
1789725300,7652.00,7652.00,7651.50,7652.00
1789725600,7650.25,7651.00,7649.75,7649.75
1789725900,7650.25,7651.50,7650.00,7650.75
1789726200,7650.75,7651.50,7650.25,7651.50
1789726500,7652.50,7652.75,7652.50,7652.75
1789726800,7652.50,7653.25,7652.25,7652.25
1789727100,7652.25,7652.50,7650.50,7652.00
1789727400,7652.25,7656.25,7652.25,7656.25
1789727700,7656.25,7658.25,7656.25,7658.25
1789728000,7658.25,7658.75,7657.75,7657.75
1789728300,7657.75,7657.75,7654.75,7655.50
1789728600,7655.50,7655.50,7653.00,7653.25
1789728900,7653.25,7654.50,7652.50,7653.00
1789729200,7652.25,7656.50,7650.00,7656.25
1789729500,7656.25,7656.25,7647.00,7650.75
1789729800,7650.75,7652.25,7648.50,7650.00
1789730100,7650.25,7650.25,7644.25,7645.75
1789730400,7646.00,7647.25,7644.25,7646.25
1789730700,7647.00,7647.00,7645.50,7645.50
1789731000,7646.75,7648.50,7646.50,7647.75
1789731300,7648.25,7651.00,7647.75,7651.00
1789731600,7648.75,7649.25,7646.00,7646.25
1789731900,7646.25,7647.25,7646.25,7647.25
1789732200,7647.00,7647.25,7646.00,7646.25
1789732500,7646.75,7646.75,7644.00,7645.00
1789732800,7645.00,7647.50,7642.00,7647.00
1789733100,7648.25,7648.25,7639.25,7639.50
1789733400,7639.00,7639.25,7636.00,7637.00
1789733700,7636.75,7637.75,7634.50,7635.25
1789734000,7634.50,7635.75,7631.00,7631.25
1789734300,7631.25,7633.75,7631.25,7632.25
1789734600,7632.00,7636.25,7631.75,7635.75
1789734900,7635.75,7636.50,7634.00,7636.00
1789735200,7635.50,7639.00,7634.50,7635.50
1789735500,7635.50,7636.75,7634.50,7634.50
1789735800,7634.00,7635.00,7634.00,7634.50
1789736100,7634.75,7634.75,7632.50,7633.75
1789736400,7633.50,7635.00,7632.75,7633.50
1789736700,7633.25,7635.75,7633.25,7634.25
1789737000,7635.00,7635.50,7634.00,7634.00
1789737300,7634.75,7636.00,7633.75,7635.25
1789737600,7635.00,7635.25,7630.50,7631.00
1789737900,7630.25,7644.00,7625.25,7643.25
1789941600,7722.00,7724.25,7713.75,7716.25
1789941900,7716.50,7721.75,7716.50,7721.75
1789942200,7721.75,7726.50,7721.25,7725.75
1789942500,7725.50,7727.75,7724.25,7726.00
1789942800,7725.75,7727.00,7725.25,7725.50
1789943100,7725.50,7728.00,7725.50,7727.75
1789943400,7727.75,7730.75,7727.25,7730.75
1789943700,7730.75,7733.75,7730.75,7731.25
1789944000,7731.00,7733.00,7729.75,7730.25
1789944300,7730.25,7732.25,7729.25,7730.25
1789944600,7730.25,7731.50,7730.00,7730.75
1789944900,7731.00,7734.50,7731.00,7733.75
1789945200,7733.75,7734.00,7731.75,7732.00
1789945500,7732.00,7732.50,7731.50,7732.25
1789945800,7732.00,7732.75,7731.50,7732.00
1789946100,7732.25,7732.50,7731.25,7732.00
1789946400,7732.25,7732.50,7731.25,7732.50
1789946700,7732.50,7733.50,7732.00,7733.00
1789947000,7733.25,7734.00,7732.75,7733.25
1789947300,7733.25,7735.25,7733.25,7734.25
1789947600,7734.00,7734.75,7733.75,7734.25
1789947900,7734.00,7734.50,7733.00,7733.50
1789948200,7733.50,7733.75,7732.50,7733.00
1789948500,7733.50,7735.00,7733.25,7734.50
1789948800,7734.50,7736.25,7733.25,7735.75
1789949100,7736.00,7737.75,7735.00,7735.75
1789949400,7735.75,7736.00,7733.50,7734.50
1789949700,7734.25,7734.75,7730.75,7731.50
1789950000,7731.25,7736.75,7731.00,7736.25
1789950300,7736.00,7737.75,7735.50,7736.50
1789950600,7736.50,7740.25,7736.50,7739.75
1789950900,7739.75,7740.75,7738.75,7740.75
1789951200,7740.50,7741.25,7738.00,7738.50
1789951500,7738.50,7739.00,7737.75,7738.25
1789951800,7738.25,7740.00,7738.00,7738.75
1789952100,7738.75,7740.25,7737.75,7739.50
1789952400,7739.50,7742.50,7739.50,7741.50
1789952700,7741.25,7743.75,7741.00,7743.25
1789953000,7743.25,7743.50,7741.00,7742.50
1789953300,7742.25,7743.25,7741.50,7742.25
1789953600,7742.00,7742.50,7741.00,7742.00
1789953900,7742.00,7743.50,7740.75,7741.00
1789954200,7741.00,7742.75,7740.75,7742.50
1789954500,7742.50,7742.50,7741.00,7742.00
1789954800,7742.25,7743.25,7741.75,7742.25
1789955100,7742.25,7742.25,7739.50,7740.25
1789955400,7740.25,7741.50,7739.00,7740.50
1789955700,7740.50,7740.75,7738.25,7738.75
1789956000,7738.50,7741.50,7737.75,7740.75
1789956300,7740.75,7741.00,7738.75,7740.25
1789956600,7740.25,7740.50,7739.25,7739.75
1789956900,7739.75,7740.00,7738.25,7739.00
1789957200,7738.75,7740.25,7738.25,7739.75
1789957500,7739.75,7740.75,7739.25,7739.75
1789957800,7739.50,7739.50,7737.50,7738.75
1789958100,7738.50,7740.00,7738.50,7739.50
1789958400,7739.25,7740.75,7739.25,7740.00
1789958700,7740.00,7742.50,7740.00,7742.50
1789959000,7742.50,7742.75,7740.75,7741.25
1789959300,7741.25,7741.50,7739.75,7740.25
1789959600,7740.25,7743.50,7740.25,7743.25
1789959900,7743.25,7743.50,7742.50,7742.75
1789960200,7743.00,7743.75,7742.50,7743.50
1789960500,7743.50,7745.50,7743.25,7745.00
1789960800,7745.00,7745.25,7744.50,7745.00
1789961100,7744.75,7746.00,7744.00,7744.25
1789961400,7744.25,7744.50,7743.00,7744.25
1789961700,7744.50,7744.75,7743.50,7744.25
1789962000,7744.00,7744.75,7743.75,7744.50
1789962300,7744.50,7746.25,7744.50,7744.75
1789962600,7744.75,7745.50,7744.50,7745.25
1789962900,7745.00,7745.00,7744.00,7744.25
1789963200,7744.00,7746.00,7744.00,7744.00
1789963500,7744.00,7744.50,7742.50,7743.75
1789963800,7744.00,7744.25,7742.50,7744.25
1789964100,7744.00,7746.25,7744.00,7746.00
1789964400,7746.00,7746.50,7744.75,7745.25
1789964700,7745.25,7746.25,7745.25,7745.75
1789965000,7745.50,7745.50,7743.75,7744.75
1789965300,7744.75,7745.00,7744.25,7745.00
1789965600,7744.75,7746.00,7744.75,7744.75
1789965900,7745.00,7746.00,7745.00,7745.25
1789966200,7745.50,7745.50,7744.75,7745.00
1789966500,7745.00,7745.50,7744.50,7744.75
1789966800,7745.00,7745.25,7744.50,7744.50
1789967100,7744.25,7744.75,7743.50,7744.00
1789967400,7744.00,7744.25,7743.75,7743.75
1789967700,7743.75,7744.50,7743.25,7743.75
1789968000,7744.00,7744.75,7743.50,7744.75
1789968300,7744.75,7744.75,7743.50,7744.50
1789968600,7744.25,7746.00,7744.00,7745.50
1789968900,7745.50,7747.75,7745.00,7746.50
1789969200,7746.75,7748.50,7745.75,7746.00
1789969500,7745.75,7746.00,7744.00,7744.00
1789969800,7744.25,7745.75,7743.75,7745.25
1789970100,7745.00,7746.00,7745.00,7745.50
1789970400,7745.50,7748.00,7745.50,7748.00
1789970700,7747.75,7748.00,7746.50,7748.00
1789971000,7747.75,7749.25,7746.25,7747.00
1789971300,7746.75,7748.25,7746.75,7747.00
1789971600,7747.25,7747.25,7745.50,7746.25
1789971900,7746.25,7747.50,7745.50,7747.50
1789972200,7747.25,7749.75,7747.25,7749.75
1789972500,7749.75,7749.75,7748.50,7749.00
1789972800,7749.00,7749.75,7748.75,7749.00
1789973100,7749.25,7750.75,7749.25,7750.50
1789973400,7750.50,7751.00,7748.50,7749.50
1789973700,7749.25,7752.25,7749.25,7752.00
1789974000,7752.00,7757.25,7751.50,7757.00
1789974300,7757.00,7757.00,7754.50,7756.00
1789974600,7756.25,7756.25,7752.00,7755.25
1789974900,7755.25,7757.00,7754.50,7756.00
1789975200,7756.00,7756.00,7753.00,7754.25
1789975500,7754.25,7755.75,7752.75,7755.75
1789975800,7755.75,7756.75,7754.75,7755.75
1789976100,7756.00,7757.00,7755.00,7756.00
1789976400,7756.00,7756.25,7753.00,7754.25
1789976700,7754.25,7755.25,7752.50,7754.50
1789977000,7754.50,7757.75,7754.25,7757.75
1789977300,7757.75,7759.00,7757.25,7757.25
1789977600,7757.25,7761.50,7757.00,7760.25
1789977900,7760.25,7760.75,7758.25,7760.50
1789978200,7760.50,7761.25,7759.50,7760.25
1789978500,7760.50,7760.75,7759.50,7759.50
1789978800,7759.50,7761.25,7759.00,7760.25
1789979100,7760.25,7760.75,7759.25,7760.00
1789979400,7759.75,7763.25,7759.50,7762.50
1789979700,7762.50,7763.50,7761.50,7762.00
1789980000,7762.00,7764.00,7761.50,7763.50
1789980300,7763.25,7764.25,7762.00,7763.25
1789980600,7763.00,7763.00,7760.75,7760.75
1789980900,7760.75,7761.75,7760.50,7761.00
1789981200,7761.25,7761.25,7759.25,7759.75
1789981500,7759.50,7762.25,7759.25,7760.75
1789981800,7761.00,7761.25,7760.00,7760.75
1789982100,7761.00,7761.75,7760.00,7760.25
1789982400,7760.50,7762.50,7760.00,7761.25
1789982700,7761.00,7763.25,7760.75,7761.00
1789983000,7760.75,7761.50,7760.50,7761.50
1789983300,7761.50,7762.25,7761.00,7762.00
1789983600,7762.00,7762.75,7761.50,7762.25
1789983900,7762.25,7762.75,7761.75,7762.25
1789984200,7762.25,7764.50,7762.25,7764.25
1789984500,7764.00,7764.25,7762.25,7762.50
1789984800,7762.25,7764.50,7762.25,7764.50
1789985100,7764.25,7765.50,7764.00,7764.75
1789985400,7765.00,7765.50,7764.50,7765.50
1789985700,7765.75,7766.75,7765.25,7765.50
1789986000,7765.50,7766.00,7764.75,7765.25
1789986300,7765.25,7767.00,7765.00,7766.25
1789986600,7766.25,7769.00,7765.25,7768.25
1789986900,7768.25,7768.50,7765.75,7767.50
1789987200,7767.25,7767.50,7766.50,7767.25
1789987500,7767.25,7768.75,7766.25,7766.75
1789987800,7766.75,7768.00,7766.25,7768.00
1789988100,7767.75,7768.00,7765.75,7766.00
1789988400,7765.75,7767.00,7765.00,7765.00
1789988700,7765.25,7765.25,7763.25,7764.00
1789989000,7763.75,7764.75,7763.25,7764.50
1789989300,7764.25,7766.00,7763.50,7765.75
1789989600,7765.75,7765.75,7763.00,7763.50
1789989900,7763.50,7764.50,7763.25,7764.25
1789990200,7764.00,7766.75,7763.75,7766.25
1789990500,7766.25,7767.75,7764.50,7766.50
1789990800,7766.50,7768.25,7766.25,7768.25
1789991100,7768.00,7768.50,7767.00,7768.00
1789991400,7768.25,7769.75,7767.25,7769.25
1789991700,7769.00,7771.25,7767.50,7767.50
1789992000,7767.75,7769.50,7764.00,7769.50
1789992300,7769.50,7770.50,7768.25,7768.75
1789992600,7768.75,7769.00,7765.25,7765.25
1789992900,7765.25,7766.50,7765.00,7765.50
1789993200,7765.75,7767.00,7763.25,7764.00
1789993500,7764.00,7765.00,7763.25,7763.50
1789993800,7763.50,7765.00,7763.25,7763.75
1789994100,7764.00,7764.50,7763.00,7764.00
1789994400,7764.00,7768.00,7763.75,7767.50
1789994700,7767.50,7767.75,7763.00,7763.75
1789995000,7763.75,7764.00,7762.50,7763.00
1789995300,7762.75,7762.75,7761.25,7761.50
1789995600,7761.50,7763.50,7760.75,7763.25
1789995900,7763.25,7764.25,7762.00,7764.00
1789996200,7764.25,7764.50,7761.75,7762.50
1789996500,7762.50,7763.75,7761.50,7763.25
1789996800,7763.50,7763.50,7759.75,7759.75
1789997100,7760.00,7763.25,7758.75,7760.50
1789997400,7760.50,7764.50,7758.25,7761.75
1789997700,7762.00,7765.00,7761.25,7764.50
1789998000,7764.25,7766.25,7762.25,7766.00
1789998300,7766.25,7769.25,7765.75,7767.75
1789998600,7767.75,7773.25,7767.25,7773.00
1789998900,7772.75,7775.00,7770.50,7774.75
1789999200,7774.75,7776.00,7772.00,7772.25
1789999500,7772.50,7772.75,7767.75,7771.50
1789999800,7771.25,7777.00,7771.25,7775.50
1790000100,7775.50,7782.75,7775.25,7782.00
1790000400,7781.75,7789.50,7780.25,7788.50
1790000700,7788.50,7791.00,7787.25,7788.00
1790001000,7788.25,7791.50,7786.50,7789.25
1790001300,7789.25,7793.50,7789.00,7790.75
1790001600,7790.75,7793.25,7786.25,7787.75
1790001900,7787.75,7790.75,7785.00,7787.75
1790002200,7787.50,7790.00,7786.25,7789.75
1790002500,7789.50,7792.25,7787.50,7790.00
1790002800,7790.00,7793.50,7789.00,7793.25
1790003100,7793.50,7794.50,7791.50,7793.25
1790003400,7793.50,7796.25,7791.50,7796.00
1790003700,7796.25,7800.00,7796.25,7799.50
1790004000,7799.50,7799.75,7796.75,7797.25
1790004300,7797.25,7798.75,7795.75,7796.25
1790004600,7796.25,7798.25,7795.75,7796.50
1790004900,7796.50,7803.50,7796.25,7802.75
1790005200,7802.75,7805.00,7801.25,7805.00
1790005500,7804.75,7809.75,7804.75,7807.50
1790005800,7807.25,7811.50,7804.50,7804.50
1790006100,7804.75,7805.75,7803.00,7805.25
1790006400,7805.25,7808.75,7802.75,7808.00
1790006700,7808.25,7815.25,7806.25,7814.50
1790007000,7814.50,7816.50,7812.00,7813.25
1790007300,7813.50,7815.75,7812.00,7813.75
1790007600,7813.75,7815.00,7812.00,7814.25
1790007900,7814.25,7818.25,7813.75,7816.00
1790008200,7816.00,7824.75,7815.75,7822.25
1790008500,7822.00,7823.50,7816.25,7816.75
1790008800,7816.50,7819.50,7815.75,7818.00
1790009100,7818.00,7821.25,7817.75,7820.00
1790009400,7820.25,7821.00,7817.25,7819.25
1790009700,7819.25,7821.25,7818.00,7821.00
1790010000,7821.25,7822.75,7819.50,7820.50
1790010300,7820.50,7823.00,7820.50,7821.50
1790010600,7821.75,7827.00,7821.25,7826.00
1790010900,7826.25,7827.75,7824.00,7826.50
1790011200,7826.50,7828.00,7823.00,7824.00
1790011500,7823.75,7826.00,7822.00,7826.00
1790011800,7826.25,7826.50,7820.75,7821.50
1790012100,7821.50,7823.50,7820.50,7820.75
1790012400,7820.75,7827.25,7820.00,7826.75
1790012700,7826.75,7830.00,7825.25,7826.00
1790013000,7825.75,7828.50,7825.50,7827.25
1790013300,7827.25,7827.75,7825.25,7826.75
1790013600,7827.00,7830.25,7827.00,7830.25
1790013900,7830.00,7831.75,7829.25,7830.00
1790014200,7830.00,7832.50,7828.75,7830.75
1790014500,7830.75,7832.50,7829.75,7831.50
1790014800,7831.50,7837.00,7831.00,7836.50
1790015100,7836.25,7838.25,7835.50,7837.00
1790015400,7837.00,7838.25,7833.75,7835.50
1790015700,7835.75,7837.75,7834.00,7837.50
1790016000,7837.50,7839.75,7836.75,7839.75
1790016300,7839.50,7842.25,7839.00,7842.00
1790016600,7841.75,7844.75,7841.50,7843.00
1790016900,7843.25,7844.00,7840.00,7841.25
1790017200,7841.50,7843.50,7840.00,7840.00
1790017500,7840.00,7840.50,7838.25,7840.25
1790017800,7840.50,7843.00,7837.75,7842.75
1790018100,7842.75,7843.00,7840.75,7842.00
1790018400,7841.75,7842.00,7838.75,7839.25
1790018700,7839.25,7841.25,7838.25,7839.25
1790019000,7839.25,7843.75,7838.75,7843.00
1790019300,7843.00,7847.25,7842.25,7846.00
1790019600,7845.75,7846.50,7840.75,7842.50
1790019900,7842.25,7843.50,7839.00,7839.75
1790020200,7839.75,7839.75,7834.75,7835.00
1790020500,7835.00,7837.25,7832.00,7833.25
1790020800,7833.25,7835.00,7828.50,7829.50
1790021100,7829.50,7832.75,7829.00,7831.75
1790021400,7831.75,7832.00,7829.75,7831.00
1790021700,7831.00,7831.25,7827.25,7828.50
1790022000,7828.25,7829.00,7828.00,7828.00
1790022300,7828.00,7830.75,7828.00,7830.25
1790022600,7830.25,7830.50,7828.75,7829.25
1790022900,7829.25,7829.50,7827.50,7828.00
1790023200,7828.00,7828.25,7826.75,7827.50
1790023500,7827.25,7828.00,7826.50,7827.25
1790023800,7827.25,7828.25,7827.00,7828.25
1790024100,7828.00,7830.25,7827.75,7829.25
1790028000,7830.00,7832.25,7829.00,7832.00
1790028300,7832.00,7833.00,7831.25,7833.00
1790028600,7832.75,7833.50,7830.50,7832.25
1790028900,7832.50,7833.75,7831.50,7833.00
1790029200,7833.00,7833.25,7831.75,7832.75
1790029500,7833.00,7835.00,7832.75,7834.75
1790029800,7834.50,7835.75,7833.50,7834.75
1790030100,7834.50,7835.00,7834.00,7834.25
1790030400,7834.25,7834.50,7832.75,7834.50
1790030700,7834.50,7835.00,7833.00,7834.75
1790031000,7835.00,7835.25,7833.75,7835.25
1790031300,7835.50,7835.75,7834.50,7834.50
1790031600,7834.75,7835.50,7833.50,7834.75
1790031900,7835.00,7836.00,7834.75,7836.00
1790032200,7836.00,7837.75,7835.50,7836.75
1790032500,7836.75,7837.25,7835.00,7836.00
1790032800,7836.25,7836.25,7835.25,7835.50
1790033100,7835.75,7835.75,7834.00,7835.00
1790033400,7835.00,7835.75,7834.00,7835.50
1790033700,7835.75,7836.25,7834.75,7835.25
1790034000,7835.25,7836.75,7835.25,7836.00
1790034300,7836.00,7836.25,7835.00,7835.50
1790034600,7835.75,7835.75,7834.75,7835.50
1790034900,7835.75,7836.25,7835.00,7835.25
1790035200,7835.25,7837.50,7834.50,7837.00
1790035500,7837.25,7839.75,7836.75,7839.75
1790035800,7840.00,7840.00,7837.75,7837.75
1790036100,7838.00,7838.00,7835.25,7835.50
1790036400,7835.75,7836.75,7835.00,7836.25
1790036700,7836.25,7837.50,7835.50,7837.25
1790037000,7837.25,7838.50,7834.00,7834.00
1790037300,7834.25,7834.75,7832.25,7833.50
1790037600,7833.25,7835.25,7832.50,7834.75
1790037900,7835.00,7836.25,7834.50,7835.00
1790038200,7835.50,7836.00,7834.75,7836.00
1790038500,7836.00,7836.00,7834.75,7835.25
1790038800,7835.50,7835.50,7833.75,7834.50
1790039100,7834.50,7835.25,7833.50,7834.25
1790039400,7834.50,7834.50,7832.50,7833.75
1790039700,7834.00,7834.00,7832.00,7832.50
1790040000,7832.50,7833.50,7831.75,7833.25
1790040300,7833.25,7834.25,7832.50,7833.50
1790040600,7833.75,7835.00,7832.25,7835.00
1790040900,7835.25,7836.25,7834.50,7835.25
1790041200,7835.25,7836.00,7834.75,7835.00
1790041500,7835.00,7836.00,7834.25,7834.50
1790041800,7834.25,7835.50,7834.00,7835.25
1790042100,7835.50,7835.50,7833.50,7833.50
1790042400,7833.50,7836.50,7833.25,7836.25
1790042700,7836.50,7836.50,7835.00,7835.00
1790043000,7835.25,7835.25,7833.75,7834.25
1790043300,7834.25,7834.75,7833.50,7834.25
1790043600,7834.25,7836.00,7834.25,7835.00
1790043900,7835.00,7835.75,7834.75,7835.25
1790044200,7835.50,7835.50,7833.50,7834.25
1790044500,7834.00,7835.50,7834.00,7835.25
1790044800,7835.25,7836.00,7834.50,7835.25
1790045100,7835.25,7835.50,7834.75,7835.00
1790045400,7834.75,7835.25,7834.25,7835.25
1790045700,7834.75,7835.25,7834.00,7834.75
1790046000,7834.75,7834.75,7833.25,7834.00
1790046300,7834.00,7834.00,7832.50,7833.00
1790046600,7833.00,7834.00,7832.75,7834.00
1790046900,7834.00,7835.00,7833.75,7834.25
1790047200,7834.50,7834.75,7834.00,7834.00
1790047500,7834.00,7834.50,7834.00,7834.00
1790047800,7834.25,7834.25,7833.25,7834.25
1790048100,7834.50,7835.50,7834.50,7834.50
1790048400,7834.50,7834.75,7833.50,7833.50
1790048700,7833.75,7833.75,7832.75,7833.75
1790049000,7833.75,7833.75,7832.75,7833.00
1790049300,7832.75,7833.50,7831.00,7833.00
1790049600,7833.00,7834.00,7832.75,7833.75
1790049900,7833.75,7833.75,7832.75,7833.00
1790050200,7832.75,7835.00,7832.50,7834.25
1790050500,7834.00,7834.50,7833.00,7833.25
1790050800,7833.25,7834.25,7833.00,7834.25
1790051100,7834.25,7835.50,7833.75,7834.50
1790051400,7834.75,7836.00,7834.75,7835.00
1790051700,7835.00,7836.00,7834.75,7835.25
1790052000,7835.25,7836.50,7834.75,7835.00
1790052300,7835.00,7835.50,7834.25,7834.25
1790052600,7834.50,7834.50,7833.50,7834.00
1790052900,7834.25,7834.75,7834.00,7834.25
1790053200,7834.25,7834.25,7832.75,7833.50
1790053500,7833.50,7834.25,7832.75,7833.00
1790053800,7833.00,7834.25,7832.75,7834.00
1790054100,7834.25,7834.25,7832.50,7833.00
1790054400,7833.00,7835.00,7832.75,7833.25
1790054700,7833.00,7834.00,7832.75,7833.50
1790055000,7833.75,7834.50,7832.25,7834.25
1790055300,7834.50,7836.25,7834.50,7836.25
1790055600,7836.25,7837.25,7836.00,7837.00
1790055900,7837.00,7839.50,7837.00,7839.00
1790056200,7839.25,7839.25,7837.75,7838.25
1790056500,7838.00,7839.00,7837.75,7838.25
1790056800,7838.25,7838.25,7834.25,7835.00
1790057100,7834.75,7837.00,7834.25,7837.00
1790057400,7836.75,7837.75,7835.75,7837.00
1790057700,7836.75,7837.75,7835.25,7835.25
1790058000,7835.25,7836.25,7833.75,7834.75
1790058300,7834.75,7836.75,7834.75,7836.75
1790058600,7836.50,7837.25,7836.25,7836.75
1790058900,7836.75,7838.50,7836.75,7837.50
1790059200,7837.50,7838.25,7836.25,7837.00
1790059500,7836.75,7838.25,7836.25,7837.50
1790059800,7837.50,7838.25,7836.00,7836.00
1790060100,7836.25,7837.75,7836.00,7836.25
1790060400,7836.25,7837.75,7834.75,7836.25
1790060700,7836.50,7837.50,7834.00,7836.25
1790061000,7835.75,7837.00,7833.75,7836.00
1790061300,7835.75,7837.50,7834.25,7834.25
1790061600,7834.25,7836.50,7834.25,7835.50
1790061900,7835.50,7835.75,7834.50,7835.00
1790062200,7835.25,7835.25,7832.75,7833.00
1790062500,7833.25,7833.25,7831.75,7832.50
1790062800,7832.25,7832.75,7831.50,7832.25
1790063100,7832.50,7832.75,7829.25,7829.75
1790063400,7829.75,7830.25,7827.50,7828.25
1790063700,7828.00,7829.25,7826.50,7826.50
1790064000,7826.50,7826.75,7822.75,7823.00
1790064300,7823.00,7825.50,7822.00,7823.00
1790064600,7823.00,7823.25,7820.25,7820.25
1790064900,7820.50,7820.50,7816.25,7819.00
1790065200,7819.00,7819.25,7815.00,7817.00
1790065500,7816.75,7821.75,7812.25,7813.50
1790065800,7813.50,7816.00,7810.50,7813.75
1790066100,7813.50,7824.50,7813.50,7823.25
1790066400,7823.25,7829.00,7821.25,7828.50
1790066700,7828.50,7833.75,7827.00,7833.50
1790067000,7833.50,7836.00,7832.50,7835.00
1790067300,7834.75,7836.00,7832.50,7833.50
1790067600,7833.25,7836.25,7827.25,7827.25
1790067900,7827.25,7831.00,7827.00,7829.00
1790068200,7829.00,7831.25,7826.00,7827.25
1790068500,7827.00,7830.75,7826.50,7827.50
1790068800,7827.25,7828.25,7825.50,7826.75
1790069100,7827.00,7827.75,7826.25,7827.00
1790069400,7827.25,7830.00,7827.25,7829.00
1790069700,7829.00,7829.00,7827.00,7827.75
1790070000,7827.75,7833.50,7827.75,7833.25
1790070300,7833.25,7833.25,7831.50,7832.00
1790070600,7832.25,7843.00,7832.25,7838.25
1790070900,7838.00,7842.25,7833.00,7838.75
1790071200,7838.75,7840.00,7835.00,7839.25
1790071500,7839.25,7840.75,7838.00,7839.25
1790071800,7839.25,7840.00,7835.00,7837.25
1790072100,7837.25,7838.50,7836.00,7836.50
1790072400,7836.75,7837.25,7835.25,7836.00
1790072700,7835.75,7837.75,7834.75,7836.75
1790073000,7836.75,7838.00,7836.25,7837.00
1790073300,7837.00,7838.50,7836.50,7838.50
1790073600,7838.50,7841.50,7837.75,7840.75
1790073900,7840.75,7842.75,7838.75,7842.50
1790074200,7842.50,7843.75,7841.50,7842.50
1790074500,7842.50,7842.75,7838.00,7838.25
1790074800,7838.25,7839.50,7835.25,7837.75
1790075100,7837.75,7838.75,7828.25,7833.25
1790075400,7833.50,7836.50,7831.00,7833.75
1790075700,7833.75,7835.50,7833.75,7834.50
1790076000,7834.50,7837.75,7833.50,7837.00
1790076300,7837.25,7838.25,7835.25,7835.75
1790076600,7835.75,7837.50,7835.25,7836.50
1790076900,7836.50,7840.25,7836.50,7838.50
1790077200,7838.75,7839.50,7837.25,7839.00
1790077500,7839.00,7842.00,7837.00,7839.00
1790077800,7839.00,7839.25,7836.75,7836.75
1790078100,7837.00,7839.50,7835.25,7835.50
1790078400,7835.75,7839.50,7835.25,7838.75
1790078700,7838.75,7840.00,7834.00,7835.75
1790079000,7836.00,7838.25,7836.00,7837.00
1790079300,7837.00,7839.00,7835.25,7836.50
1790079600,7836.50,7839.75,7836.50,7838.25
1790079900,7838.00,7840.25,7838.00,7840.00
1790080200,7840.00,7842.75,7839.25,7841.25
1790080500,7841.50,7841.75,7838.00,7838.00
1790080800,7838.00,7841.50,7838.00,7839.00
1790081100,7839.00,7839.75,7838.00,7838.75
1790081400,7838.75,7839.00,7835.75,7836.75
1790081700,7836.50,7837.75,7835.75,7837.00
1790082000,7837.25,7840.50,7836.50,7839.50
1790082300,7839.50,7842.00,7836.75,7840.00
1790082600,7840.00,7841.25,7838.75,7841.00
1790082900,7840.75,7843.25,7839.75,7840.75
1790083200,7840.50,7841.00,7839.00,7839.50
1790083500,7839.25,7839.75,7836.25,7837.00
1790083800,7837.00,7847.25,7835.50,7844.75
1790084100,7845.00,7848.50,7843.50,7846.25
1790084400,7846.25,7846.25,7840.50,7842.75
1790084700,7842.75,7843.75,7835.50,7839.75
1790085000,7839.75,7840.75,7836.50,7837.00
1790085300,7837.25,7838.00,7833.25,7835.00
1790085600,7835.00,7839.50,7834.50,7837.75
1790085900,7837.75,7838.75,7834.25,7834.50
1790086200,7834.50,7845.75,7834.50,7840.25
1790086500,7840.25,7841.25,7832.00,7835.25
1790086800,7835.25,7836.50,7832.50,7834.25
1790087100,7834.00,7835.50,7831.50,7831.75
1790087400,7832.00,7837.50,7831.50,7833.75
1790087700,7833.50,7840.50,7829.25,7831.50
1790088000,7831.50,7832.25,7826.75,7829.50
1790088300,7829.50,7834.00,7826.50,7833.75
1790088600,7833.50,7835.75,7830.00,7832.50
1790088900,7832.50,7834.50,7829.50,7831.00
1790089200,7831.00,7834.25,7830.25,7832.00
1790089500,7832.00,7834.75,7830.00,7830.25
1790089800,7830.50,7833.00,7828.50,7832.50
1790090100,7832.50,7833.75,7830.75,7832.00
1790090400,7832.25,7833.50,7830.75,7831.50
1790090700,7831.75,7834.25,7829.75,7830.25
1790091000,7830.25,7830.50,7825.75,7826.50
1790091300,7826.75,7827.00,7823.00,7824.00
1790091600,7824.00,7825.75,7822.25,7824.50
1790091900,7824.50,7827.50,7824.00,7825.25
1790092200,7825.25,7826.25,7824.00,7824.50
1790092500,7824.25,7827.00,7822.75,7826.75
1790092800,7826.75,7828.75,7824.75,7826.25
1790093100,7826.25,7830.25,7825.00,7829.00
1790093400,7829.00,7830.25,7828.00,7830.00
1790093700,7830.00,7830.00,7826.50,7826.75
1790094000,7826.75,7828.50,7823.50,7824.00
1790094300,7823.75,7826.00,7823.25,7825.50
1790094600,7825.50,7828.75,7825.00,7828.50
1790094900,7828.75,7828.75,7824.75,7826.50
1790095200,7826.75,7827.00,7824.25,7826.75
1790095500,7826.75,7833.75,7826.50,7833.00
1790095800,7833.00,7833.75,7830.75,7831.50
1790096100,7831.75,7832.75,7830.00,7832.00
1790096400,7832.00,7832.75,7829.75,7829.75
1790096700,7829.75,7833.00,7828.75,7830.00
1790097000,7830.00,7831.00,7828.75,7829.50
1790097300,7829.50,7829.75,7828.00,7829.00
1790097600,7829.00,7829.00,7827.25,7828.50
1790097900,7828.25,7832.50,7828.00,7832.25
1790098200,7832.25,7832.50,7829.25,7830.00
1790098500,7830.25,7830.25,7828.00,7828.50
1790098800,7828.25,7831.50,7827.25,7831.50
1790099100,7831.25,7832.25,7829.75,7831.00
1790099400,7831.00,7839.00,7829.75,7837.25
1790099700,7837.50,7838.75,7836.00,7837.50
1790100000,7837.50,7838.50,7833.50,7835.50
1790100300,7835.75,7838.00,7835.00,7837.25
1790100600,7837.25,7838.00,7835.00,7835.75
1790100900,7835.75,7837.50,7835.50,7837.00
1790101200,7836.75,7840.50,7836.75,7839.25
1790101500,7839.00,7839.75,7837.50,7837.75
1790101800,7837.75,7839.25,7836.50,7837.00
1790102100,7837.00,7837.25,7833.75,7835.50
1790102400,7835.50,7838.50,7833.50,7837.50
1790102700,7837.50,7838.50,7836.75,7838.00
1790103000,7838.00,7838.25,7836.25,7837.00
1790103300,7836.75,7837.00,7832.75,7834.25
1790103600,7834.00,7835.50,7833.50,7835.00
1790103900,7835.25,7836.50,7834.50,7835.25
1790104200,7835.25,7837.50,7835.00,7836.75
1790104500,7836.75,7839.25,7836.50,7839.00
1790104800,7839.00,7839.75,7837.50,7838.50
1790105100,7838.75,7841.50,7838.25,7840.25
1790105400,7840.50,7845.75,7839.50,7845.25
1790105700,7845.25,7846.75,7844.25,7845.50
1790106000,7845.25,7845.75,7839.75,7841.50
1790106300,7841.75,7844.50,7841.50,7844.00
1790106600,7844.00,7846.00,7840.00,7840.25
1790106900,7840.25,7840.25,7829.75,7831.00
1790107200,7830.75,7833.25,7830.25,7832.50
1790107500,7832.75,7834.25,7831.25,7833.50
1790107800,7833.25,7834.00,7832.00,7832.00
1790108100,7832.00,7832.25,7831.00,7831.00
1790108400,7831.25,7831.50,7828.75,7830.00
1790108700,7830.00,7830.75,7829.50,7830.25
1790109000,7830.00,7830.50,7829.50,7829.75
1790109300,7829.75,7830.00,7829.00,7829.25
1790109600,7829.25,7830.00,7828.75,7828.75
1790109900,7829.00,7829.25,7827.25,7827.75
1790110200,7828.00,7829.00,7826.75,7827.75
1790110500,7827.75,7828.75,7826.00,7827.75
1790114400,7830.00,7833.75,7829.00,7830.25
1790114700,7830.25,7833.25,7830.25,7831.50
1790115000,7831.50,7832.50,7830.25,7832.25
1790115300,7832.25,7832.75,7831.25,7831.75
1790115600,7831.75,7834.00,7831.75,7833.00
1790115900,7833.25,7833.50,7832.00,7832.25
1790116200,7832.50,7833.75,7832.50,7833.25
1790116500,7833.50,7833.75,7832.50,7832.75
1790116800,7833.00,7834.00,7832.75,7832.75
1790117100,7833.00,7833.00,7830.25,7830.25
1790117400,7830.25,7831.75,7829.75,7831.75
1790117700,7831.75,7832.00,7831.25,7831.25
1790118000,7831.50,7832.50,7831.50,7832.00
1790118300,7832.25,7832.75,7832.00,7832.25
1790118600,7832.25,7832.25,7831.50,7831.75
1790118900,7832.00,7832.25,7831.50,7832.25
1790119200,7832.25,7833.25,7832.00,7832.75
1790119500,7832.50,7832.50,7831.75,7832.50
1790119800,7832.25,7832.75,7832.25,7832.75
1790120100,7832.75,7833.00,7832.50,7833.00
1790120400,7832.75,7833.00,7832.25,7832.25
1790120700,7832.50,7832.50,7831.00,7831.50
1790121000,7831.50,7832.75,7831.00,7832.50
1790121300,7832.50,7834.00,7832.00,7833.50
1790121600,7833.25,7833.75,7830.50,7833.00
1790121900,7833.00,7833.50,7831.50,7832.50
1790122200,7832.50,7833.75,7832.00,7832.50
1790122500,7832.25,7833.00,7831.50,7832.00
1790122800,7832.25,7832.50,7830.25,7832.25
1790123100,7832.50,7832.75,7831.00,7831.00
1790123400,7831.00,7832.25,7830.25,7830.50
1790123700,7830.50,7831.75,7830.00,7831.25
1790124000,7831.50,7831.75,7830.75,7831.25
1790124300,7831.25,7831.75,7829.00,7829.00
1790124600,7829.25,7830.25,7828.00,7828.00
1790124900,7828.25,7829.25,7827.75,7829.00
1790125200,7829.00,7829.50,7827.75,7829.25
1790125500,7829.25,7831.25,7829.00,7830.75
1790125800,7830.75,7830.75,7829.50,7830.75
1790126100,7830.50,7831.50,7829.75,7831.50
1790126400,7831.50,7832.75,7831.00,7832.75
1790126700,7832.50,7834.25,7831.75,7833.75
1790127000,7833.75,7835.25,7832.25,7833.00
1790127300,7833.00,7833.75,7832.25,7833.50
1790127600,7833.50,7833.50,7831.00,7831.50
1790127900,7831.25,7832.50,7831.25,7832.00
1790128200,7832.00,7832.75,7831.50,7832.25
1790128500,7832.25,7832.75,7831.50,7832.50
1790128800,7832.75,7832.75,7831.25,7831.50
1790129100,7831.75,7832.00,7830.25,7830.25
1790129400,7830.25,7830.50,7829.00,7829.50
1790129700,7829.50,7832.50,7827.25,7830.75
1790130000,7830.50,7832.00,7830.50,7832.00
1790130300,7832.00,7833.25,7831.75,7832.00
1790130600,7832.25,7832.75,7831.75,7832.00
1790130900,7831.75,7832.25,7831.00,7831.25
1790131200,7831.25,7832.25,7831.00,7831.50
1790131500,7831.50,7833.00,7831.50,7832.25
1790131800,7832.25,7832.75,7832.00,7832.75
1790132100,7833.00,7833.00,7832.25,7832.25
1790132400,7832.25,7832.50,7831.75,7832.00
1790132700,7832.25,7832.75,7831.75,7832.50
1790133000,7832.50,7833.75,7832.50,7833.75
1790133300,7833.75,7834.00,7832.75,7833.50
1790133600,7833.50,7835.25,7833.50,7835.00
1790133900,7835.00,7836.00,7834.25,7834.25
1790134200,7834.25,7836.00,7834.00,7836.00
1790134500,7836.25,7836.25,7835.25,7835.75
1790134800,7835.75,7837.50,7835.75,7836.25
1790135100,7836.25,7837.00,7836.25,7836.50
1790135400,7836.50,7837.25,7836.50,7837.00
1790135700,7837.00,7837.00,7835.50,7836.00
1790136000,7835.75,7838.00,7835.75,7837.75
1790136300,7837.75,7839.25,7837.75,7838.75
1790136600,7838.75,7839.50,7838.25,7838.75
1790136900,7839.00,7839.50,7838.75,7839.50
1790137200,7839.50,7840.50,7839.00,7839.25
1790137500,7839.00,7839.50,7838.75,7839.00
1790137800,7839.25,7840.50,7839.25,7840.00
1790138100,7840.25,7840.75,7839.75,7840.00
1790138400,7840.00,7840.75,7839.75,7840.50
1790138700,7840.25,7840.75,7840.00,7840.50
1790139000,7840.50,7840.75,7839.00,7839.50
1790139300,7839.50,7839.75,7838.25,7839.00
1790139600,7839.00,7839.50,7837.50,7838.75
1790139900,7838.50,7839.50,7838.00,7838.50
1790140200,7838.50,7839.75,7838.50,7838.75
1790140500,7838.75,7839.25,7838.00,7838.50
1790140800,7838.25,7838.25,7836.75,7837.50
1790141100,7837.25,7839.00,7837.25,7838.25
1790141400,7838.50,7838.50,7835.50,7836.00
1790141700,7836.00,7837.50,7835.75,7837.25
1790142000,7837.00,7838.25,7835.75,7836.75
1790142300,7836.75,7838.50,7836.50,7837.00
1790142600,7837.00,7838.75,7837.00,7838.00
1790142900,7838.25,7838.25,7836.00,7836.25
1790143200,7836.50,7839.50,7836.00,7837.75
1790143500,7837.75,7840.25,7837.50,7837.75
1790143800,7838.00,7839.75,7838.00,7839.75
1790144100,7839.75,7840.00,7838.75,7839.25
1790144400,7839.25,7839.50,7836.00,7837.75
1790144700,7838.00,7839.50,7838.00,7838.50
1790145000,7838.75,7841.00,7838.50,7841.00
1790145300,7841.25,7842.75,7841.00,7842.50
1790145600,7842.25,7843.25,7841.25,7843.00
1790145900,7842.75,7842.75,7839.00,7842.00
1790146200,7842.00,7842.00,7839.25,7839.75
1790146500,7839.50,7839.50,7837.00,7837.50
1790146800,7837.25,7839.00,7836.75,7839.00
1790147100,7839.00,7839.25,7836.00,7836.25
1790147400,7836.50,7838.75,7835.75,7838.50
1790147700,7838.75,7839.25,7836.75,7837.00
1790148000,7837.25,7837.75,7836.00,7836.00
1790148300,7836.00,7839.25,7835.25,7838.75
1790148600,7838.75,7839.00,7835.75,7836.25
1790148900,7836.25,7838.75,7836.25,7837.00
1790149200,7837.00,7838.75,7837.00,7838.00
1790149500,7838.25,7840.25,7837.75,7840.00
1790149800,7840.00,7841.25,7838.00,7838.50
1790150100,7838.50,7840.50,7838.50,7839.25
1790150400,7839.50,7840.50,7837.25,7838.00
1790150700,7838.00,7840.25,7837.00,7840.00
1790151000,7839.75,7841.25,7839.75,7840.50
1790151300,7840.50,7841.00,7839.25,7840.75
1790151600,7840.75,7842.25,7840.50,7841.75
1790151900,7841.75,7842.00,7839.00,7839.50
1790152200,7839.50,7840.25,7839.00,7839.50
1790152500,7839.75,7839.75,7835.50,7836.75
1790152800,7836.50,7837.25,7835.00,7835.50
1790153100,7835.50,7836.25,7834.25,7836.25
1790153400,7836.25,7836.75,7835.50,7836.50
1790153700,7836.75,7837.75,7836.00,7836.75
1790154000,7836.50,7838.00,7834.75,7835.25
1790154300,7835.00,7837.50,7834.75,7837.25
1790154600,7837.00,7837.00,7834.75,7835.00
1790154900,7835.00,7835.75,7834.00,7835.75
1790155200,7836.00,7838.50,7835.25,7838.50
1790155500,7838.75,7839.25,7837.00,7837.00
1790155800,7837.00,7838.00,7836.00,7836.75
1790156100,7836.75,7838.00,7836.50,7836.50
1790156400,7836.50,7836.75,7835.25,7836.00
1790156700,7835.75,7835.75,7832.50,7833.75
1790157000,7833.75,7835.50,7833.50,7835.25
1790157300,7835.00,7835.50,7833.75,7834.75
1790157600,7834.75,7837.00,7834.25,7836.25
1790157900,7836.25,7837.25,7835.75,7836.50
1790158200,7836.75,7838.00,7836.00,7837.75
1790158500,7837.75,7839.25,7837.75,7839.25
1790158800,7839.25,7839.25,7836.75,7837.50
1790159100,7837.75,7838.50,7837.00,7838.25
1790159400,7838.50,7838.50,7836.00,7836.00
1790159700,7836.00,7837.50,7834.50,7837.25
1790160000,7837.00,7837.00,7835.25,7836.00
1790160300,7836.00,7836.00,7834.25,7834.75
1790160600,7835.00,7835.75,7834.00,7835.75
1790160900,7835.75,7837.00,7835.75,7836.00
1790161200,7835.75,7836.25,7833.00,7833.50
1790161500,7833.25,7834.50,7832.25,7834.00
1790161800,7834.00,7835.00,7833.00,7833.50
1790162100,7833.50,7835.25,7833.25,7833.75
1790162400,7833.50,7833.75,7828.00,7828.50
1790162700,7828.50,7830.00,7826.50,7827.00
1790163000,7827.00,7827.25,7823.25,7824.00
1790163300,7824.00,7824.50,7820.00,7822.25
1790163600,7822.25,7822.50,7819.00,7821.75
1790163900,7821.50,7827.25,7821.50,7826.25
1790164200,7826.00,7827.25,7824.50,7825.75
1790164500,7825.75,7827.25,7825.50,7826.50
1790164800,7826.50,7828.25,7822.50,7822.75
1790165100,7822.75,7824.25,7821.50,7822.50
1790165400,7822.50,7823.25,7819.50,7820.50
1790165700,7820.50,7821.50,7818.75,7820.75
1790166000,7820.75,7822.50,7819.75,7822.50
1790166300,7822.50,7823.25,7820.75,7822.50
1790166600,7822.50,7824.00,7822.25,7823.25
1790166900,7823.00,7824.75,7822.50,7823.50
1790167200,7823.50,7823.50,7821.25,7821.50
1790167500,7821.75,7823.50,7820.75,7821.75
1790167800,7821.75,7821.75,7819.75,7821.00
1790168100,7820.75,7824.00,7819.50,7823.50
1790168400,7823.75,7824.00,7821.50,7822.50
1790168700,7822.75,7822.75,7820.25,7820.75
1790169000,7820.75,7821.75,7819.25,7821.50
1790169300,7821.25,7823.50,7820.25,7822.50
1790169600,7822.25,7823.25,7820.50,7821.50
1790169900,7821.75,7825.75,7821.25,7823.50
1790170200,7823.50,7826.25,7819.75,7819.75
1790170500,7819.75,7820.25,7815.75,7816.75
1790170800,7817.00,7817.75,7814.50,7814.50
1790171100,7814.75,7815.00,7805.00,7806.25
1790171400,7806.50,7808.25,7801.75,7802.25
1790171700,7802.25,7804.00,7799.25,7801.75
1790172000,7801.75,7805.50,7798.25,7799.50
1790172300,7799.75,7800.75,7793.75,7795.00
1790172600,7795.00,7795.25,7787.50,7790.75
1790172900,7790.75,7793.75,7785.75,7785.75
1790173200,7785.75,7788.00,7779.25,7783.25
1790173500,7783.00,7784.75,7778.00,7783.00
1790173800,7783.00,7789.50,7782.50,7788.75
1790174100,7788.50,7793.50,7782.75,7783.00
1790174400,7783.00,7788.00,7781.00,7786.00
1790174700,7786.00,7788.00,7784.75,7786.75
1790175000,7787.00,7800.75,7783.00,7798.50
1790175300,7798.75,7799.50,7793.00,7797.25
1790175600,7797.25,7797.50,7790.50,7793.00
1790175900,7793.00,7795.00,7790.25,7794.00
1790176200,7794.25,7795.00,7790.75,7791.25
1790176500,7791.50,7793.25,7788.00,7791.00
1790176800,7791.00,7794.75,7789.50,7793.50
1790177100,7793.50,7795.00,7784.25,7785.00
1790177400,7785.00,7785.75,7783.00,7783.75
1790177700,7783.75,7785.50,7782.00,7784.00
1790178000,7783.75,7787.25,7780.75,7786.25
1790178300,7786.25,7787.00,7779.00,7779.50
1790178600,7779.25,7781.50,7776.50,7781.50
1790178900,7781.75,7783.00,7779.50,7780.50
1790179200,7780.50,7780.50,7777.00,7778.25
1790179500,7778.25,7781.00,7777.00,7779.00
1790179800,7779.00,7781.25,7778.50,7780.25
1790180100,7780.00,7781.50,7775.50,7778.00
1790180400,7777.75,7778.25,7775.25,7778.00
1790180700,7777.75,7779.00,7776.25,7778.25
1790181000,7778.25,7781.50,7777.75,7778.25
1790181300,7778.50,7779.50,7776.00,7777.00
1790181600,7777.00,7777.25,7772.00,7772.25
1790181900,7772.25,7775.25,7769.50,7770.00
1790182200,7770.00,7770.00,7764.25,7764.75
1790182500,7764.75,7769.75,7764.25,7768.50
1790182800,7768.50,7771.50,7758.75,7761.75
1790183100,7761.75,7766.50,7760.25,7765.75
1790183400,7765.50,7767.25,7762.50,7765.50
1790183700,7765.50,7773.75,7763.75,7773.25
1790184000,7773.50,7774.00,7766.00,7766.00
1790184300,7766.00,7768.25,7765.50,7767.00
1790184600,7767.25,7770.25,7764.75,7769.75
1790184900,7770.00,7770.50,7767.00,7767.75
1790185200,7768.00,7780.50,7765.75,7779.25
1790185500,7779.25,7783.00,7776.75,7778.50
1790185800,7778.50,7780.50,7776.50,7779.25
1790186100,7779.50,7785.25,7778.00,7784.25
1790186400,7784.25,7784.75,7775.50,7776.00
1790186700,7776.00,7779.00,7774.75,7778.25
1790187000,7778.50,7779.75,7777.25,7779.00
1790187300,7779.00,7781.75,7777.00,7779.50
1790187600,7779.50,7780.25,7777.50,7779.25
1790187900,7779.50,7780.25,7776.25,7777.25
1790188200,7777.00,7778.00,7773.50,7775.50
1790188500,7775.50,7776.25,7770.25,7771.50
1790188800,7771.50,7775.25,7771.50,7773.50
1790189100,7773.50,7776.00,7772.50,7775.75
1790189400,7775.75,7776.50,7772.75,7774.25
1790189700,7774.25,7778.25,7773.25,7776.75
1790190000,7777.00,7778.25,7772.50,7773.00
1790190300,7773.00,7778.00,7771.75,7776.25
1790190600,7776.25,7777.25,7773.00,7774.50
1790190900,7774.50,7775.00,7770.75,7773.00
1790191200,7772.75,7772.75,7770.50,7771.50
1790191500,7771.75,7773.25,7769.25,7771.75
1790191800,7771.75,7775.50,7770.25,7775.00
1790192100,7775.00,7775.50,7773.00,7775.50
1790192400,7775.50,7777.00,7768.25,7771.00
1790192700,7771.00,7775.25,7770.50,7774.75
1790193000,7775.00,7775.75,7761.00,7764.00
1790193300,7764.00,7776.00,7764.00,7773.75
1790193600,7774.00,7774.75,7771.25,7772.00
1790193900,7772.00,7772.50,7770.25,7772.00
1790194200,7772.25,7773.25,7771.00,7771.25
1790194500,7771.25,7772.75,7770.25,7772.50
1790194800,7772.75,7772.75,7771.75,7772.50
1790195100,7772.75,7772.75,7770.75,7772.00
1790195400,7772.00,7773.00,7771.00,7771.00
1790195700,7771.25,7773.75,7771.00,7773.25
1790196000,7773.25,7773.75,7773.00,7773.50
1790196300,7773.50,7774.25,7772.00,7772.00
1790196600,7772.00,7772.75,7772.00,7772.75
1790196900,7772.75,7773.00,7771.25,7772.75
1790200800,7774.75,7778.00,7773.50,7776.50
1790201100,7776.25,7778.00,7775.00,7778.00
1790201400,7778.00,7778.00,7777.25,7777.75
1790201700,7778.00,7779.25,7776.75,7777.25
1790202000,7777.25,7777.75,7776.25,7777.00
1790202300,7777.00,7777.50,7776.75,7777.00
1790202600,7776.75,7777.50,7775.50,7775.75
1790202900,7775.50,7775.50,7774.00,7774.50
1790203200,7774.75,7776.25,7774.50,7775.50
1790203500,7775.50,7775.50,7774.75,7775.50
1790203800,7775.50,7775.75,7774.75,7775.00
1790204100,7775.00,7775.00,7774.75,7775.00
1790204400,7775.25,7775.75,7774.25,7775.50
1790204700,7775.50,7775.50,7774.50,7775.00
1790205000,7774.75,7775.00,7773.00,7773.00
1790205300,7773.00,7774.25,7771.75,7772.00
1790205600,7772.25,7772.50,7769.75,7770.25
1790205900,7770.50,7770.75,7768.50,7769.50
1790206200,7769.50,7769.75,7768.00,7769.00
1790206500,7769.00,7770.00,7768.50,7769.50
1790206800,7769.50,7770.25,7768.25,7769.00
1790207100,7769.00,7770.25,7767.50,7767.75
1790207400,7767.75,7770.25,7767.00,7769.25
1790207700,7769.25,7769.25,7768.00,7768.25
1790208000,7768.25,7769.75,7767.00,7768.75
1790208300,7768.75,7769.25,7767.75,7768.25
1790208600,7768.25,7768.25,7764.75,7765.50
1790208900,7765.50,7769.00,7765.25,7768.75
1790209200,7769.00,7769.25,7766.00,7767.25
1790209500,7767.50,7767.75,7765.75,7766.50
1790209800,7766.50,7768.25,7766.00,7767.75
1790210100,7767.75,7768.00,7766.25,7766.25
1790210400,7766.25,7766.50,7763.50,7764.50
1790210700,7764.25,7764.25,7762.00,7763.00
1790211000,7763.00,7763.75,7761.50,7762.00
1790211300,7762.25,7765.25,7761.25,7764.50
1790211600,7764.25,7766.00,7764.00,7765.00
1790211900,7764.75,7768.00,7763.50,7767.00
1790212200,7766.75,7766.75,7764.75,7766.75
1790212500,7767.00,7767.25,7766.00,7766.75
1790212800,7766.50,7767.25,7765.50,7766.25
1790213100,7766.25,7767.00,7765.00,7765.25
1790213400,7765.25,7767.50,7764.75,7767.25
1790213700,7767.25,7767.25,7764.75,7765.25
1790214000,7765.25,7766.25,7763.75,7764.00
1790214300,7763.75,7764.00,7760.50,7762.25
1790214600,7762.50,7765.00,7759.50,7763.75
1790214900,7763.50,7765.00,7762.50,7764.75
1790215200,7764.75,7765.75,7762.00,7762.25
1790215500,7762.25,7762.25,7758.00,7759.00
1790215800,7759.25,7761.25,7759.00,7760.75
1790216100,7760.75,7764.75,7760.75,7764.25
1790216400,7764.25,7764.25,7762.75,7763.25
1790216700,7763.25,7764.00,7762.25,7763.25
1790217000,7763.00,7766.75,7763.00,7765.50
1790217300,7765.50,7766.75,7764.75,7765.00
1790217600,7765.25,7766.50,7765.00,7766.50
1790217900,7766.50,7766.75,7764.75,7765.50
1790218200,7765.75,7765.75,7764.00,7765.00
1790218500,7765.00,7765.50,7764.75,7764.75
1790218800,7764.75,7765.00,7763.00,7763.50
1790219100,7763.50,7763.50,7759.25,7759.50
1790219400,7759.50,7761.25,7758.75,7761.25
1790219700,7761.50,7762.00,7760.25,7761.00
1790220000,7761.00,7761.25,7760.00,7760.50
1790220300,7760.50,7761.25,7758.75,7759.25
1790220600,7759.25,7759.50,7757.50,7758.75
1790220900,7758.50,7759.25,7757.75,7759.25
1790221200,7759.25,7759.25,7756.00,7756.75
1790221500,7756.75,7758.75,7756.50,7758.50
1790221800,7758.25,7758.75,7757.25,7758.75
1790222100,7758.75,7759.50,7758.00,7759.50
1790222400,7759.25,7759.50,7741.25,7750.50
1790222700,7750.75,7751.75,7747.00,7748.25
1790223000,7748.50,7749.25,7746.25,7746.75
1790223300,7746.75,7748.00,7745.00,7747.75
1790223600,7748.00,7750.50,7747.50,7748.75
1790223900,7748.75,7753.00,7748.75,7752.75
1790224200,7752.75,7756.50,7752.00,7756.00
1790224500,7755.75,7757.25,7755.00,7756.25
1790224800,7756.25,7756.50,7754.25,7755.00
1790225100,7755.00,7755.00,7753.50,7754.50
1790225400,7754.50,7754.75,7753.75,7754.00
1790225700,7754.00,7754.75,7753.25,7754.25
1790226000,7754.25,7759.00,7754.25,7758.00
1790226300,7758.00,7760.00,7757.00,7757.25
1790226600,7757.25,7757.25,7754.25,7754.50
1790226900,7754.50,7755.50,7754.00,7755.00
1790227200,7755.00,7755.25,7751.75,7753.25
1790227500,7752.75,7756.25,7752.75,7756.25
1790227800,7756.00,7757.00,7754.75,7754.75
1790228100,7754.75,7755.00,7751.75,7752.50
1790228400,7752.50,7754.25,7749.25,7750.00
1790228700,7749.50,7749.75,7747.75,7748.00
1790229000,7747.75,7750.00,7747.50,7747.50
1790229300,7747.25,7747.25,7742.00,7742.00
1790229600,7742.00,7742.75,7738.75,7739.50
1790229900,7739.50,7746.00,7738.25,7745.00
1790230200,7745.00,7747.75,7744.00,7746.50
1790230500,7746.75,7748.00,7745.25,7745.50
1790230800,7745.50,7745.50,7741.75,7743.00
1790231100,7742.75,7743.50,7739.50,7741.00
1790231400,7741.00,7741.25,7737.25,7737.25
1790231700,7737.25,7738.00,7735.50,7736.75
1790232000,7737.00,7741.25,7736.75,7739.00
1790232300,7739.00,7740.25,7737.00,7738.50
1790232600,7738.50,7739.00,7735.50,7735.50
1790232900,7736.00,7737.25,7734.25,7735.50
1790233200,7735.25,7736.50,7730.75,7735.25
1790233500,7735.50,7743.25,7733.00,7742.75
1790233800,7742.75,7745.25,7741.50,7745.00
1790234100,7744.75,7745.75,7740.75,7744.50
1790234400,7744.50,7744.75,7741.25,7741.75
1790234700,7741.75,7745.00,7741.00,7744.75
1790235000,7744.75,7746.25,7743.00,7744.00
1790235300,7744.25,7748.00,7743.25,7746.25
1790235600,7746.25,7747.50,7744.25,7746.75
1790235900,7746.50,7747.25,7743.50,7744.25
1790236200,7744.00,7744.25,7740.75,7741.25
1790236500,7741.25,7741.25,7733.50,7734.00
1790236800,7734.00,7741.25,7732.00,7736.75
1790237100,7736.75,7737.75,7732.50,7733.50
1790237400,7733.25,7733.50,7725.00,7726.50
1790237700,7726.25,7730.75,7725.00,7727.50
1790238000,7727.25,7727.75,7724.25,7726.75
1790238300,7726.75,7728.75,7722.50,7723.25
1790238600,7723.50,7731.50,7722.00,7722.75
1790238900,7722.75,7725.25,7721.00,7724.75
1790239200,7724.75,7728.00,7722.00,7726.00
1790239500,7726.00,7727.75,7722.25,7723.00
1790239800,7722.75,7725.50,7721.50,7722.25
1790240100,7722.00,7723.75,7721.00,7723.25
1790240400,7723.50,7727.50,7722.50,7725.25
1790240700,7725.00,7729.75,7723.50,7727.75
1790241000,7727.75,7729.00,7723.50,7725.50
1790241300,7725.25,7726.75,7723.25,7726.50
1790241600,7726.25,7728.25,7724.25,7727.75
1790241900,7727.50,7729.50,7724.25,7725.00
1790242200,7724.75,7725.25,7721.25,7725.00
1790242500,7725.00,7725.75,7719.00,7721.25
1790242800,7721.25,7721.75,7707.25,7713.25
1790243100,7713.00,7719.50,7711.75,7719.25
1790243400,7719.00,7721.00,7716.50,7720.25
1790243700,7720.00,7724.50,7720.00,7724.25
1790244000,7724.00,7726.50,7722.00,7722.00
1790244300,7722.25,7722.75,7720.00,7721.00
1790244600,7721.00,7725.25,7721.00,7725.00
1790244900,7725.00,7728.25,7724.50,7726.50
1790245200,7726.75,7727.25,7720.75,7720.75
1790245500,7721.00,7725.25,7719.00,7721.75
1790245800,7721.75,7725.50,7719.50,7724.75
1790246100,7725.00,7730.25,7724.25,7729.25
1790246400,7729.75,7731.50,7729.25,7730.50
1790246700,7730.75,7737.75,7729.50,7737.00
1790247000,7737.00,7737.75,7730.75,7730.75
1790247300,7730.75,7733.50,7728.75,7733.00
1790247600,7733.00,7735.50,7730.50,7730.50
1790247900,7730.25,7731.50,7727.25,7729.00
1790248200,7729.00,7732.25,7726.25,7731.75
1790248500,7731.75,7736.25,7729.75,7732.50
1790248800,7732.50,7736.00,7731.25,7734.75
1790249100,7734.50,7734.50,7730.50,7730.75
1790249400,7730.75,7734.50,7729.00,7729.50
1790249700,7729.25,7729.75,7726.25,7727.00
1790250000,7727.00,7727.50,7725.25,7726.50
1790250300,7726.50,7726.50,7722.00,7722.25
1790250600,7722.50,7726.00,7722.00,7726.00
1790250900,7726.00,7734.00,7724.50,7732.25
1790251200,7732.00,7732.50,7726.50,7727.25
1790251500,7727.00,7730.75,7727.00,7730.00
1790251800,7730.00,7734.50,7729.50,7733.75
1790252100,7733.75,7737.75,7733.00,7736.50
1790252400,7736.25,7739.50,7735.25,7737.50
1790252700,7737.25,7738.25,7731.25,7734.00
1790253000,7733.75,7735.25,7727.75,7728.00
1790253300,7727.75,7728.50,7724.50,7727.25
1790253600,7727.25,7735.25,7727.00,7733.75
1790253900,7734.00,7735.75,7731.75,7732.25
1790254200,7732.00,7734.75,7729.75,7734.75
1790254500,7734.50,7737.25,7733.50,7735.00
1790254800,7734.75,7738.50,7734.75,7736.25
1790255100,7736.00,7736.75,7734.00,7735.25
1790255400,7735.50,7739.50,7735.25,7738.00
1790255700,7737.75,7741.50,7737.25,7740.75
1790256000,7740.50,7741.00,7737.50,7738.50
1790256300,7738.50,7739.25,7734.00,7734.00
1790256600,7734.25,7742.75,7730.00,7741.00
1790256900,7741.00,7744.75,7738.75,7744.00
1790257200,7744.00,7744.25,7737.50,7740.50
1790257500,7740.25,7747.75,7738.75,7743.75
1790257800,7743.75,7746.50,7741.25,7743.25
1790258100,7743.00,7749.00,7741.50,7747.75
1790258400,7748.00,7753.75,7746.25,7753.50
1790258700,7753.75,7758.00,7753.25,7755.50
1790259000,7755.75,7756.00,7751.75,7754.00
1790259300,7753.75,7757.50,7749.50,7755.75
1790259600,7756.00,7756.00,7751.75,7752.00
1790259900,7752.00,7757.25,7750.50,7754.50
1790260200,7754.50,7755.25,7749.00,7753.25
1790260500,7753.00,7755.25,7750.50,7753.00
1790260800,7753.00,7754.25,7745.50,7746.25
1790261100,7746.50,7748.75,7743.00,7746.50
1790261400,7746.50,7750.50,7741.50,7742.25
1790261700,7742.25,7742.50,7735.00,7738.25
1790262000,7738.50,7741.25,7736.25,7737.00
1790262300,7737.25,7738.00,7733.50,7734.50
1790262600,7734.25,7736.25,7725.25,7726.75
1790262900,7726.50,7734.75,7725.50,7731.50
1790263200,7731.50,7738.75,7729.50,7738.00
1790263500,7738.00,7738.00,7728.25,7729.25
1790263800,7729.25,7730.50,7726.75,7727.75
1790264100,7728.00,7733.50,7728.00,7730.75
1790264400,7730.75,7735.00,7728.75,7733.75
1790264700,7734.00,7736.50,7727.25,7728.50
1790265000,7728.75,7737.50,7728.00,7736.00
1790265300,7736.25,7737.25,7732.75,7735.75
1790265600,7735.75,7736.25,7730.00,7734.25
1790265900,7734.00,7735.00,7730.25,7732.00
1790266200,7731.75,7740.00,7729.50,7739.50
1790266500,7739.50,7778.00,7738.75,7762.00
1790266800,7762.00,7768.00,7759.25,7763.25
1790267100,7763.50,7767.50,7756.25,7765.50
1790267400,7765.50,7766.25,7757.00,7762.25
1790267700,7762.25,7772.00,7761.00,7771.75
1790268000,7771.50,7783.00,7769.75,7770.00
1790268300,7770.00,7780.50,7765.75,7779.50
1790268600,7779.50,7781.50,7772.25,7774.50
1790268900,7774.50,7783.50,7774.00,7776.50
1790269200,7776.25,7780.75,7769.00,7776.25
1790269500,7776.25,7780.50,7774.25,7776.00
1790269800,7775.75,7779.25,7770.00,7777.75
1790270100,7777.75,7778.00,7768.75,7768.75
1790270400,7768.75,7772.75,7766.00,7767.50
1790270700,7767.25,7767.50,7759.50,7766.25
1790271000,7766.00,7770.50,7761.75,7762.50
1790271300,7762.25,7764.25,7758.75,7762.50
1790271600,7762.25,7764.50,7755.00,7755.75
1790271900,7755.75,7762.25,7753.75,7760.50
1790272200,7760.50,7762.00,7757.50,7759.00
1790272500,7759.25,7764.75,7758.00,7763.00
1790272800,7763.25,7764.00,7749.50,7750.50
1790273100,7750.25,7763.50,7750.25,7761.25
1790273400,7761.25,7765.00,7759.50,7764.00
1790273700,7763.75,7769.00,7762.25,7766.25
1790274000,7766.25,7766.75,7761.75,7765.50
1790274300,7765.50,7774.25,7765.00,7769.50
1790274600,7769.50,7770.75,7764.50,7764.50
1790274900,7764.50,7777.75,7762.50,7772.00
1790275200,7772.00,7772.00,7765.50,7768.50
1790275500,7768.50,7770.75,7768.00,7769.25
1790275800,7769.25,7774.75,7768.75,7771.50
1790276100,7771.25,7777.00,7771.25,7773.25
1790276400,7773.25,7774.50,7764.00,7765.75
1790276700,7765.75,7769.50,7765.50,7768.25
1790277000,7768.00,7769.50,7765.75,7766.75
1790277300,7766.75,7771.25,7766.75,7770.50
1790277600,7770.25,7772.50,7768.50,7771.75
1790277900,7771.75,7772.50,7768.25,7769.50
1790278200,7769.50,7770.75,7767.50,7770.75
1790278500,7770.75,7771.25,7767.50,7771.00
1790278800,7770.75,7772.25,7768.25,7769.00
1790279100,7768.75,7770.25,7766.25,7766.25
1790279400,7766.25,7774.50,7766.25,7772.50
1790279700,7772.75,7772.75,7765.00,7765.50
1790280000,7765.25,7766.00,7760.25,7761.50
1790280300,7761.50,7762.50,7760.75,7761.75
1790280600,7761.75,7762.25,7757.25,7757.50
1790280900,7757.50,7758.50,7751.25,7753.00
1790281200,7753.00,7753.25,7751.00,7751.25
1790281500,7751.25,7752.00,7748.75,7749.50
1790281800,7749.50,7753.00,7749.50,7752.25
1790282100,7752.25,7753.75,7751.75,7753.75
1790282400,7753.75,7756.00,7752.75,7755.00
1790282700,7755.25,7758.25,7755.00,7758.00
1790283000,7758.00,7759.00,7757.50,7758.50
1790283300,7758.75,7760.75,7758.00,7759.50
1790287200,7759.00,7763.75,7756.75,7762.25
1790287500,7762.25,7762.50,7756.50,7759.25
1790287800,7759.50,7760.00,7757.50,7758.25
1790288100,7758.25,7758.75,7757.00,7757.00
1790288400,7756.75,7757.00,7755.00,7755.50
1790288700,7755.50,7756.00,7754.00,7755.00
1790289000,7755.00,7757.25,7754.50,7756.25
1790289300,7756.25,7756.75,7755.75,7755.75
1790289600,7755.75,7758.50,7755.50,7757.75
1790289900,7758.00,7758.00,7756.25,7757.25
1790290200,7757.25,7758.00,7757.00,7757.25
1790290500,7757.25,7757.75,7756.25,7756.75
1790290800,7756.75,7758.00,7756.75,7758.00
1790291100,7758.00,7759.25,7755.25,7756.25
1790291400,7756.00,7756.00,7754.25,7755.50
1790291700,7755.50,7756.25,7755.00,7755.50
1790292000,7755.50,7757.75,7754.75,7757.75
1790292300,7757.50,7759.25,7756.75,7757.50
1790292600,7757.75,7759.25,7757.75,7758.25
1790292900,7758.25,7759.25,7757.50,7758.00
1790293200,7758.25,7758.50,7755.25,7755.50
1790293500,7755.50,7756.50,7754.00,7755.00
1790293800,7755.00,7755.25,7750.75,7751.75
1790294100,7752.00,7752.50,7750.75,7751.50
1790294400,7751.25,7755.00,7751.00,7753.50
1790294700,7753.00,7753.75,7750.00,7753.00
1790295000,7753.00,7753.50,7751.25,7752.25
1790295300,7752.25,7754.00,7750.25,7753.25
1790295600,7753.25,7757.25,7752.75,7756.25
1790295900,7756.25,7757.25,7754.50,7755.00
1790296200,7754.75,7755.25,7751.75,7752.50
1790296500,7752.75,7753.25,7748.50,7749.50
1790296800,7749.50,7751.25,7748.75,7750.50
1790297100,7750.25,7752.50,7750.00,7752.25
1790297400,7752.25,7752.25,7749.50,7752.00
1790297700,7751.75,7752.75,7750.50,7751.75
1790298000,7751.75,7753.25,7749.25,7752.75
1790298300,7752.50,7754.50,7750.00,7753.50
1790298600,7753.50,7761.50,7753.25,7760.00
1790298900,7760.00,7763.25,7758.25,7760.00
1790299200,7760.25,7763.50,7760.00,7761.75
1790299500,7761.75,7763.75,7761.00,7761.50
1790299800,7761.50,7761.75,7757.75,7757.75
1790300100,7757.50,7762.75,7756.50,7762.75
1790300400,7762.75,7765.25,7762.25,7763.75
1790300700,7763.50,7763.75,7761.25,7763.50
1790301000,7763.25,7763.25,7760.50,7760.50
1790301300,7760.50,7762.25,7759.25,7762.00
1790301600,7762.25,7763.25,7761.25,7762.50
1790301900,7762.75,7764.50,7762.25,7764.25
1790302200,7764.25,7764.75,7762.50,7763.00
1790302500,7763.00,7765.25,7763.00,7765.00
1790302800,7765.00,7766.25,7764.75,7765.00
1790303100,7764.75,7764.75,7761.50,7762.00
1790303400,7761.75,7762.00,7758.25,7758.50
1790303700,7758.25,7759.75,7757.25,7759.50
1790304000,7759.75,7762.75,7759.50,7762.00
1790304300,7762.00,7762.75,7759.00,7759.50
1790304600,7759.50,7761.50,7758.50,7761.50
1790304900,7761.00,7762.25,7760.25,7762.00
1790305200,7762.00,7762.75,7761.00,7762.25
1790305500,7762.50,7766.00,7762.25,7765.25
1790305800,7765.25,7765.50,7763.75,7764.75
1790306100,7765.00,7766.25,7763.50,7765.25
1790306400,7765.25,7767.25,7765.00,7766.00
1790306700,7766.00,7766.50,7764.75,7765.25
1790307000,7765.50,7766.25,7764.50,7765.50
1790307300,7765.50,7766.25,7763.75,7765.75
1790307600,7765.75,7766.75,7761.50,7761.50
1790307900,7761.75,7763.00,7760.75,7762.75
1790308200,7762.50,7763.50,7761.50,7762.50
1790308500,7762.75,7764.25,7762.25,7763.75
1790308800,7763.75,7764.00,7760.25,7761.25
1790309100,7761.00,7761.75,7759.50,7760.75
1790309400,7760.75,7761.50,7760.00,7760.25
1790309700,7760.25,7761.75,7758.75,7759.50
1790310000,7759.50,7760.00,7758.50,7760.00
1790310300,7760.25,7760.75,7758.75,7759.00
1790310600,7759.25,7760.50,7758.50,7760.25
1790310900,7760.25,7761.75,7760.00,7761.50
1790311200,7761.50,7762.25,7760.25,7760.50
1790311500,7760.50,7761.75,7760.50,7761.00
1790311800,7760.75,7761.75,7759.50,7760.25
1790312100,7760.25,7760.50,7757.75,7759.50
1790312400,7759.25,7761.25,7759.00,7760.75
1790312700,7761.00,7763.25,7760.00,7763.00
1790313000,7763.00,7763.75,7762.00,7762.00
1790313300,7762.25,7764.25,7762.00,7762.75
1790313600,7762.75,7763.50,7760.75,7760.75
1790313900,7760.75,7763.75,7760.75,7763.50
1790314200,7763.50,7771.00,7763.00,7769.25
1790314500,7769.50,7771.75,7769.50,7771.00
1790314800,7771.00,7773.25,7770.25,7773.25
1790315100,7773.00,7774.00,7770.50,7770.75
1790315400,7770.50,7772.50,7770.50,7772.50
1790315700,7772.50,7772.50,7769.75,7770.00
1790316000,7770.00,7772.75,7769.75,7772.25
1790316300,7772.25,7773.50,7771.75,7773.25
1790316600,7773.50,7776.00,7773.00,7775.50
1790316900,7775.50,7777.75,7774.75,7777.00
1790317200,7777.00,7778.50,7775.75,7777.50
1790317500,7777.75,7778.00,7774.00,7775.00
1790317800,7775.25,7777.50,7774.25,7777.50
1790318100,7777.25,7777.75,7775.50,7776.50
1790318400,7776.50,7777.75,7776.00,7776.75
1790318700,7776.75,7777.50,7775.00,7777.00
1790319000,7777.00,7777.50,7775.00,7777.25
1790319300,7777.25,7778.25,7774.50,7774.75
1790319600,7774.75,7778.25,7774.25,7775.75
1790319900,7775.75,7778.00,7775.00,7777.00
1790320200,7777.00,7778.50,7776.25,7777.50
1790320500,7777.50,7778.50,7774.75,7775.50
1790320800,7775.75,7778.75,7775.50,7777.75
1790321100,7777.75,7780.50,7775.75,7780.25
1790321400,7780.25,7781.75,7773.50,7774.00
1790321700,7774.25,7777.00,7774.00,7774.75
1790322000,7774.75,7776.75,7774.25,7775.25
1790322300,7775.50,7778.50,7775.00,7775.25
1790322600,7775.25,7776.25,7774.50,7775.25
1790322900,7775.25,7776.75,7774.50,7775.25
1790323200,7775.25,7776.25,7771.75,7772.50
1790323500,7772.50,7775.50,7771.50,7775.00
1790323800,7775.00,7780.75,7775.00,7779.00
1790324100,7779.00,7781.75,7777.75,7779.00
1790324400,7779.00,7782.25,7778.50,7782.25
1790324700,7782.25,7784.50,7780.25,7784.25
1790325000,7784.25,7786.50,7783.25,7785.75
1790325300,7785.50,7786.25,7782.50,7783.50
1790325600,7783.50,7787.25,7783.50,7786.75
1790325900,7786.75,7788.75,7786.75,7787.25
1790326200,7787.25,7789.00,7786.75,7788.75
1790326500,7789.00,7790.75,7789.00,7789.25
1790326800,7789.25,7791.75,7788.75,7790.25
1790327100,7790.25,7792.50,7790.00,7792.25
1790327400,7792.25,7792.25,7790.00,7790.25
1790327700,7790.25,7792.50,7789.50,7789.75
1790328000,7790.00,7790.00,7788.00,7789.50
1790328300,7789.75,7789.75,7788.00,7788.25
1790328600,7788.25,7790.50,7786.50,7790.00
1790328900,7789.75,7790.50,7789.25,7790.50
1790329200,7790.50,7791.25,7789.00,7790.25
1790329500,7790.25,7790.25,7786.50,7787.75
1790329800,7787.75,7787.75,7786.00,7787.50
1790330100,7787.50,7789.00,7786.75,7786.75
1790330400,7787.00,7788.25,7785.00,7785.50
1790330700,7785.50,7786.50,7784.25,7786.00
1790331000,7786.25,7789.75,7785.75,7789.50
1790331300,7789.25,7791.50,7788.75,7789.25
1790331600,7789.25,7790.50,7788.50,7789.00
1790331900,7788.75,7789.75,7788.25,7788.75
1790332200,7788.75,7790.25,7787.25,7789.00
1790332500,7788.75,7789.50,7785.50,7785.75
1790332800,7785.75,7786.50,7785.00,7785.75
1790333100,7785.50,7786.75,7784.00,7785.75
1790333400,7785.50,7787.50,7783.50,7786.75
1790333700,7786.75,7786.75,7785.00,7785.75
1790334000,7785.75,7788.50,7785.25,7786.25
1790334300,7786.00,7793.50,7786.00,7793.25
1790334600,7793.25,7795.75,7793.00,7795.50
1790334900,7795.75,7798.75,7795.00,7796.50
1790335200,7796.25,7796.75,7795.25,7796.00
1790335500,7796.00,7798.00,7795.50,7795.50
1790335800,7795.50,7797.25,7794.50,7796.50
1790336100,7796.50,7800.75,7794.00,7794.25
1790336400,7794.50,7795.75,7794.25,7795.00
1790336700,7794.75,7796.00,7794.25,7794.50
1790337000,7794.50,7796.25,7793.75,7796.00
1790337300,7795.75,7796.00,7792.50,7792.50
1790337600,7792.50,7795.75,7792.00,7795.25
1790337900,7795.25,7796.25,7793.50,7794.00
1790338200,7794.00,7796.00,7791.50,7793.00
1790338500,7793.00,7793.25,7788.00,7789.75
1790338800,7789.75,7794.25,7789.00,7793.00
1790339100,7792.75,7794.75,7791.75,7792.50
1790339400,7792.75,7793.00,7787.25,7790.25
1790339700,7790.00,7790.75,7787.50,7788.00
1790340000,7788.50,7789.50,7783.25,7786.75
1790340300,7786.75,7792.75,7784.25,7785.50
1790340600,7785.50,7786.00,7783.00,7784.50
1790340900,7784.50,7786.25,7783.50,7785.00
1790341200,7785.00,7786.75,7782.00,7785.50
1790341500,7785.25,7787.50,7785.25,7787.50
1790341800,7787.50,7790.50,7786.50,7788.75
1790342100,7788.75,7789.00,7781.75,7781.75
1790342400,7781.75,7782.75,7779.00,7779.00
1790342700,7779.25,7781.25,7776.00,7777.75
1790343000,7777.50,7785.25,7767.25,7784.50
1790343300,7784.50,7788.25,7782.75,7787.50
1790343600,7787.50,7790.75,7783.50,7785.25
1790343900,7785.25,7787.00,7780.00,7785.25
1790344200,7785.25,7793.25,7784.00,7791.50
1790344500,7791.50,7793.75,7785.25,7787.50
1790344800,7787.50,7788.25,7765.25,7766.00
1790345100,7765.75,7767.75,7755.00,7767.00
1790345400,7767.00,7769.50,7758.00,7759.50
1790345700,7759.25,7762.50,7752.75,7760.50
1790346000,7760.50,7766.75,7759.25,7764.75
1790346300,7764.75,7770.00,7762.00,7764.25
1790346600,7764.00,7770.00,7762.00,7768.00
1790346900,7768.00,7775.75,7766.75,7772.75
1790347200,7772.75,7773.75,7764.75,7769.50
1790347500,7769.75,7774.75,7765.75,7773.25
1790347800,7773.25,7773.50,7765.25,7772.25
1790348100,7772.50,7779.25,7771.75,7778.00
1790348400,7778.25,7787.25,7776.75,7784.00
1790348700,7784.25,7789.00,7781.00,7781.50
1790349000,7781.25,7782.00,7773.50,7779.75
1790349300,7780.00,7782.00,7774.50,7775.50
1790349600,7775.75,7783.50,7774.50,7776.50
1790349900,7776.50,7781.00,7775.75,7777.75
1790350200,7778.00,7788.75,7778.00,7781.75
1790350500,7781.75,7782.25,7771.50,7772.50
1790350800,7772.50,7776.00,7767.00,7767.75
1790351100,7767.50,7774.00,7764.50,7773.50
1790351400,7773.50,7776.75,7765.50,7774.75
1790351700,7774.75,7790.75,7774.50,7790.50
1790352000,7790.50,7806.00,7788.75,7804.00
1790352300,7804.25,7809.00,7802.25,7806.00
1790352600,7806.25,7811.00,7803.50,7806.50
1790352900,7806.50,7809.50,7798.25,7801.00
1790353200,7800.75,7802.00,7791.00,7795.25
1790353500,7795.25,7807.50,7794.00,7807.00
1790353800,7807.00,7808.75,7794.25,7797.75
1790354100,7797.75,7804.25,7797.25,7800.75
1790354400,7800.75,7805.50,7797.50,7802.50
1790354700,7802.50,7802.75,7793.50,7797.25
1790355000,7797.50,7799.75,7796.00,7799.00
1790355300,7799.25,7801.00,7792.25,7795.25
1790355600,7795.25,7802.75,7794.00,7801.25
1790355900,7801.50,7802.75,7796.25,7801.50
1790356200,7801.50,7804.00,7797.75,7804.00
1790356500,7803.75,7804.00,7799.25,7800.00
1790356800,7800.00,7803.75,7799.50,7803.25
1790357100,7803.25,7804.25,7802.25,7804.00
1790357400,7804.00,7805.25,7796.75,7798.75
1790357700,7798.75,7803.00,7796.00,7800.00
1790358000,7800.00,7803.50,7799.75,7800.75
1790358300,7800.50,7803.00,7799.25,7802.25
1790358600,7802.25,7802.50,7797.00,7799.00
1790358900,7799.00,7802.75,7798.25,7802.75
1790359200,7802.75,7803.75,7801.25,7801.75
1790359500,7801.75,7802.50,7799.25,7802.25
1790359800,7802.25,7805.75,7800.25,7805.75
1790360100,7805.75,7806.25,7803.50,7804.25
1790360400,7804.25,7805.00,7802.25,7804.25
1790360700,7804.25,7805.25,7795.25,7800.25
1790361000,7800.50,7805.00,7800.25,7803.25
1790361300,7803.00,7803.50,7797.00,7797.50
1790361600,7797.50,7801.75,7796.25,7801.50
1790361900,7801.75,7802.50,7798.25,7799.75
1790362200,7799.75,7800.50,7797.50,7797.75
1790362500,7797.75,7799.75,7797.25,7798.00
1790362800,7798.25,7801.25,7795.25,7797.25
1790363100,7797.50,7800.00,7796.75,7798.50
1790363400,7798.25,7802.50,7797.50,7802.25
1790363700,7802.25,7803.00,7799.25,7799.50
1790364000,7799.50,7800.25,7796.25,7797.00
1790364300,7797.25,7797.25,7793.25,7794.75
1790364600,7794.75,7796.50,7793.75,7793.75
1790364900,7794.00,7801.25,7793.50,7801.00
1790365200,7801.00,7805.00,7799.25,7803.75
1790365500,7803.75,7811.75,7803.75,7809.00
1790365800,7809.25,7814.75,7809.25,7809.50
1790366100,7809.50,7810.50,7802.50,7804.75
1790366400,7804.75,7807.25,7802.50,7806.00
1790366700,7806.00,7806.50,7803.75,7804.75
1790367000,7804.75,7804.75,7803.00,7803.00
1790367300,7803.00,7803.75,7801.75,7803.25
1790367600,7803.25,7803.75,7802.25,7802.25
1790367900,7802.25,7803.25,7801.50,7802.25
1790368200,7802.50,7805.00,7802.25,7804.25
1790368500,7804.50,7805.50,7804.25,7805.00
1790368800,7804.75,7806.50,7804.75,7806.25
1790369100,7806.25,7806.50,7805.50,7805.50
1790369400,7805.50,7807.25,7805.50,7805.75
1790369700,7805.75,7806.00,7805.25,7805.75
1790546400,7796.00,7803.00,7786.75,7793.00
1790546700,7792.75,7794.75,7789.00,7790.75
1790547000,7791.00,7792.25,7786.00,7786.50
1790547300,7786.25,7788.25,7785.50,7786.00
1790547600,7786.00,7787.50,7783.00,7786.75
1790547900,7787.00,7789.50,7785.50,7785.75
1790548200,7785.75,7785.75,7781.50,7782.00
1790548500,7782.00,7783.25,7781.50,7783.00
1790548800,7783.00,7783.75,7782.75,7783.50
1790549100,7783.25,7783.50,7781.25,7781.50
1790549400,7781.25,7781.75,7778.75,7780.75
1790549700,7780.75,7781.75,7780.50,7781.00
1790550000,7781.25,7782.25,7780.25,7780.75
1790550300,7781.00,7783.00,7780.50,7781.75
1790550600,7782.00,7783.50,7781.75,7783.00
1790550900,7783.25,7783.50,7782.25,7783.25
1790551200,7783.50,7785.25,7783.25,7783.25
1790551500,7783.00,7784.00,7782.50,7783.25
1790551800,7783.50,7784.25,7781.25,7782.00
1790552100,7782.00,7782.75,7781.25,7781.75
1790552400,7781.50,7782.25,7778.75,7781.50
1790552700,7781.50,7785.00,7781.25,7784.00
1790553000,7784.25,7785.50,7780.25,7781.25
1790553300,7781.25,7784.50,7781.00,7784.00
1790553600,7783.75,7788.00,7782.75,7786.50
1790553900,7786.75,7788.00,7785.25,7787.75
1790554200,7787.50,7790.75,7787.50,7790.50
1790554500,7790.25,7790.25,7787.00,7788.75
1790554800,7788.75,7790.50,7788.25,7789.00
1790555100,7789.00,7789.75,7786.75,7787.50
1790555400,7787.50,7789.00,7783.50,7785.50
1790555700,7785.25,7786.00,7782.75,7784.50
1790556000,7784.50,7785.25,7781.50,7784.50
1790556300,7784.75,7788.75,7784.75,7787.25
1790556600,7787.50,7789.25,7786.50,7787.50
1790556900,7787.75,7788.00,7781.00,7782.50
1790557200,7782.50,7787.25,7782.25,7787.25
1790557500,7787.25,7787.25,7782.25,7785.25
1790557800,7784.75,7786.00,7783.75,7784.25
1790558100,7784.25,7785.00,7782.00,7783.25
1790558400,7783.50,7787.75,7783.25,7784.75
1790558700,7784.75,7787.75,7784.75,7786.75
1790559000,7786.75,7788.75,7786.00,7786.75
1790559300,7787.00,7787.25,7785.75,7787.25
1790559600,7787.25,7788.25,7784.75,7785.00
1790559900,7785.00,7785.75,7781.75,7782.50
1790560200,7782.50,7783.75,7780.75,7781.75
1790560500,7781.75,7784.25,7781.25,7781.50
1790560800,7781.25,7781.25,7777.25,7779.25
1790561100,7779.25,7779.25,7775.25,7778.75
1790561400,7778.50,7781.00,7778.25,7780.00
1790561700,7780.00,7780.00,7776.25,7777.75
1790562000,7778.00,7778.00,7775.50,7776.25
1790562300,7776.25,7780.00,7776.00,7778.50
1790562600,7778.50,7780.25,7776.50,7777.75
1790562900,7777.75,7779.00,7776.25,7777.25
1790563200,7777.25,7778.50,7776.50,7778.00
1790563500,7778.00,7778.25,7774.75,7775.25
1790563800,7775.00,7777.25,7774.00,7776.50
1790564100,7776.25,7776.25,7773.75,7775.25
1790564400,7775.25,7777.50,7775.00,7776.50
1790564700,7776.75,7778.75,7776.00,7778.25
1790565000,7778.25,7779.25,7776.00,7776.25
1790565300,7776.25,7777.50,7775.25,7776.00
1790565600,7776.25,7777.50,7775.25,7776.00
1790565900,7776.00,7776.25,7775.25,7775.25
1790566200,7775.50,7775.75,7773.25,7773.25
1790566500,7773.00,7774.50,7771.75,7773.75
1790566800,7774.00,7775.75,7772.50,7775.25
1790567100,7775.50,7777.00,7774.50,7776.50
1790567400,7776.50,7776.50,7774.00,7775.50
1790567700,7775.75,7775.75,7772.25,7772.50
1790568000,7772.75,7773.50,7771.50,7773.00
1790568300,7773.00,7775.00,7772.25,7774.50
1790568600,7774.75,7777.50,7774.75,7777.25
1790568900,7777.25,7777.25,7775.25,7777.00
1790569200,7777.25,7778.75,7777.25,7778.50
1790569500,7778.50,7778.50,7775.50,7776.75
1790569800,7776.50,7776.75,7775.50,7776.25
1790570100,7776.50,7777.00,7775.75,7776.50
1790570400,7776.50,7777.00,7776.00,7776.50
1790570700,7776.25,7776.50,7774.50,7775.00
1790571000,7775.25,7777.00,7775.25,7776.00
1790571300,7776.00,7776.50,7774.75,7775.25
1790571600,7775.25,7779.00,7775.25,7777.25
1790571900,7777.25,7777.75,7775.50,7776.25
1790572200,7776.25,7777.00,7773.50,7775.25
1790572500,7775.25,7776.25,7773.75,7774.50
1790572800,7774.50,7775.00,7773.00,7774.50
1790573100,7774.25,7776.75,7773.75,7775.25
1790573400,7775.25,7775.75,7772.00,7773.25
1790573700,7773.50,7775.25,7771.25,7772.00
1790574000,7772.00,7773.00,7770.50,7772.25
1790574300,7772.25,7774.25,7771.25,7773.50
1790574600,7773.75,7775.00,7772.25,7773.25
1790574900,7773.50,7777.00,7773.25,7775.75
1790575200,7776.00,7779.50,7774.75,7775.00
1790575500,7775.00,7781.50,7774.00,7780.00
1790575800,7780.00,7783.25,7777.00,7778.00
1790576100,7777.75,7779.50,7774.25,7774.75
1790576400,7774.75,7775.00,7771.25,7771.25
1790576700,7771.50,7771.75,7768.50,7769.50
1790577000,7769.25,7773.25,7768.25,7770.75
1790577300,7771.00,7774.00,7771.00,7773.50
1790577600,7773.50,7775.50,7771.50,7771.50
1790577900,7771.50,7774.75,7770.75,7774.75
1790578200,7774.75,7777.00,7772.50,7773.50
1790578500,7773.50,7776.75,7772.25,7776.25
1790578800,7776.25,7776.25,7770.25,7773.00
1790579100,7773.00,7773.25,7770.75,7772.00
1790579400,7772.00,7773.00,7768.25,7769.00
1790579700,7769.00,7770.75,7768.00,7770.00
1790580000,7770.25,7771.50,7767.50,7770.25
1790580300,7770.00,7772.00,7767.75,7768.75
1790580600,7768.75,7770.50,7766.75,7769.00
1790580900,7768.75,7770.50,7765.25,7768.25
1790581200,7768.25,7772.00,7765.25,7766.25
1790581500,7766.00,7772.25,7766.00,7771.50
1790581800,7771.50,7773.00,7768.50,7772.75
1790582100,7773.00,7775.25,7770.25,7771.00
1790582400,7771.00,7772.75,7768.25,7771.00
1790582700,7771.00,7772.75,7768.25,7771.50
1790583000,7771.25,7775.50,7770.25,7775.50
1790583300,7775.50,7776.75,7770.75,7771.25
1790583600,7771.25,7771.75,7768.50,7770.00
1790583900,7770.00,7774.25,7770.00,7774.00
1790584200,7774.00,7775.25,7771.25,7771.75
1790584500,7771.75,7772.25,7765.25,7767.50
1790584800,7767.50,7770.25,7767.00,7768.00
1790585100,7768.00,7769.50,7766.00,7768.75
1790585400,7768.50,7770.50,7767.00,7767.75
1790585700,7768.00,7769.25,7767.00,7767.75
1790586000,7767.25,7772.00,7764.25,7764.75
1790586300,7764.75,7766.00,7761.25,7761.75
1790586600,7761.75,7762.75,7760.00,7761.00
1790586900,7761.00,7765.75,7760.00,7765.75
1790587200,7765.75,7768.50,7765.50,7766.50
1790587500,7766.50,7766.75,7763.75,7766.25
1790587800,7766.25,7766.50,7761.25,7761.50
1790588100,7761.50,7765.25,7761.25,7763.50
1790588400,7763.50,7766.75,7763.25,7766.75
1790588700,7767.00,7768.25,7766.50,7767.50
1790589000,7767.75,7769.00,7765.75,7765.75
1790589300,7765.75,7766.75,7763.25,7764.75
1790589600,7764.75,7767.00,7764.00,7766.25
1790589900,7766.25,7766.25,7760.00,7761.25
1790590200,7761.00,7763.50,7757.00,7760.25
1790590500,7760.75,7762.75,7760.25,7760.25
1790590800,7760.25,7762.25,7759.50,7760.25
1790591100,7760.25,7762.00,7759.25,7762.00
1790591400,7761.75,7762.50,7759.50,7761.75
1790591700,7762.00,7762.75,7759.50,7760.50
1790592000,7760.50,7762.50,7760.25,7760.75
1790592300,7761.00,7763.00,7760.75,7762.25
1790592600,7762.00,7767.50,7761.50,7764.25
1790592900,7764.25,7764.50,7760.25,7761.50
1790593200,7761.50,7769.75,7761.50,7763.50
1790593500,7763.25,7764.25,7761.00,7764.25
1790593800,7764.25,7765.25,7762.00,7764.00
1790594100,7763.75,7770.75,7762.50,7762.75
1790594400,7763.00,7770.75,7762.50,7770.75
1790594700,7770.50,7770.50,7768.50,7770.25
1790595000,7770.00,7770.25,7766.00,7768.50
1790595300,7768.50,7769.25,7767.00,7768.25
1790595600,7768.25,7769.75,7767.25,7768.75
1790595900,7768.75,7769.75,7767.75,7768.50
1790596200,7768.50,7769.50,7766.25,7767.00
1790596500,7766.75,7770.00,7766.50,7768.25
1790596800,7768.25,7778.50,7762.75,7775.50
1790597100,7775.25,7779.50,7773.50,7776.25
1790597400,7776.25,7779.00,7773.25,7776.25
1790597700,7776.00,7779.25,7775.50,7779.00
1790598000,7778.75,7781.00,7772.75,7776.00
1790598300,7776.00,7781.25,7774.50,7774.50
1790598600,7774.50,7779.00,7773.75,7778.25
1790598900,7778.00,7778.50,7775.25,7776.75
1790599200,7776.75,7778.25,7774.00,7778.25
1790599500,7778.25,7780.50,7776.25,7777.00
1790599800,7777.00,7781.00,7776.50,7780.25
1790600100,7780.25,7781.75,7777.25,7780.75
1790600400,7780.50,7780.50,7774.50,7775.25
1790600700,7775.00,7776.75,7774.00,7776.00
1790601000,7776.00,7777.00,7775.25,7775.75
1790601300,7775.75,7778.25,7773.50,7774.75
1790601600,7774.75,7775.25,7772.00,7773.25
1790601900,7773.25,7774.25,7769.50,7772.75
1790602200,7772.75,7775.25,7763.75,7766.50
1790602500,7766.50,7766.50,7758.75,7764.00
1790602800,7763.75,7766.75,7759.25,7765.00
1790603100,7765.00,7772.75,7762.75,7769.50
1790603400,7769.75,7774.75,7764.50,7771.75
1790603700,7771.75,7773.75,7765.50,7773.00
1790604000,7773.00,7773.75,7766.00,7766.25
1790604300,7766.50,7770.00,7763.75,7767.00
1790604600,7767.00,7767.75,7759.25,7762.00
1790604900,7762.25,7766.50,7760.00,7764.25
1790605200,7764.50,7769.00,7761.25,7766.50
1790605500,7766.50,7767.75,7762.75,7764.00
1790605800,7764.00,7764.25,7760.25,7761.25
1790606100,7761.25,7762.25,7753.00,7753.75
1790606400,7753.75,7755.00,7741.25,7741.75
1790606700,7741.75,7742.25,7726.25,7731.75
1790607000,7731.75,7737.25,7728.00,7728.50
1790607300,7728.50,7733.75,7726.00,7730.75
1790607600,7730.75,7736.75,7730.50,7735.25
1790607900,7735.25,7746.25,7733.00,7746.00
1790608200,7746.25,7747.25,7740.00,7741.00
1790608500,7741.00,7742.00,7737.00,7740.50
1790608800,7740.50,7740.50,7735.50,7738.00
1790609100,7738.00,7742.25,7735.50,7740.25
1790609400,7740.50,7741.25,7736.50,7740.00
1790609700,7740.00,7746.75,7738.75,7746.50
1790610000,7746.50,7746.75,7736.00,7739.00
1790610300,7738.75,7740.00,7736.50,7738.75
1790610600,7738.50,7741.75,7737.50,7741.75
1790610900,7741.75,7745.25,7741.25,7744.25
1790611200,7744.25,7745.75,7741.00,7742.25
1790611500,7742.25,7746.50,7740.75,7745.50
1790611800,7745.50,7748.25,7742.50,7743.25
1790612100,7743.25,7758.50,7743.00,7755.25
1790612400,7755.50,7769.25,7753.50,7768.25
1790612700,7768.25,7786.25,7767.75,7777.00
1790613000,7777.25,7778.00,7764.50,7768.75
1790613300,7768.75,7772.25,7763.75,7765.25
1790613600,7765.25,7767.00,7756.25,7760.25
1790613900,7760.25,7764.75,7756.75,7759.00
1790614200,7759.00,7763.50,7757.00,7762.50
1790614500,7762.50,7763.75,7760.50,7761.50
1790614800,7761.50,7761.75,7756.25,7759.00
1790615100,7759.00,7759.50,7755.00,7756.75
1790615400,7756.75,7783.50,7756.25,7779.75
1790615700,7779.75,7779.75,7763.25,7763.50
1790616000,7763.50,7765.50,7761.00,7764.00
1790616300,7763.75,7765.75,7759.25,7761.25
1790616600,7761.25,7766.00,7759.75,7762.50
1790616900,7762.50,7765.50,7759.00,7762.75
1790617200,7762.75,7764.50,7761.25,7762.75
1790617500,7762.75,7765.25,7760.75,7764.50
1790617800,7764.50,7765.75,7762.00,7765.25
1790618100,7765.50,7766.00,7761.50,7763.75
1790618400,7763.50,7765.50,7759.50,7765.25
1790618700,7765.25,7765.50,7762.00,7763.75
1790619000,7763.75,7766.25,7762.75,7765.50
1790619300,7765.50,7766.50,7760.75,7761.00
1790619600,7761.00,7763.50,7757.50,7759.50
1790619900,7759.50,7761.50,7759.00,7760.00
1790620200,7760.00,7761.25,7756.00,7758.75
1790620500,7758.50,7760.25,7754.00,7755.00
1790620800,7755.00,7762.50,7753.75,7762.00
1790621100,7762.00,7763.75,7758.75,7762.25
1790621400,7762.25,7764.00,7758.25,7761.25
1790621700,7761.00,7762.75,7759.50,7760.75
1790622000,7760.75,7761.25,7753.50,7756.50
1790622300,7756.25,7757.50,7753.75,7754.00
1790622600,7754.00,7754.00,7748.75,7749.50
1790622900,7749.25,7751.75,7747.00,7750.00
1790623200,7750.00,7752.00,7749.00,7751.25
1790623500,7751.25,7753.25,7749.00,7751.00
1790623800,7750.75,7751.50,7746.50,7749.50
1790624100,7749.50,7751.50,7742.00,7742.75
1790624400,7743.00,7747.00,7742.25,7745.50
1790624700,7745.50,7748.25,7743.00,7744.00
1790625000,7744.00,7746.25,7739.50,7739.75
1790625300,7739.75,7748.25,7739.25,7746.50
1790625600,7746.25,7749.00,7745.75,7747.75
1790625900,7748.00,7748.00,7743.25,7745.00
1790626200,7744.75,7745.50,7742.75,7744.00
1790626500,7744.00,7744.75,7742.50,7744.50
1790626800,7744.75,7745.50,7744.00,7744.75
1790627100,7744.75,7746.00,7744.50,7745.75
1790627400,7745.75,7745.75,7744.25,7744.75
1790627700,7744.75,7745.00,7744.25,7744.25
1790628000,7744.50,7745.00,7743.25,7743.25
1790628300,7743.25,7744.00,7742.25,7742.50
1790628600,7742.25,7743.00,7740.50,7743.00
1790628900,7742.75,7748.00,7742.75,7746.25
1790632800,7746.50,7748.25,7741.00,7743.00
1790633100,7743.00,7749.50,7742.00,7749.25
1790633400,7749.25,7752.75,7747.75,7751.00
1790633700,7751.00,7752.50,7749.75,7750.75
1790634000,7750.50,7751.00,7749.50,7749.75
1790634300,7750.00,7751.50,7749.50,7751.00
1790634600,7751.00,7751.50,7749.25,7750.00
1790634900,7750.00,7750.50,7749.25,7749.50
1790635200,7749.50,7750.00,7749.25,7749.50
1790635500,7749.25,7750.00,7748.75,7749.50
1790635800,7749.50,7750.50,7749.50,7749.75
1790636100,7749.75,7750.50,7749.25,7750.25
1790636400,7750.00,7750.25,7749.00,7749.00
1790636700,7749.25,7750.25,7749.25,7750.00
1790637000,7749.75,7750.25,7748.50,7749.00
1790637300,7749.25,7750.50,7749.25,7749.75
1790637600,7749.75,7751.75,7749.75,7751.25
1790637900,7751.25,7751.25,7750.25,7751.00
1790638200,7751.00,7751.25,7749.00,7749.75
1790638500,7749.75,7750.25,7748.25,7750.25
1790638800,7750.25,7751.25,7749.75,7750.00
1790639100,7750.25,7750.25,7745.25,7746.75
1790639400,7746.50,7750.75,7746.00,7750.75
1790639700,7750.50,7751.00,7747.50,7747.50
1790640000,7747.50,7750.75,7745.50,7750.25
1790640300,7750.00,7751.50,7747.50,7749.50
1790640600,7749.75,7749.75,7745.75,7748.00
1790640900,7748.00,7749.00,7739.25,7741.50
1790641200,7741.25,7742.75,7739.25,7740.25
1790641500,7740.00,7743.00,7739.75,7740.75
1790641800,7740.75,7742.75,7738.00,7742.25
1790642100,7742.25,7744.00,7741.50,7741.50
1790642400,7741.50,7743.00,7740.50,7741.75
1790642700,7741.50,7741.75,7736.25,7736.50
1790643000,7736.50,7737.75,7736.00,7737.50
1790643300,7737.50,7739.00,7735.25,7735.25
1790643600,7735.50,7739.50,7735.00,7737.75
1790643900,7737.50,7737.50,7734.00,7736.25
1790644200,7736.25,7736.25,7733.50,7734.50
1790644500,7734.50,7735.50,7729.25,7729.50
1790644800,7729.75,7736.25,7729.50,7734.00
1790645100,7733.75,7736.00,7733.50,7735.50
1790645400,7735.75,7739.50,7734.75,7736.25
1790645700,7736.25,7737.25,7735.00,7736.25
1790646000,7736.25,7737.75,7735.50,7736.50
1790646300,7736.25,7737.00,7734.50,7735.00
1790646600,7735.00,7737.00,7734.00,7736.00
1790646900,7736.25,7736.75,7735.25,7736.00
1790647200,7736.25,7737.00,7735.25,7735.75
1790647500,7735.50,7735.75,7734.00,7735.00
1790647800,7734.75,7739.50,7734.50,7737.75
1790648100,7737.75,7740.50,7736.00,7740.50
1790648400,7740.50,7740.50,7735.75,7737.25
1790648700,7737.00,7737.50,7735.50,7737.00
1790649000,7737.00,7738.00,7732.50,7733.75
1790649300,7734.00,7735.50,7732.50,7735.00
1790649600,7735.25,7735.25,7732.00,7733.50
1790649900,7733.50,7735.00,7732.75,7732.75
1790650200,7732.50,7733.00,7727.50,7727.75
1790650500,7728.00,7731.25,7727.50,7730.75
1790650800,7731.00,7732.75,7728.25,7728.50
1790651100,7728.50,7729.25,7727.00,7727.75
1790651400,7727.75,7728.75,7725.50,7726.50
1790651700,7726.50,7732.25,7726.00,7731.75
1790652000,7732.00,7735.00,7731.75,7734.25
1790652300,7734.50,7735.00,7733.25,7733.75
1790652600,7733.50,7734.00,7731.50,7733.00
1790652900,7733.25,7734.25,7731.50,7733.50
1790653200,7733.50,7736.50,7733.25,7734.50
1790653500,7734.50,7734.75,7732.75,7733.00
1790653800,7733.25,7733.25,7730.00,7730.25
1790654100,7730.00,7730.25,7725.50,7727.75
1790654400,7727.75,7728.50,7725.25,7726.25
1790654700,7726.25,7727.25,7725.50,7727.00
1790655000,7727.00,7727.75,7725.75,7726.75
1790655300,7726.75,7728.50,7726.50,7728.25
1790655600,7728.50,7729.00,7727.75,7729.00
1790655900,7729.00,7729.50,7726.75,7727.00
1790656200,7726.75,7728.25,7725.50,7727.75
1790656500,7727.75,7727.75,7726.00,7726.25
1790656800,7726.25,7727.25,7725.50,7726.50
1790657100,7726.50,7727.00,7725.50,7726.50
1790657400,7726.50,7728.50,7726.00,7727.50
1790657700,7727.25,7727.50,7726.50,7726.75
1790658000,7726.50,7729.50,7726.50,7726.75
1790658300,7726.75,7727.50,7725.50,7726.75
1790658600,7726.75,7727.50,7724.00,7727.00
1790658900,7727.00,7729.75,7726.00,7728.00
1790659200,7728.00,7728.50,7726.75,7727.50
1790659500,7727.25,7727.25,7724.00,7725.00
1790659800,7724.75,7725.00,7718.50,7719.00
1790660100,7719.00,7723.50,7716.00,7723.50
1790660400,7723.25,7726.00,7721.25,7723.00
1790660700,7722.75,7727.25,7720.75,7726.75
1790661000,7726.50,7728.50,7725.75,7726.75
1790661300,7726.75,7728.50,7726.75,7728.50
1790661600,7728.75,7732.25,7727.75,7731.75
1790661900,7731.50,7735.75,7731.25,7735.25
1790662200,7735.75,7740.25,7735.50,7738.25
1790662500,7738.25,7739.25,7734.75,7735.50
1790662800,7735.75,7738.75,7734.50,7737.75
1790663100,7737.75,7741.50,7737.00,7741.00
1790663400,7741.00,7744.50,7741.00,7744.00
1790663700,7744.00,7744.25,7742.50,7743.50
1790664000,7743.50,7745.25,7743.50,7745.25
1790664300,7745.25,7745.50,7743.75,7745.25
1790664600,7745.00,7745.50,7744.00,7744.75
1790664900,7744.50,7744.50,7741.00,7742.75
1790665200,7743.00,7743.25,7738.50,7742.25
1790665500,7742.50,7743.50,7740.50,7743.25
1790665800,7743.25,7743.50,7740.00,7741.50
1790666100,7741.75,7742.50,7740.50,7742.00
1790666400,7742.00,7745.50,7742.00,7745.00
1790666700,7745.25,7748.25,7745.00,7745.50
1790667000,7745.50,7750.00,7745.00,7749.50
1790667300,7749.25,7754.50,7749.00,7751.25
1790667600,7751.25,7751.25,7746.25,7747.25
1790667900,7747.00,7748.00,7745.75,7745.75
1790668200,7745.75,7746.00,7744.25,7744.75
1790668500,7744.50,7744.75,7742.25,7742.75
1790668800,7742.75,7747.00,7742.50,7743.75
1790669100,7744.00,7745.00,7740.50,7741.25
1790669400,7741.50,7742.75,7740.75,7741.50
1790669700,7741.50,7745.50,7741.25,7745.00
1790670000,7745.25,7748.50,7743.50,7744.50
1790670300,7744.50,7745.25,7742.75,7743.75
1790670600,7743.75,7745.50,7742.75,7743.25
1790670900,7743.25,7747.25,7742.75,7746.75
1790671200,7746.50,7748.25,7744.50,7748.25
1790671500,7748.25,7748.75,7747.25,7747.75
1790671800,7748.00,7748.00,7741.00,7741.50
1790672100,7741.50,7745.75,7741.25,7745.25
1790672400,7745.25,7747.25,7742.25,7743.75
1790672700,7743.75,7744.50,7742.00,7744.25
1790673000,7744.25,7745.00,7742.50,7742.50
1790673300,7742.50,7743.00,7740.25,7743.00
1790673600,7742.75,7742.75,7738.00,7739.25
1790673900,7739.25,7739.50,7737.75,7738.00
1790674200,7737.75,7739.00,7736.25,7738.75
1790674500,7738.75,7739.75,7738.00,7739.25
1790674800,7739.25,7742.75,7738.25,7742.75
1790675100,7742.75,7745.50,7741.00,7742.50
1790675400,7742.50,7745.25,7738.75,7742.50
1790675700,7742.50,7743.75,7736.75,7738.50
1790676000,7738.50,7741.75,7738.00,7741.50
1790676300,7741.75,7746.00,7741.50,7745.75
1790676600,7746.00,7747.25,7745.00,7745.00
1790676900,7745.00,7745.00,7742.75,7742.75
1790677200,7742.75,7744.75,7742.50,7743.75
1790677500,7743.75,7747.00,7743.50,7747.00
1790677800,7747.25,7748.50,7743.25,7743.75
1790678100,7743.75,7747.00,7743.50,7746.75
1790678400,7746.75,7747.25,7745.50,7747.00
1790678700,7747.25,7748.75,7746.50,7747.75
1790679000,7748.00,7750.00,7746.50,7749.00
1790679300,7749.00,7753.50,7747.25,7753.25
1790679600,7753.50,7758.50,7753.00,7756.00
1790679900,7756.00,7758.50,7752.75,7753.75
1790680200,7753.50,7753.75,7751.75,7753.50
1790680500,7753.50,7757.25,7753.25,7755.50
1790680800,7755.50,7757.75,7754.50,7757.50
1790681100,7757.75,7759.00,7756.25,7757.25
1790681400,7757.25,7760.25,7756.00,7758.75
1790681700,7758.50,7760.50,7758.50,7759.75
1790682000,7759.75,7760.25,7756.75,7759.00
1790682300,7758.75,7770.75,7755.25,7766.00
1790682600,7766.25,7767.50,7760.00,7763.00
1790682900,7763.25,7764.25,7762.25,7763.00
1790683200,7763.00,7767.25,7762.75,7766.25
1790683500,7766.25,7766.25,7763.25,7763.75
1790683800,7764.00,7766.00,7763.00,7763.75
1790684100,7764.00,7767.00,7762.00,7762.75
1790684400,7762.75,7763.75,7759.00,7760.00
1790684700,7760.00,7760.00,7755.75,7759.25
1790685000,7759.00,7760.00,7756.75,7758.25
1790685300,7758.00,7758.75,7755.75,7756.00
1790685600,7756.00,7758.50,7755.50,7757.75
1790685900,7758.00,7758.00,7753.50,7755.75
1790686200,7755.75,7756.00,7753.00,7753.50
1790686500,7753.75,7754.25,7751.75,7752.50
1790686800,7752.75,7755.75,7752.25,7753.25
1790687100,7753.00,7756.25,7752.75,7756.25
1790687400,7756.50,7757.75,7755.00,7757.50
1790687700,7757.50,7757.75,7754.75,7755.25
1790688000,7755.00,7756.50,7753.75,7755.50
1790688300,7755.25,7759.00,7755.25,7757.50
1790688600,7757.50,7758.50,7740.75,7743.25
1790688900,7743.25,7747.75,7742.25,7747.75
1790689200,7748.00,7749.00,7739.00,7740.50
1790689500,7740.50,7744.75,7735.75,7739.50
1790689800,7739.50,7744.75,7738.00,7741.75
1790690100,7742.00,7746.00,7734.75,7736.25
1790690400,7736.25,7745.75,7736.00,7738.50
1790690700,7738.25,7740.75,7735.25,7739.75
1790691000,7739.50,7744.25,7735.75,7741.00
1790691300,7741.00,7745.25,7737.50,7743.50
1790691600,7743.75,7745.25,7737.00,7739.25
1790691900,7739.25,7747.00,7738.75,7742.00
1790692200,7742.00,7745.75,7738.25,7742.25
1790692500,7742.25,7743.50,7738.50,7742.50
1790692800,7742.50,7746.75,7737.25,7740.00
1790693100,7740.00,7741.75,7733.25,7734.25
1790693400,7734.00,7744.75,7733.75,7744.25
1790693700,7744.50,7745.00,7737.00,7737.75
1790694000,7737.75,7738.25,7731.00,7731.50
1790694300,7731.25,7733.25,7727.50,7729.75
1790694600,7729.50,7731.50,7724.50,7730.75
1790694900,7730.50,7732.50,7721.75,7722.00
1790695200,7721.75,7722.75,7715.25,7717.75
1790695500,7718.00,7720.50,7714.50,7718.50
1790695800,7718.50,7728.00,7717.50,7727.00
1790696100,7727.25,7730.75,7725.50,7727.75
1790696400,7727.75,7728.25,7723.50,7726.50
1790696700,7726.75,7732.25,7722.25,7728.25
1790697000,7728.25,7730.25,7718.00,7720.00
1790697300,7720.00,7722.25,7718.50,7722.25
1790697600,7722.25,7722.25,7715.50,7716.50
1790697900,7716.50,7723.00,7715.25,7721.50
1790698200,7721.75,7723.50,7717.25,7718.75
1790698500,7718.50,7721.25,7718.00,7720.50
1790698800,7720.75,7723.50,7717.75,7720.25
1790699100,7720.25,7724.75,7720.00,7723.00
1790699400,7723.00,7723.00,7720.00,7721.25
1790699700,7721.00,7723.75,7721.00,7723.25
1790700000,7723.00,7723.25,7715.25,7715.50
1790700300,7715.50,7720.50,7713.00,7719.25
1790700600,7719.00,7722.25,7717.50,7719.50
1790700900,7719.50,7719.50,7714.25,7718.50
1790701200,7718.50,7718.50,7712.25,7715.75
1790701500,7715.50,7716.75,7714.00,7714.25
1790701800,7714.25,7718.00,7713.50,7716.50
1790702100,7716.50,7717.25,7712.25,7714.50
1790702400,7714.50,7719.25,7713.00,7719.25
1790702700,7719.25,7720.75,7717.75,7719.75
1790703000,7719.75,7722.00,7718.00,7721.25
1790703300,7721.25,7722.25,7719.25,7720.75
1790703600,7720.75,7722.25,7717.00,7721.75
1790703900,7721.75,7723.75,7719.00,7719.50
1790704200,7719.50,7720.50,7714.50,7716.50
1790704500,7716.25,7716.50,7712.50,7715.00
1790704800,7715.25,7727.75,7715.00,7726.00
1790705100,7726.00,7729.25,7718.75,7719.00
1790705400,7719.25,7727.50,7718.50,7726.50
1790705700,7726.50,7729.00,7725.50,7728.00
1790706000,7728.00,7733.00,7726.75,7728.00
1790706300,7728.00,7731.00,7727.00,7728.00
1790706600,7728.25,7732.75,7724.25,7727.25
1790706900,7727.00,7738.00,7726.25,7737.50
1790707200,7737.50,7742.00,7735.00,7737.25
1790707500,7737.25,7738.50,7732.50,7735.25
1790707800,7735.25,7736.75,7733.75,7734.50
1790708100,7734.50,7737.75,7733.25,7737.25
1790708400,7737.25,7739.25,7735.75,7739.00
1790708700,7738.75,7739.25,7735.75,7736.00
1790709000,7735.75,7737.00,7731.75,7732.25
1790709300,7732.50,7734.50,7731.25,7733.75
1790709600,7733.75,7737.00,7732.25,7734.50
1790709900,7734.50,7735.75,7733.00,7734.75
1790710200,7734.75,7737.25,7732.50,7734.50
1790710500,7734.50,7735.75,7733.25,7734.00
1790710800,7734.00,7734.25,7729.00,7730.00
1790711100,7730.25,7732.50,7728.00,7731.25
1790711400,7731.25,7737.50,7730.25,7735.00
1790711700,7735.25,7735.25,7727.00,7732.50
1790712000,7732.50,7738.75,7732.00,7736.25
1790712300,7736.00,7736.25,7733.75,7735.00
1790712600,7735.00,7737.00,7734.25,7735.75
1790712900,7735.75,7736.50,7734.75,7736.25
1790713200,7736.50,7736.75,7735.25,7736.25
1790713500,7736.25,7738.50,7735.75,7738.25
1790713800,7738.25,7740.00,7737.50,7739.75
1790714100,7740.00,7740.50,7738.25,7740.25
1790714400,7740.25,7741.25,7739.75,7741.00
1790714700,7740.75,7741.00,7739.25,7739.75
1790715000,7739.75,7739.75,7738.25,7739.25
1790715300,7739.25,7739.50,7737.50,7738.25
1790719200,7739.00,7744.50,7738.00,7744.00
1790719500,7743.50,7746.00,7743.25,7745.75
1790719800,7745.75,7747.00,7744.50,7744.75
1790720100,7744.50,7748.50,7744.50,7748.00
1790720400,7748.25,7749.25,7745.75,7746.00
1790720700,7746.00,7746.75,7742.75,7743.75
1790721000,7743.50,7744.25,7740.50,7742.50
1790721300,7742.75,7743.25,7741.75,7742.25
1790721600,7742.50,7743.25,7742.25,7743.00
1790721900,7742.75,7742.75,7742.00,7742.75
1790722200,7742.50,7743.50,7742.25,7742.75
1790722500,7742.75,7743.00,7742.00,7742.25
1790722800,7742.50,7743.00,7741.75,7742.00
1790723100,7742.00,7743.00,7741.75,7742.75
1790723400,7742.75,7744.00,7742.75,7743.75
1790723700,7743.75,7744.50,7743.50,7743.75
1790724000,7744.00,7744.00,7743.00,7743.50
1790724300,7743.50,7745.00,7743.25,7744.75
1790724600,7744.75,7745.75,7743.75,7745.50
1790724900,7745.75,7748.25,7745.75,7747.75
1790725200,7747.75,7748.25,7746.50,7747.00
1790725500,7747.25,7749.75,7746.75,7749.00
1790725800,7748.75,7749.50,7747.75,7749.00
1790726100,7749.00,7750.75,7749.00,7750.75
1790726400,7750.50,7750.50,7749.00,7750.00
1790726700,7749.75,7755.75,7749.50,7752.25
1790727000,7752.50,7753.25,7750.75,7752.75
1790727300,7752.50,7753.75,7749.25,7749.75
1790727600,7750.00,7750.25,7748.75,7749.00
1790727900,7749.25,7749.75,7747.00,7748.00
1790728200,7747.75,7749.75,7747.50,7749.50
1790728500,7749.50,7749.50,7744.75,7745.00
1790728800,7745.00,7746.50,7744.75,7745.50
1790729100,7745.50,7745.75,7742.75,7743.75
1790729400,7743.75,7744.00,7742.25,7742.75
1790729700,7742.75,7745.00,7742.75,7744.50
1790730000,7744.25,7745.75,7743.50,7744.75
1790730300,7744.75,7745.00,7742.25,7743.50
1790730600,7743.50,7743.75,7741.25,7742.50
1790730900,7742.50,7743.25,7742.25,7743.00
1790731200,7742.75,7743.75,7741.50,7742.25
1790731500,7742.00,7742.50,7740.75,7740.75
1790731800,7741.00,7745.25,7740.50,7744.50
1790732100,7744.50,7746.00,7741.75,7743.00
1790732400,7743.00,7745.25,7743.00,7744.00
1790732700,7744.25,7745.25,7743.25,7745.00
1790733000,7745.00,7746.00,7744.00,7745.75
1790733300,7745.75,7746.75,7744.75,7746.75
1790733600,7746.75,7748.75,7746.75,7747.00
1790733900,7747.25,7747.75,7744.50,7745.00
1790734200,7745.00,7745.50,7742.25,7744.75
1790734500,7744.75,7747.75,7744.50,7746.75
1790734800,7746.50,7748.25,7746.00,7746.75
1790735100,7746.75,7747.00,7745.25,7746.00
1790735400,7745.75,7746.50,7742.25,7742.50
1790735700,7742.50,7744.25,7741.25,7742.50
1790736000,7742.25,7743.25,7741.25,7743.25
1790736300,7743.00,7746.75,7742.50,7745.25
1790736600,7745.00,7746.00,7744.50,7745.50
1790736900,7745.75,7746.00,7742.00,7743.25
1790737200,7743.25,7745.50,7743.25,7745.00
1790737500,7745.25,7745.25,7742.75,7743.75
1790737800,7743.50,7744.25,7742.50,7743.25
1790738100,7743.50,7744.50,7743.00,7743.75
1790738400,7743.50,7744.75,7743.00,7743.75
1790738700,7743.75,7744.75,7742.75,7744.50
1790739000,7744.50,7748.50,7743.75,7747.50
1790739300,7747.50,7750.50,7745.75,7749.25
1790739600,7749.00,7750.25,7747.75,7748.00
1790739900,7748.25,7749.50,7747.25,7748.75
1790740200,7749.00,7750.00,7748.25,7749.75
1790740500,7749.50,7750.00,7748.75,7749.25
1790740800,7749.25,7750.50,7748.50,7750.50
1790741100,7750.25,7751.00,7748.75,7749.50
1790741400,7749.50,7750.75,7749.25,7750.25
1790741700,7750.50,7751.25,7749.75,7750.75
1790742000,7750.75,7751.25,7749.25,7750.25
1790742300,7750.25,7751.50,7750.25,7750.75
1790742600,7750.75,7753.25,7749.75,7752.00
1790742900,7752.00,7753.25,7752.00,7752.75
1790743200,7752.75,7753.25,7752.00,7752.25
1790743500,7752.25,7752.50,7750.75,7751.25
1790743800,7751.00,7751.00,7749.00,7749.25
1790744100,7749.00,7750.25,7748.50,7750.00
1790744400,7750.25,7752.00,7748.25,7748.50
1790744700,7748.25,7748.75,7747.00,7748.25
1790745000,7748.25,7748.25,7744.50,7744.50
1790745300,7744.50,7745.50,7741.25,7745.50
1790745600,7745.50,7746.75,7744.75,7746.25
1790745900,7746.25,7746.50,7743.50,7746.00
1790746200,7745.75,7748.00,7745.75,7747.75
1790746500,7747.50,7749.50,7745.25,7745.25
1790746800,7745.25,7746.75,7744.50,7745.75
1790747100,7745.75,7747.00,7743.50,7744.50
1790747400,7744.50,7745.00,7741.75,7742.00
1790747700,7742.00,7750.00,7741.25,7746.25
1790748000,7746.00,7749.00,7744.00,7745.50
1790748300,7745.50,7746.75,7744.00,7745.25
1790748600,7745.50,7747.00,7744.00,7744.00
1790748900,7744.25,7747.00,7744.00,7745.75
1790749200,7745.75,7747.00,7745.00,7745.25
1790749500,7745.00,7745.25,7742.00,7742.75
1790749800,7742.50,7743.25,7738.75,7739.00
1790750100,7739.25,7740.25,7736.50,7737.25
1790750400,7737.00,7739.00,7735.25,7738.75
1790750700,7738.50,7738.50,7734.00,7736.75
1790751000,7737.00,7741.00,7736.75,7740.25
1790751300,7740.25,7743.25,7739.00,7739.25
1790751600,7739.00,7745.50,7738.25,7745.25
1790751900,7745.25,7748.00,7744.50,7745.50
1790752200,7745.75,7749.50,7745.50,7749.00
1790752500,7749.00,7755.25,7748.75,7753.50
1790752800,7753.50,7754.75,7751.75,7753.00
1790753100,7752.75,7753.50,7748.25,7749.25
1790753400,7749.25,7751.75,7748.50,7751.25
1790753700,7751.25,7753.50,7751.25,7753.25
1790754000,7753.25,7754.50,7751.75,7751.75
1790754300,7751.50,7754.00,7751.50,7753.75
1790754600,7753.75,7755.25,7753.00,7753.50
1790754900,7753.75,7754.50,7752.50,7754.00
1790755200,7753.75,7756.50,7752.50,7753.75
1790755500,7753.50,7753.75,7749.50,7750.50
1790755800,7750.75,7751.75,7748.75,7749.50
1790756100,7749.50,7751.75,7748.00,7749.00
1790756400,7749.00,7750.75,7748.75,7750.75
1790756700,7750.75,7752.25,7750.00,7751.00
1790757000,7751.25,7752.75,7748.50,7752.25
1790757300,7752.00,7752.50,7749.25,7749.25
1790757600,7749.50,7749.75,7745.75,7746.25
1790757900,7746.25,7749.25,7745.75,7748.75
1790758200,7748.75,7748.75,7745.25,7745.25
1790758500,7745.25,7746.00,7743.00,7743.25
1790758800,7743.00,7744.00,7741.75,7743.50
1790759100,7743.50,7743.75,7737.75,7739.25
1790759400,7739.25,7744.25,7739.00,7744.25
1790759700,7744.25,7745.25,7742.25,7743.25
1790760000,7743.25,7743.75,7741.00,7741.75
1790760300,7741.75,7742.25,7740.00,7741.00
1790760600,7741.00,7746.00,7741.00,7744.25
1790760900,7744.00,7744.00,7740.00,7740.50
1790761200,7740.75,7741.00,7737.25,7739.00
1790761500,7739.25,7740.25,7738.50,7739.25
1790761800,7739.25,7740.25,7738.75,7739.50
1790762100,7739.50,7740.75,7739.25,7740.50
1790762400,7740.25,7740.50,7737.75,7737.75
1790762700,7737.75,7738.75,7736.50,7737.00
1790763000,7737.00,7737.50,7734.25,7734.50
1790763300,7734.50,7738.50,7733.00,7736.00
1790763600,7735.50,7738.00,7735.00,7737.50
1790763900,7737.25,7738.50,7734.75,7734.75
1790764200,7735.00,7735.50,7733.25,7734.00
1790764500,7734.25,7735.50,7732.50,7735.25
1790764800,7735.25,7736.00,7733.50,7734.25
1790765100,7734.25,7734.50,7733.00,7733.50
1790765400,7733.50,7735.50,7733.00,7734.75
1790765700,7734.75,7736.50,7733.00,7733.25
1790766000,7733.00,7733.00,7728.75,7729.25
1790766300,7729.50,7730.50,7725.00,7725.50
1790766600,7725.50,7725.75,7720.75,7723.75
1790766900,7723.50,7723.75,7719.75,7720.00
1790767200,7720.25,7730.50,7719.50,7730.50
1790767500,7730.25,7734.25,7730.25,7732.50
1790767800,7732.50,7735.75,7731.75,7735.25
1790768100,7735.50,7736.00,7733.75,7734.75
1790768400,7735.00,7735.00,7731.75,7733.25
1790768700,7733.25,7735.75,7726.75,7727.75
1790769000,7727.75,7731.50,7725.50,7731.25
1790769300,7731.25,7736.50,7730.75,7736.00
1790769600,7735.50,7738.00,7731.50,7734.00
1790769900,7734.00,7734.50,7730.75,7732.25
1790770200,7732.00,7735.75,7731.50,7735.50
1790770500,7735.00,7735.75,7728.75,7731.25
1790770800,7731.25,7738.25,7731.25,7738.25
1790771100,7738.00,7745.00,7736.25,7744.00
1790771400,7743.25,7771.25,7741.50,7764.25
1790771700,7764.25,7766.75,7753.50,7755.25
1790772000,7755.25,7763.50,7755.25,7758.50
1790772300,7758.50,7760.25,7750.50,7754.00
1790772600,7754.25,7760.50,7751.50,7759.50
1790772900,7759.25,7759.75,7753.75,7754.50
1790773200,7754.50,7761.25,7754.25,7761.00
1790773500,7761.25,7764.00,7758.50,7760.50
1790773800,7760.25,7763.00,7756.75,7757.75
1790774100,7757.50,7759.25,7752.50,7752.50
1790774400,7752.75,7754.25,7748.75,7752.50
1790774700,7752.25,7757.50,7750.00,7751.75
1790775000,7751.75,7760.75,7748.75,7755.00
1790775300,7755.00,7757.25,7749.00,7756.50
1790775600,7756.25,7758.50,7750.75,7754.25
1790775900,7754.25,7759.75,7748.00,7759.00
1790776200,7759.00,7761.75,7752.50,7761.00
1790776500,7761.00,7767.75,7758.00,7767.50
1790776800,7767.25,7775.00,7767.00,7773.75
1790777100,7773.75,7779.50,7772.00,7773.25
1790777400,7773.25,7773.75,7767.00,7769.00
1790777700,7769.25,7776.00,7769.25,7775.50
1790778000,7775.50,7779.00,7771.50,7772.00
1790778300,7772.00,7772.50,7762.50,7766.00
1790778600,7766.25,7770.25,7761.50,7763.25
1790778900,7763.25,7767.50,7760.25,7764.75
1790779200,7764.75,7771.75,7760.75,7764.00
1790779500,7764.00,7774.50,7763.25,7774.25
1790779800,7774.25,7782.00,7772.00,7780.00
1790780100,7780.00,7781.25,7772.75,7772.75
1790780400,7773.00,7773.25,7767.50,7773.00
1790780700,7772.75,7773.50,7766.25,7772.50
1790781000,7772.50,7774.25,7764.50,7769.50
1790781300,7769.25,7777.00,7769.00,7772.25
1790781600,7772.25,7772.50,7766.25,7768.50
1790781900,7768.50,7775.25,7766.00,7775.25
1790782200,7775.00,7778.00,7773.50,7774.00
1790782500,7774.00,7776.00,7770.25,7774.00
1790782800,7774.00,7776.00,7766.00,7767.50
1790783100,7767.50,7780.00,7766.00,7779.50
1790783400,7779.25,7780.25,7769.50,7769.75
1790783700,7769.75,7775.00,7768.25,7774.75
1790784000,7774.75,7777.75,7772.25,7776.25
1790784300,7776.50,7778.25,7774.75,7775.50
1790784600,7775.50,7778.50,7774.00,7777.50
1790784900,7777.50,7777.75,7769.00,7772.00
1790785200,7771.75,7772.50,7769.75,7770.25
1790785500,7770.25,7771.00,7767.25,7767.50
1790785800,7767.50,7768.25,7765.00,7767.50
1790786100,7767.50,7768.00,7763.75,7766.50
1790786400,7766.25,7772.50,7765.75,7771.25
1790786700,7771.00,7771.00,7764.25,7765.50
1790787000,7765.75,7768.50,7765.50,7767.00
1790787300,7767.00,7770.25,7765.50,7769.75
1790787600,7769.50,7772.00,7768.75,7769.75
1790787900,7769.75,7772.25,7769.50,7770.00
1790788200,7770.00,7770.50,7763.25,7764.25
1790788500,7764.25,7764.25,7755.00,7755.25
1790788800,7755.25,7759.00,7753.25,7757.25
1790789100,7757.25,7757.75,7749.50,7757.25
1790789400,7757.25,7761.00,7756.75,7759.00
1790789700,7759.25,7762.50,7757.50,7762.00
1790790000,7762.25,7764.75,7760.25,7762.25
1790790300,7762.50,7766.25,7759.50,7766.25
1790790600,7766.25,7767.25,7763.00,7764.75
1790790900,7764.75,7765.00,7762.75,7764.50
1790791200,7764.50,7764.75,7759.00,7760.75
1790791500,7761.00,7761.75,7756.00,7759.50
1790791800,7759.50,7763.00,7758.50,7761.00
1790792100,7760.75,7761.25,7757.00,7757.25
1790792400,7757.50,7758.00,7753.50,7753.50
1790792700,7753.50,7756.00,7750.50,7755.00
1790793000,7755.25,7756.00,7748.25,7749.75
1790793300,7749.75,7756.50,7749.00,7755.50
1790793600,7755.50,7757.00,7754.50,7756.00
1790793900,7756.00,7756.50,7748.75,7750.00
1790794200,7750.00,7751.50,7747.25,7749.50
1790794500,7749.25,7754.00,7749.00,7752.25
1790794800,7752.00,7755.75,7752.00,7755.00
1790795100,7755.00,7756.00,7753.50,7755.50
1790795400,7755.50,7756.00,7752.75,7755.50
1790795700,7755.25,7755.50,7752.00,7753.75
1790796000,7753.75,7754.00,7749.25,7750.00
1790796300,7750.25,7752.00,7749.25,7750.50
1790796600,7750.50,7751.25,7747.25,7748.25
1790796900,7748.50,7751.25,7744.00,7746.75
1790797200,7746.75,7748.00,7742.00,7744.50
1790797500,7744.50,7745.50,7740.00,7740.50
1790797800,7740.50,7740.50,7726.50,7727.00
1790798100,7727.25,7730.00,7709.25,7712.75
1790798400,7713.00,7719.75,7705.50,7712.75
1790798700,7712.75,7721.00,7711.75,7716.50
1790799000,7716.75,7722.75,7716.25,7721.75
1790799300,7721.50,7723.00,7719.00,7722.00
1790799600,7722.25,7725.00,7721.75,7724.25
1790799900,7724.50,7726.00,7723.25,7723.25
1790800200,7723.25,7723.50,7719.50,7722.00
1790800500,7721.75,7724.00,7721.00,7722.75
1790800800,7723.00,7723.00,7720.25,7721.00
1790801100,7721.25,7722.00,7719.50,7721.00
1790801400,7721.00,7722.75,7719.75,7722.75
1790801700,7722.50,7723.00,7720.00,7721.50
1790805600,7719.50,7726.00,7717.50,7722.00
1790805900,7722.00,7727.75,7722.00,7726.00
1790806200,7726.00,7727.75,7724.00,7727.50
1790806500,7727.25,7729.75,7726.50,7729.25
1790806800,7729.00,7731.50,7728.50,7730.75
1790807100,7730.75,7731.75,7730.00,7731.00
1790807400,7731.00,7732.00,7730.25,7730.75
1790807700,7731.00,7733.25,7730.25,7732.75
1790808000,7732.75,7736.00,7732.25,7734.25
1790808300,7734.25,7734.75,7733.75,7734.25
1790808600,7734.00,7734.75,7733.75,7734.00
1790808900,7734.00,7734.50,7733.25,7733.50
1790809200,7733.75,7735.50,7733.75,7734.75
1790809500,7734.75,7734.75,7733.25,7733.75
1790809800,7733.75,7733.75,7732.50,7733.75
1790810100,7734.00,7736.75,7734.00,7735.75
1790810400,7736.00,7738.25,7735.75,7738.00
1790810700,7738.00,7738.25,7735.75,7736.50
1790811000,7736.75,7739.75,7736.75,7739.50
1790811300,7739.25,7744.00,7738.50,7742.75
1790811600,7742.75,7744.50,7742.75,7743.25
1790811900,7743.25,7744.25,7742.50,7744.00
1790812200,7743.75,7745.25,7743.00,7744.25
1790812500,7744.25,7744.75,7743.25,7743.75
1790812800,7743.50,7744.00,7740.25,7740.50
1790813100,7740.50,7741.25,7737.25,7739.25
1790813400,7739.50,7741.00,7739.00,7740.25
1790813700,7740.25,7740.50,7734.50,7735.50
1790814000,7735.50,7736.75,7733.00,7734.50
1790814300,7734.50,7737.25,7734.25,7735.25
1790814600,7735.00,7735.00,7730.00,7730.25
1790814900,7730.25,7733.75,7730.25,7732.25
1790815200,7732.25,7740.50,7732.25,7739.75
1790815500,7739.75,7740.25,7735.75,7737.50
1790815800,7737.25,7737.50,7733.50,7733.50
1790816100,7733.75,7738.75,7733.50,7737.50
1790816400,7737.75,7739.75,7737.25,7738.50
1790816700,7738.50,7740.75,7738.25,7740.75
1790817000,7740.75,7743.00,7739.50,7739.50
1790817300,7739.75,7741.75,7737.50,7741.00
1790817600,7741.25,7743.75,7741.25,7743.25
1790817900,7743.00,7744.25,7741.25,7741.25
1790818200,7741.25,7743.00,7740.25,7742.50
1790818500,7742.50,7742.75,7740.25,7741.75
1790818800,7741.75,7741.75,7739.50,7740.25
1790819100,7740.50,7740.75,7737.25,7738.00
1790819400,7737.75,7740.25,7737.75,7739.75
1790819700,7739.50,7740.00,7737.50,7739.00
1790820000,7739.00,7740.50,7738.00,7739.50
1790820300,7739.50,7741.00,7738.00,7739.50
1790820600,7739.75,7742.00,7738.25,7738.75
1790820900,7738.75,7741.25,7738.50,7739.25
1790821200,7739.50,7742.50,7737.75,7741.00
1790821500,7740.75,7742.25,7739.00,7742.25
1790821800,7742.25,7743.00,7741.50,7742.25
1790822100,7742.25,7742.75,7741.00,7741.75
1790822400,7741.75,7743.00,7741.50,7742.25
1790822700,7742.00,7742.75,7740.50,7741.00
1790823000,7740.75,7742.25,7740.25,7741.75
1790823300,7741.75,7743.00,7741.00,7742.75
1790823600,7742.75,7745.00,7742.25,7742.75
1790823900,7742.75,7743.75,7742.75,7743.50
1790824200,7743.50,7744.50,7743.50,7743.50
1790824500,7743.75,7744.50,7742.50,7743.00
1790824800,7743.00,7743.50,7741.75,7742.50
1790825100,7742.75,7744.00,7742.50,7743.75
1790825400,7743.75,7743.75,7741.50,7742.00
1790825700,7742.00,7743.00,7741.25,7743.00
1790826000,7743.00,7744.00,7742.25,7743.75
1790826300,7743.75,7744.00,7742.75,7744.00
1790826600,7744.00,7746.75,7743.75,7746.50
1790826900,7746.25,7748.25,7745.75,7747.75
1790827200,7747.50,7750.00,7747.50,7749.75
1790827500,7749.75,7750.50,7748.75,7749.00
1790827800,7749.00,7750.50,7748.75,7749.75
1790828100,7749.75,7750.00,7747.50,7748.25
1790828400,7748.25,7749.25,7747.75,7748.50
1790828700,7748.50,7749.75,7748.25,7749.00
1790829000,7749.00,7751.25,7748.75,7751.25
1790829300,7751.00,7752.25,7750.75,7751.00
1790829600,7751.00,7751.50,7749.75,7751.50
1790829900,7751.25,7754.00,7751.00,7753.25
1790830200,7753.50,7754.50,7752.75,7754.00
1790830500,7754.25,7755.75,7753.00,7755.75
1790830800,7756.00,7757.50,7755.50,7757.50
1790831100,7757.50,7759.75,7757.50,7758.75
1790831400,7758.75,7759.50,7757.75,7759.00
1790831700,7759.00,7760.50,7758.25,7760.25
1790832000,7760.00,7762.25,7760.00,7761.75
1790832300,7761.75,7764.75,7761.50,7764.50
1790832600,7764.50,7765.25,7763.00,7765.25
1790832900,7765.50,7766.75,7764.25,7764.75
1790833200,7764.75,7766.50,7763.75,7764.25
1790833500,7764.25,7764.25,7760.75,7762.00
1790833800,7762.00,7765.00,7762.00,7764.25
1790834100,7764.50,7764.50,7762.50,7764.50
1790834400,7764.25,7767.75,7764.00,7766.25
1790834700,7766.25,7766.50,7764.25,7764.25
1790835000,7764.50,7765.75,7762.75,7763.00
1790835300,7763.00,7763.25,7760.75,7761.25
1790835600,7761.25,7762.75,7760.75,7761.00
1790835900,7760.75,7763.25,7759.50,7763.25
1790836200,7763.00,7764.25,7759.00,7760.50
1790836500,7760.50,7761.75,7753.50,7753.75
1790836800,7753.75,7753.75,7749.50,7753.25
1790837100,7753.25,7755.00,7751.25,7752.00
1790837400,7752.00,7755.75,7752.00,7752.75
1790837700,7752.75,7753.50,7748.50,7748.50
1790838000,7748.50,7752.00,7745.00,7749.00
1790838300,7749.25,7752.50,7748.75,7750.75
1790838600,7750.75,7751.25,7736.75,7737.25
1790838900,7737.50,7738.00,7728.50,7729.50
1790839200,7729.50,7729.75,7720.25,7720.75
1790839500,7721.00,7721.25,7707.25,7708.25
1790839800,7708.00,7722.00,7707.75,7721.75
1790840100,7722.00,7723.25,7717.25,7717.25
1790840400,7717.50,7721.00,7713.25,7717.25
1790840700,7717.25,7718.25,7712.00,7713.50
1790841000,7713.75,7722.75,7713.75,7721.50
1790841300,7721.75,7723.50,7715.00,7715.50
1790841600,7715.50,7725.00,7715.00,7724.50
1790841900,7724.50,7726.25,7715.00,7716.00
1790842200,7716.00,7717.75,7714.25,7716.25
1790842500,7716.50,7716.75,7712.75,7713.50
1790842800,7713.25,7716.00,7711.00,7712.75
1790843100,7712.75,7717.00,7708.50,7708.50
1790843400,7708.50,7710.25,7705.00,7709.50
1790843700,7709.50,7718.50,7708.75,7717.50
1790844000,7717.25,7721.00,7716.50,7716.75
1790844300,7716.75,7717.00,7712.25,7715.25
1790844600,7715.25,7718.75,7712.50,7714.00
1790844900,7714.25,7720.75,7713.75,7720.50
1790845200,7720.50,7727.00,7719.75,7727.00
1790845500,7727.00,7728.25,7725.50,7727.00
1790845800,7727.00,7729.00,7726.50,7728.00
1790846100,7728.00,7729.25,7725.75,7726.75
1790846400,7726.75,7733.00,7726.50,7732.75
1790846700,7732.50,7733.75,7731.25,7733.25
1790847000,7733.25,7734.75,7732.50,7734.00
1790847300,7734.00,7735.50,7731.00,7731.50
1790847600,7731.25,7731.25,7728.50,7729.50
1790847900,7729.50,7734.75,7728.00,7731.75
1790848200,7731.75,7733.25,7728.00,7728.25
1790848500,7728.00,7729.50,7725.75,7727.75
1790848800,7727.50,7730.25,7719.75,7720.00
1790849100,7719.75,7724.75,7718.25,7724.00
1790849400,7723.50,7730.50,7723.50,7729.75
1790849700,7729.50,7733.75,7726.25,7730.75
1790850000,7730.75,7734.50,7729.75,7730.75
1790850300,7730.50,7733.50,7730.00,7732.50
1790850600,7732.50,7736.50,7732.25,7736.50
1790850900,7736.50,7737.25,7735.00,7736.50
1790851200,7736.50,7743.25,7735.75,7741.75
1790851500,7741.75,7744.00,7741.25,7743.50
1790851800,7743.75,7745.50,7742.00,7745.00
1790852100,7744.75,7744.75,7741.25,7743.00
1790852400,7743.00,7744.25,7739.50,7741.00
1790852700,7740.75,7742.00,7737.75,7738.25
1790853000,7738.00,7738.25,7732.75,7733.25
1790853300,7733.00,7733.25,7729.50,7730.00
1790853600,7729.75,7731.75,7726.25,7726.25
1790853900,7726.00,7729.75,7726.00,7729.00
1790854200,7729.25,7732.50,7728.25,7730.75
1790854500,7730.50,7736.25,7730.25,7735.25
1790854800,7735.25,7738.75,7734.75,7737.50
1790855100,7737.50,7743.50,7737.50,7742.00
1790855400,7742.00,7744.75,7740.50,7742.75
1790855700,7743.00,7744.75,7742.25,7743.50
1790856000,7743.50,7745.00,7741.75,7742.25
1790856300,7742.25,7744.50,7741.75,7743.25
1790856600,7743.00,7745.00,7741.00,7741.50
1790856900,7741.25,7744.75,7739.25,7742.50
1790857200,7742.50,7744.00,7738.25,7740.25
1790857500,7740.00,7742.50,7737.50,7742.00
1790857800,7742.25,7746.00,7740.50,7745.50
1790858100,7745.25,7748.75,7743.50,7746.50
1790858400,7746.50,7748.25,7741.00,7741.50
1790858700,7741.25,7743.00,7738.50,7741.50
1790859000,7741.50,7742.50,7735.50,7736.00
1790859300,7736.00,7736.50,7733.00,7733.50
1790859600,7733.50,7735.75,7731.50,7733.75
1790859900,7733.75,7741.00,7733.50,7737.75
1790860200,7737.50,7739.75,7734.75,7735.00
1790860500,7735.00,7735.50,7730.25,7732.50
1790860800,7732.50,7734.25,7728.50,7729.00
1790861100,7729.00,7734.00,7729.00,7730.00
1790861400,7729.75,7739.50,7720.50,7734.25
1790861700,7734.50,7740.00,7731.25,7732.50
1790862000,7732.75,7732.75,7717.50,7720.00
1790862300,7720.25,7725.25,7711.75,7712.00
1790862600,7712.00,7726.00,7712.00,7723.75
1790862900,7723.75,7726.75,7710.00,7711.25
1790863200,7711.50,7712.50,7683.75,7686.00
1790863500,7686.00,7702.00,7682.25,7701.25
1790863800,7701.50,7701.75,7688.00,7694.50
1790864100,7694.25,7698.50,7686.50,7691.50
1790864400,7691.50,7694.00,7683.00,7689.25
1790864700,7689.25,7696.00,7685.50,7689.75
1790865000,7689.50,7701.00,7686.75,7701.00
1790865300,7701.00,7707.00,7696.75,7705.75
1790865600,7705.75,7707.75,7698.50,7699.75
1790865900,7699.75,7707.00,7693.50,7697.75
1790866200,7697.75,7700.25,7686.00,7690.00
1790866500,7690.00,7698.50,7684.25,7689.25
1790866800,7689.25,7690.75,7677.50,7680.25
1790867100,7680.25,7684.00,7675.00,7677.75
1790867400,7677.75,7688.75,7672.75,7688.00
1790867700,7687.75,7697.00,7685.00,7692.50
1790868000,7692.50,7697.00,7688.25,7692.00
1790868300,7692.25,7698.75,7688.75,7689.25
1790868600,7689.50,7690.25,7679.75,7680.00
1790868900,7680.25,7693.75,7677.25,7690.00
1790869200,7690.25,7693.75,7678.00,7681.75
1790869500,7681.50,7688.75,7679.75,7686.50
1790869800,7686.25,7686.50,7677.25,7681.75
1790870100,7681.75,7694.25,7681.50,7691.25
1790870400,7691.50,7697.50,7687.00,7695.50
1790870700,7695.50,7698.00,7690.50,7694.00
1790871000,7693.75,7696.75,7689.00,7690.25
1790871300,7690.25,7701.25,7689.00,7695.25
1790871600,7695.00,7702.50,7692.50,7701.25
1790871900,7701.50,7702.00,7697.25,7697.50
1790872200,7697.75,7709.50,7696.25,7708.25
1790872500,7708.00,7711.00,7702.00,7703.75
1790872800,7703.75,7706.50,7699.25,7704.75
1790873100,7705.00,7708.00,7702.75,7703.50
1790873400,7703.50,7705.00,7692.50,7693.50
1790873700,7693.50,7694.50,7687.50,7694.00
1790874000,7693.75,7703.75,7691.75,7703.25
1790874300,7703.25,7705.00,7700.00,7701.25
1790874600,7701.25,7707.50,7700.25,7704.00
1790874900,7704.00,7712.50,7702.50,7710.50
1790875200,7710.50,7721.75,7710.25,7721.50
1790875500,7721.75,7725.00,7719.75,7722.00
1790875800,7722.25,7737.25,7721.75,7731.50
1790876100,7731.50,7731.75,7725.50,7727.75
1790876400,7728.00,7735.25,7726.00,7733.75
1790876700,7733.75,7738.75,7730.25,7730.25
1790877000,7730.50,7733.00,7723.25,7723.50
1790877300,7723.75,7726.50,7717.75,7720.75
1790877600,7720.75,7722.50,7713.50,7716.00
1790877900,7715.75,7716.75,7706.75,7711.75
1790878200,7711.75,7720.50,7709.50,7718.25
1790878500,7718.50,7723.50,7718.00,7720.25
1790878800,7720.00,7727.75,7715.00,7725.00
1790879100,7724.75,7727.75,7722.50,7726.75
1790879400,7726.75,7736.50,7722.25,7736.50
1790879700,7736.50,7736.75,7727.75,7728.50
1790880000,7728.75,7731.00,7725.75,7728.50
1790880300,7728.50,7729.25,7725.50,7727.75
1790880600,7728.00,7732.00,7726.25,7731.00
1790880900,7730.75,7733.50,7729.00,7733.25
1790881200,7733.25,7734.25,7727.00,7730.50
1790881500,7730.50,7731.75,7727.00,7730.75
1790881800,7730.50,7733.00,7729.00,7731.00
1790882100,7730.75,7732.00,7728.00,7731.75
1790882400,7731.75,7733.25,7728.25,7728.50
1790882700,7728.50,7730.25,7727.25,7730.00
1790883000,7729.75,7733.00,7728.00,7729.00
1790883300,7728.75,7732.25,7726.50,7730.75
1790883600,7730.50,7733.75,7730.25,7730.50
1790883900,7730.50,7735.25,7729.75,7732.75
1790884200,7732.75,7741.25,7729.50,7729.75
1790884500,7730.00,7730.00,7719.75,7726.00
1790884800,7726.00,7730.50,7724.75,7728.00
1790885100,7728.25,7731.25,7727.50,7730.00
1790885400,7729.75,7732.75,7728.75,7732.25
1790885700,7732.25,7732.50,7730.25,7731.25
1790886000,7731.50,7731.50,7730.00,7730.25
1790886300,7730.25,7731.25,7729.50,7729.75
1790886600,7729.75,7730.25,7728.50,7729.50
1790886900,7729.50,7729.75,7726.75,7726.75
1790887200,7726.75,7727.25,7726.50,7727.00
1790887500,7726.75,7727.00,7725.25,7726.00
1790887800,7726.00,7727.50,7725.00,7725.25
1790888100,7725.25,7726.00,7724.25,7725.00
1790892000,7724.00,7727.25,7723.25,7726.00
1790892300,7725.50,7730.50,7725.50,7728.00
1790892600,7728.00,7728.75,7725.75,7726.25
1790892900,7726.25,7726.50,7724.75,7726.25
1790893200,7726.50,7726.75,7724.00,7724.75
1790893500,7725.00,7726.75,7724.75,7726.50
1790893800,7726.50,7728.50,7726.25,7727.50
1790894100,7727.50,7728.50,7727.25,7727.75
1790894400,7727.75,7728.25,7726.75,7727.00
1790894700,7727.25,7727.75,7726.25,7727.00
1790895000,7727.00,7729.75,7726.75,7729.50
1790895300,7729.50,7732.75,7729.50,7732.00
1790895600,7732.00,7735.75,7729.75,7734.50
1790895900,7734.50,7734.75,7731.75,7733.00
1790896200,7733.00,7734.75,7732.25,7734.75
1790896500,7734.50,7735.00,7732.75,7734.75
1790896800,7734.75,7735.00,7732.00,7732.75
1790897100,7732.75,7733.50,7732.75,7733.00
1790897400,7733.00,7733.50,7728.75,7730.50
1790897700,7730.25,7731.25,7727.50,7728.25
1790898000,7728.00,7730.25,7727.25,7729.75
1790898300,7729.50,7730.50,7727.50,7730.50
1790898600,7730.50,7734.50,7729.75,7732.25
1790898900,7732.50,7734.25,7731.75,7733.25
